0.52793 0.19044 0.12547
0.55213 0.22214 0.12191
0.44320 0.15173 0.18520
0.48337 0.15819 0.17270
0.41539 0.13382 0.19000
0.69471 0.21604 0.14260
0.36666 0.11471 0.17445
0.74418 0.20878 0.11705
0.29311 0.08023 0.21001
0.64105 0.14010 0.13482
0.52084 0.33000 0.07586
0.13621 0.02243 0.52903
0.79237 0.60140 0.05613
0.23499 0.04817 0.39875
0.80183 0.47231 0.03737
0.12039 0.00975 0.40722
0.82768 0.49262 0.02045
0.09342 0.00979 0.42316
0.72295 0.31356 0.04279
0.29245 0.02986 0.22636
0.83104 0.19587 0.02120
0.12470 0.00453 0.10783
0.82387 0.11393 0.02329
0.16891 0.00837 0.21040
0.81301 0.38066 0.04442
0.03666 0.00206 0.54401
0.87777 0.59638 0.01262
0.03697 0.00197 0.58142
0.87440 0.61309 0.00376
0.02580 0.00053 0.48632
0.91777 0.51600 0.00032
0.01107 0.00011 0.53566
0.92771 0.45818 0.00011
0.00839 0.00005 0.59283
0.94574 0.63896 0.00010
0.00503 0.00005 0.74963
0.99998 0.98334 0.00001
0.00003 0.00002 0.96873
0.99994 0.96844 0.00002
0.00002 0.00001 0.98730
0.99999 0.98959 0.00001
0.00001 0.00001 0.99875
0.99999 0.99614 0.00000
0.00001 0.00001 0.99924
1.00000 1.00000 0.00000
0.53661 0.19955 0.10641
0.43874 0.11515 0.19753
0.38147 0.11558 0.20323
0.62770 0.25231 0.10431
0.43898 0.11168 0.21933
0.48906 0.16125 0.14385
0.41044 0.11818 0.23759
0.45707 0.15170 0.16535
0.71136 0.35761 0.09600
0.41882 0.11163 0.12059
0.64192 0.31699 0.09435
0.54835 0.24087 0.17155
0.34542 0.11035 0.28875
0.53008 0.13052 0.14767
0.61566 0.25434 0.10896
0.39181 0.06599 0.27269
0.40714 0.06522 0.11149
0.55437 0.07122 0.06227
0.41493 0.03719 0.09506
0.60722 0.07975 0.07818
0.23683 0.02810 0.14244
0.62789 0.13237 0.03892
0.53502 0.07301 0.07223
0.71346 0.12256 0.06228
0.23838 0.02552 0.07043
0.85938 0.22014 0.01926
0.06489 0.00326 0.34191
0.91466 0.30639 0.00670
0.04804 0.00136 0.30123
0.90852 0.27325 0.00390
0.01961 0.00030 0.41437
0.94569 0.24540 0.00023
0.02124 0.00016 0.19562
0.85368 0.23337 0.00059
0.13366 0.00085 0.16594
0.79577 0.15842 0.00024
0.09825 0.00064 0.09379
0.93407 0.00812 0.00010
0.10407 0.00015 0.00056
0.94449 0.00256 0.00007
0.10329 0.00011 0.00077
0.88497 0.00064 0.00007
0.11407 0.00010 0.00060
0.93697 0.00068 0.00006
0.00595 0.00004 0.00157
0.99131 0.00083 0.00002
0.00483 0.00004 0.00158
0.99531 0.00066 0.00003
0.00592 0.00004 0.00135
1.00000 0.00000 0.00000
0.54177 0.19652 0.11743
0.38587 0.09934 0.17040
0.48065 0.13506 0.15687
0.54048 0.16576 0.08294
0.55405 0.12164 0.10009
0.58640 0.20851 0.06481
0.52842 0.12770 0.12775
0.56461 0.17752 0.05632
0.68282 0.27766 0.07354
0.45692 0.23017 0.16130
0.43521 0.14633 0.31237
0.73028 0.48272 0.06522
0.37368 0.10141 0.26743
0.69201 0.24103 0.02215
0.27518 0.03201 0.17401
0.81049 0.29341 0.00901
0.38717 0.06652 0.15916
0.79661 0.20133 0.01231
0.23007 0.02093 0.12148
0.71607 0.11750 0.01556
0.17970 0.01626 0.10692
0.80764 0.23244 0.00660
0.26380 0.02613 0.16462
0.83344 0.09734 0.01187
0.54915 0.09550 0.08727
0.48174 0.03363 0.05382
0.39746 0.04402 0.07206
0.80472 0.03633 0.00914
0.36848 0.02921 0.07333
0.46634 0.01603 0.03483
0.63117 0.04595 0.02986
0.54294 0.07789 0.02758
0.41940 0.02133 0.02140
0.65614 0.01498 0.01535
0.44468 0.01888 0.01099
0.78428 0.01559 0.01077
0.20341 0.00019 0.00041
0.83477 0.00106 0.00010
0.26428 0.00021 0.00039
0.88961 0.00160 0.00009
0.11453 0.00013 0.00097
0.85723 0.00055 0.00008
0.12991 0.00010 0.00068
0.91409 0.00066 0.00006
0.06306 0.00006 0.00085
0.95718 0.00042 0.00004
0.05162 0.00006 0.00072
0.80151 0.00018 0.00010
0.02910 0.00005 0.00066
0.97122 0.00015 0.00003
0.45169 0.15371 0.15873
0.52520 0.18432 0.15118
0.47540 0.18116 0.15043
0.54765 0.18996 0.15412
0.37917 0.12256 0.20292
0.62643 0.23652 0.12203
0.33920 0.10343 0.20989
0.72876 0.30027 0.07808
0.31521 0.06959 0.19924
0.70961 0.24865 0.09144
0.35876 0.08238 0.16768
0.62323 0.15944 0.08732
0.40849 0.05319 0.08661
0.55795 0.08152 0.10693
0.51240 0.14559 0.05975
0.51477 0.06309 0.12350
0.43270 0.06990 0.05967
0.78223 0.14125 0.02846
0.28894 0.01962 0.08809
0.86878 0.16075 0.01066
0.27311 0.00836 0.08858
0.85854 0.17006 0.00827
0.24173 0.00742 0.05374
0.87084 0.13711 0.00848
0.19410 0.00523 0.03519
0.87105 0.11776 0.00676
0.14905 0.00424 0.05299
0.90529 0.13115 0.00311
0.27166 0.01372 0.11361
0.89885 0.13413 0.00354
0.19506 0.00410 0.08834
0.89024 0.10243 0.00345
0.15249 0.00097 0.09313
0.87184 0.15280 0.00042
0.09679 0.00024 0.11131
0.91907 0.10890 0.00012
0.08104 0.00019 0.21727
0.94860 0.17194 0.00006
0.00481 0.00003 0.14285
0.97329 0.20781 0.00004
0.00296 0.00004 0.12402
0.97627 0.21343 0.00005
0.00108 0.00005 0.14635
0.98435 0.31699 0.00003
0.00060 0.00005 0.24190
0.99978 0.21867 0.00003
0.00053 0.00007 0.22309
0.99973 0.32142 0.00003
0.00083 0.00009 0.18954
0.99973 0.26808 0.00003
0.00105 0.00015 0.27271
0.99959 0.20909 0.00004
0.00152 0.00019 0.21398
0.99885 0.38821 0.00010
0.00207 0.00012 0.07763
1.00000 0.00000 0.00000
0.64778 0.32964 0.06958
0.31527 0.06918 0.36157
0.65070 0.36380 0.07223
0.38785 0.10816 0.29728
0.60000 0.28575 0.06658
0.51492 0.17374 0.22152
0.53551 0.21945 0.07089
0.59506 0.25143 0.19060
0.57731 0.23244 0.05309
0.32922 0.08080 0.35298
0.60149 0.31496 0.04604
0.44100 0.08521 0.29208
0.59019 0.21093 0.03705
0.39528 0.04268 0.16934
0.82730 0.53200 0.02592
0.25023 0.01233 0.26577
0.71679 0.35628 0.04424
0.20573 0.00780 0.22518
0.74425 0.19252 0.03280
0.31837 0.02212 0.11776
0.88452 0.34456 0.01129
0.29289 0.00925 0.11157
0.60438 0.11673 0.06168
0.34737 0.01387 0.07446
0.69346 0.09575 0.02155
0.11287 0.00346 0.09991
0.88130 0.17125 0.01327
0.08364 0.00179 0.12780
0.90476 0.19813 0.00927
0.30870 0.04737 0.06677
0.26728 0.07200 0.28755
0.68963 0.32828 0.03041
0.12378 0.01971 0.45475
0.78072 0.29736 0.02534
0.13423 0.01474 0.47674
0.63761 0.22427 0.04714
0.40598 0.03987 0.18185
0.22629 0.02985 0.32119
0.18260 0.01903 0.02202
0.48214 0.05202 0.08989
0.55393 0.03035 0.00675
0.52970 0.02449 0.05925
0.80868 0.01005 0.00157
0.21261 0.00766 0.07897
0.84069 0.05521 0.00169
0.03874 0.00076 0.12151
0.99168 0.00974 0.00004
0.02632 0.00007 0.00183
0.99624 0.00800 0.00002
0.00871 0.00005 0.00181
0.99773 0.00663 0.00002
0.00722 0.00006 0.00185
0.99856 0.00819 0.00002
0.00535 0.00007 0.00303
0.99793 0.00462 0.00002
0.00286 0.00005 0.00256
0.99828 0.00227 0.00002
0.00323 0.00004 0.00207
1.00000 0.00000 0.00000
0.61534 0.26760 0.09905
0.51215 0.21080 0.14842
0.55051 0.21018 0.12243
0.56705 0.24361 0.11095
0.39750 0.16758 0.26852
0.69163 0.43265 0.09039
0.44280 0.24466 0.31349
0.49123 0.27345 0.28194
0.52050 0.23328 0.17283
0.66706 0.35210 0.17840
0.66541 0.42061 0.12357
0.66163 0.35061 0.22012
0.64811 0.47926 0.13030
0.56856 0.29881 0.31217
0.69476 0.54000 0.12204
0.60038 0.27339 0.28455
0.62929 0.46085 0.11536
0.55606 0.29814 0.38578
0.62600 0.50228 0.12897
0.56661 0.22412 0.35221
0.33653 0.20468 0.22690
0.77544 0.41883 0.14251
0.28514 0.14634 0.26853
0.66019 0.25388 0.13473
0.41286 0.11360 0.17311
0.47866 0.08669 0.15454
0.54866 0.13688 0.12105
0.55800 0.14235 0.13443
0.53704 0.08960 0.17032
0.54652 0.13633 0.10458
0.59814 0.05151 0.08701
0.33424 0.04064 0.06432
0.67531 0.04766 0.05463
0.28752 0.04512 0.09899
0.76878 0.09263 0.03315
0.29724 0.05615 0.03865
0.74100 0.01769 0.01184
0.22883 0.01541 0.06895
0.74485 0.01061 0.00950
0.40316 0.02390 0.02148
0.80628 0.01010 0.01678
0.29048 0.02263 0.02685
0.59167 0.00056 0.00014
0.35009 0.00029 0.00021
0.71953 0.00060 0.00012
0.46602 0.00038 0.00021
0.70343 0.00055 0.00013
0.42955 0.00034 0.00021
0.67337 0.00043 0.00015
0.36770 0.00022 0.00020
0.66743 0.00027 0.00013
0.33368 0.00016 0.00022
0.66285 0.00019 0.00014
0.31301 0.00012 0.00026
0.66547 0.00016 0.00015
0.30495 0.00010 0.00032
0.80454 0.00017 0.00011
0.19046 0.00008 0.00044
0.84842 0.00016 0.00009
0.15554 0.00008 0.00048
0.75410 0.00012 0.00012
0.30246 0.00008 0.00034
1.00000 0.00000 0.00000
0.43267 0.13494 0.16856
0.49142 0.15552 0.15840
0.48165 0.16144 0.15361
0.51507 0.15635 0.12911
0.43698 0.13963 0.18919
0.55443 0.20817 0.12288
0.40389 0.11996 0.19852
0.44584 0.10132 0.18126
0.42357 0.12417 0.12847
0.61373 0.17953 0.13606
0.41719 0.10413 0.11014
0.42207 0.09537 0.16037
0.46081 0.09718 0.11157
0.55178 0.17449 0.12689
0.52171 0.10600 0.09478
0.46498 0.04645 0.15695
0.75446 0.25306 0.02558
0.10427 0.00898 0.36695
0.90398 0.44208 0.01336
0.12937 0.00587 0.32054
0.88473 0.41154 0.01568
0.10702 0.00349 0.29825
0.82606 0.25234 0.01078
0.27688 0.01206 0.26060
0.78136 0.19494 0.00706
0.18023 0.00610 0.30707
0.85505 0.16654 0.00288
0.13984 0.00269 0.23337
0.89055 0.15325 0.00069
0.08332 0.00065 0.21231
0.99128 0.03074 0.00011
0.03344 0.00016 0.01246
0.98996 0.02413 0.00009
0.01122 0.00007 0.01537
0.99710 0.04776 0.00006
0.00076 0.00005 0.06408
0.99991 0.22869 0.00002
0.00059 0.00006 0.22254
0.99970 0.18485 0.00003
0.00090 0.00007 0.09936
0.99357 0.00110 0.00003
0.00605 0.00004 0.00134
0.99081 0.00064 0.00003
0.00496 0.00004 0.00154
1.00000 0.00000 0.00000
0.39610 0.09523 0.20327
0.60405 0.23388 0.08484
0.38878 0.07829 0.25573
0.55948 0.20070 0.08602
0.44506 0.08763 0.20794
0.59744 0.25195 0.07209
0.54990 0.16575 0.18119
0.52983 0.15103 0.07553
0.48049 0.06280 0.15477
0.43837 0.09068 0.06397
0.57617 0.05625 0.10962
0.36777 0.06572 0.08711
0.73599 0.13273 0.07653
0.18534 0.01902 0.14161
0.89372 0.28647 0.01862
0.13331 0.01088 0.16617
0.87888 0.25865 0.01861
0.16600 0.01147 0.15899
0.78431 0.15243 0.02615
0.16943 0.00658 0.07434
0.86593 0.13599 0.00405
0.15573 0.00280 0.10542
0.85858 0.20113 0.00409
0.13420 0.00069 0.04698
0.82427 0.00093 0.00009
0.28219 0.00016 0.00024
0.80373 0.00067 0.00008
0.22110 0.00012 0.00042
0.86016 0.00089 0.00007
0.16877 0.00013 0.00047
0.79203 0.00033 0.00009
0.21748 0.00011 0.00039
0.84720 0.00035 0.00007
0.22939 0.00010 0.00040
0.82184 0.00025 0.00008
0.16259 0.00008 0.00048
0.84658 0.00020 0.00008
0.20134 0.00008 0.00044
0.90422 0.00020 0.00006
0.15074 0.00008 0.00049
0.84263 0.00016 0.00009
0.02625 0.00005 0.00069
0.96762 0.00014 0.00003
0.02751 0.00005 0.00062
1.00000 0.00000 0.00000
0.50690 0.17619 0.13791
0.47006 0.13536 0.16503
0.52695 0.18831 0.11552
0.55709 0.21607 0.15206
0.53711 0.20629 0.12754
0.40377 0.10163 0.23586
0.59481 0.21798 0.08515
0.38862 0.10613 0.24204
0.62059 0.21062 0.08134
0.38636 0.12513 0.23596
0.54996 0.15882 0.10950
0.37678 0.08518 0.16427
0.70553 0.23391 0.05093
0.32993 0.04240 0.05592
0.70759 0.14398 0.05538
0.32582 0.04475 0.06518
0.60519 0.07126 0.08211
0.45896 0.18946 0.12031
0.60204 0.08276 0.10323
0.49914 0.17149 0.08574
0.54035 0.01949 0.04275
0.29542 0.01169 0.01930
0.70936 0.02513 0.01431
0.21265 0.01096 0.01558
0.81276 0.01336 0.00336
0.29548 0.00947 0.02575
0.87405 0.02160 0.00222
0.06478 0.00009 0.00191
0.98100 0.00513 0.00005
0.01122 0.00005 0.00428
0.99533 0.00436 0.00002
0.00272 0.00005 0.00539
0.99879 0.00822 0.00002
0.00296 0.00005 0.00273
0.99658 0.00186 0.00003
0.00419 0.00004 0.00175
0.99396 0.00080 0.00003
0.00464 0.00004 0.00158
0.99698 0.00102 0.00003
0.00373 0.00004 0.00187
1.00000 0.00000 0.00000
0.48981 0.15788 0.13310
0.47331 0.14179 0.14602
0.45901 0.15182 0.14281
0.51664 0.18508 0.11988
0.44775 0.14724 0.15820
0.56042 0.24428 0.12271
0.35286 0.11328 0.23648
0.57754 0.21409 0.15385
0.31839 0.08630 0.24252
0.54484 0.17085 0.18547
0.31419 0.07677 0.20064
0.61735 0.14409 0.12469
0.38853 0.11604 0.20143
0.47255 0.08978 0.21098
0.41812 0.09956 0.17832
0.62603 0.14231 0.11182
0.39786 0.06642 0.15050
0.51167 0.13937 0.18044
0.50399 0.12937 0.10491
0.30939 0.03390 0.11502
0.74260 0.14371 0.03312
0.22325 0.01933 0.15928
0.75635 0.14384 0.03321
0.23104 0.02763 0.13129
0.79725 0.10688 0.02020
0.23999 0.02778 0.14256
0.84638 0.08344 0.00742
0.21921 0.01925 0.13275
0.85681 0.15832 0.01119
0.17541 0.01389 0.18453
0.95358 0.01083 0.00056
0.00272 0.00004 0.00831
0.99835 0.00836 0.00002
0.00505 0.00005 0.00311
0.99877 0.00964 0.00001
0.00434 0.00006 0.00386
0.99528 0.00186 0.00002
0.00648 0.00004 0.00138
0.99109 0.00063 0.00003
0.00663 0.00004 0.00123
0.99458 0.00095 0.00003
0.00396 0.00004 0.00178
0.99377 0.00049 0.00003
0.00542 0.00004 0.00143
1.00000 0.00000 0.00000
0.55688 0.19081 0.12005
0.33703 0.06633 0.18540
0.55845 0.15144 0.12606
0.49327 0.21907 0.13587
0.54793 0.20194 0.18371
0.34528 0.09238 0.23457
0.59979 0.27181 0.13596
0.51467 0.23657 0.16135
0.33803 0.07833 0.36904
0.64327 0.35123 0.07203
0.27533 0.06076 0.37461
0.59504 0.25539 0.08441
0.41785 0.08864 0.19620
0.57116 0.13745 0.09223
0.18835 0.02473 0.25972
0.73583 0.23727 0.05693
0.13077 0.01404 0.31955
0.74268 0.10286 0.02165
0.41197 0.06463 0.10349
0.34825 0.06238 0.11652
0.59660 0.09807 0.07097
0.53421 0.03637 0.03723
0.38100 0.01659 0.02319
0.72265 0.13933 0.00422
0.14395 0.00432 0.17082
0.74938 0.12571 0.00424
0.47275 0.04249 0.03700
0.23937 0.00021 0.00026
0.44597 0.00038 0.00022
0.49388 0.00036 0.00016
0.61532 0.00054 0.00019
0.35824 0.00020 0.00025
0.68440 0.00040 0.00013
0.34067 0.00020 0.00023
0.63151 0.00025 0.00014
0.34993 0.00015 0.00023
0.72164 0.00025 0.00012
0.23428 0.00010 0.00037
0.76502 0.00019 0.00011
0.32250 0.00011 0.00031
0.66918 0.00016 0.00014
0.46755 0.00012 0.00023
0.52521 0.00013 0.00020
0.47918 0.00012 0.00023
0.52355 0.00012 0.00021
0.52244 0.00012 0.00021
0.53656 0.00010 0.00020
0.54318 0.00010 0.00020
1.00000 0.00000 0.00000
0.52341 0.19568 0.12912
0.51155 0.19776 0.14022
0.55153 0.22632 0.13565
0.63781 0.34755 0.10553
0.40609 0.13060 0.27855
0.69644 0.46019 0.07829
0.37609 0.12367 0.30795
0.45616 0.20002 0.17693
0.56130 0.20466 0.14640
0.41992 0.20526 0.15424
0.50138 0.10115 0.17045
0.45602 0.10457 0.12306
0.51486 0.09767 0.11508
0.47897 0.11608 0.10495
0.68095 0.19191 0.12793
0.41171 0.05720 0.06512
0.70291 0.07353 0.04106
0.40301 0.01921 0.03544
0.58144 0.08042 0.04957
0.19308 0.01091 0.20114
0.85928 0.20458 0.01486
0.19081 0.02360 0.17048
0.57571 0.06554 0.07936
0.54718 0.18697 0.04773
0.21430 0.05099 0.06228
0.40210 0.07244 0.11392
0.47112 0.15667 0.05771
0.41306 0.05395 0.11746
0.08092 0.01276 0.10590
0.67205 0.15172 0.06331
0.08757 0.00830 0.29223
0.67336 0.17835 0.06507
0.06531 0.00357 0.16884
0.86693 0.11432 0.01259
0.10148 0.00575 0.13651
0.92264 0.18504 0.00549
0.04661 0.00195 0.21621
0.93783 0.11420 0.00468
0.03379 0.00070 0.08181
0.96167 0.07315 0.00239
0.04528 0.00118 0.05669
0.92310 0.03996 0.00285
0.08200 0.00358 0.06653
0.99545 0.01714 0.00004
0.00559 0.00005 0.00522
0.99910 0.02946 0.00002
0.00147 0.00006 0.04348
0.99966 0.06219 0.00002
0.00194 0.00007 0.03292
0.99822 0.00605 0.00002
0.00414 0.00005 0.00239
0.99455 0.00117 0.00003
0.00463 0.00004 0.00155
0.99345 0.00052 0.00003
0.00521 0.00004 0.00146
1.00000 0.00000 0.00000
0.66366 0.31592 0.08039
0.33010 0.09599 0.26465
0.60345 0.22865 0.11049
0.35320 0.10643 0.22200
0.57785 0.16745 0.12754
0.53635 0.25901 0.13374
0.44679 0.11786 0.20521
0.37426 0.13088 0.19273
0.45677 0.10463 0.21272
0.52726 0.23227 0.11627
0.44433 0.13036 0.29223
0.66068 0.34335 0.06866
0.45861 0.08980 0.30053
0.56033 0.31142 0.07373
0.48712 0.08042 0.28282
0.30998 0.14655 0.14144
0.52556 0.08950 0.26554
0.46476 0.25683 0.08273
0.57618 0.03960 0.28852
0.24983 0.09947 0.10148
0.82149 0.05229 0.06050
0.21647 0.06215 0.11991
0.61477 0.06539 0.06415
0.19646 0.03601 0.14993
0.78436 0.13609 0.02567
0.15203 0.04929 0.23252
0.79565 0.27729 0.04124
0.11464 0.02091 0.36302
0.81515 0.27563 0.03378
0.17250 0.01531 0.17909
0.67537 0.14970 0.04396
0.39939 0.01969 0.07095
0.80671 0.23895 0.02811
0.13157 0.00778 0.13536
0.91132 0.41368 0.02360
0.09533 0.00526 0.36316
0.94455 0.48470 0.01518
0.06183 0.00278 0.50886
0.97668 0.59067 0.00402
0.06197 0.00238 0.51073
0.97300 0.54612 0.00369
0.02599 0.00083 0.56780
0.95091 0.51802 0.00447
0.06285 0.00109 0.44289
0.92340 0.53106 0.00115
0.00091 0.00002 0.50558
0.94214 0.64674 0.00024
0.00030 0.00001 0.61992
0.96962 0.67945 0.00011
0.02439 0.00026 0.56905
0.99995 0.62454 0.00002
0.00023 0.00006 0.63131
0.99975 0.36132 0.00003
0.00099 0.00016 0.34292
0.99957 0.35427 0.00005
0.00139 0.00026 0.47666
0.99840 0.18066 0.00005
0.66358 0.23114 0.07008
0.35816 0.08706 0.17966
0.69568 0.29007 0.06652
0.37156 0.07216 0.16900
0.61098 0.16314 0.11259
0.33714 0.06034 0.18064
0.67944 0.16980 0.09691
0.37913 0.06296 0.14041
0.77260 0.26050 0.03554
0.33044 0.03933 0.14757
0.73029 0.22327 0.05611
0.25458 0.01887 0.15232
0.78512 0.16631 0.02688
0.41947 0.21993 0.12786
0.76696 0.18327 0.06337
0.29558 0.04665 0.09748
0.75285 0.16743 0.05041
0.40856 0.08216 0.08816
0.64578 0.16280 0.07165
0.41520 0.02414 0.07269
0.48185 0.09543 0.08221
0.27153 0.01091 0.08552
0.71516 0.10606 0.02891
0.12173 0.00436 0.14362
0.83846 0.16286 0.01982
0.08960 0.00196 0.10673
0.89593 0.06819 0.00228
0.14756 0.00378 0.06523
0.73340 0.04124 0.00336
0.23156 0.00422 0.06260
0.84031 0.04008 0.00232
0.19858 0.00496 0.15054
0.91257 0.06520 0.00289
0.16062 0.00703 0.17430
0.71403 0.05784 0.01833
0.74305 0.04713 0.00572
0.20677 0.00392 0.04996
0.89140 0.04047 0.00337
0.02732 0.00007 0.00311
0.99256 0.00771 0.00004
0.00780 0.00005 0.00352
0.99775 0.00711 0.00002
0.00560 0.00005 0.00249
0.99571 0.00210 0.00002
0.00567 0.00005 0.00157
0.99650 0.00258 0.00002
0.00341 0.00004 0.00204
0.99554 0.00136 0.00003
0.00492 0.00004 0.00154
0.99498 0.00072 0.00002
0.00600 0.00004 0.00138
1.00000 0.00000 0.00000
0.47206 0.14800 0.14949
0.51827 0.17253 0.14759
0.47687 0.14775 0.14651
0.56250 0.18359 0.10343
0.36736 0.06416 0.14163
0.69894 0.23326 0.04152
0.31175 0.05133 0.17437
0.70624 0.22243 0.04381
0.32233 0.03988 0.14656
0.65662 0.28467 0.06693
0.51879 0.18919 0.17526
0.57807 0.14744 0.07482
0.61720 0.23831 0.08228
0.61987 0.24753 0.06450
0.61499 0.21976 0.11927
0.54180 0.12095 0.06571
0.73539 0.24341 0.04087
0.23144 0.02863 0.17541
0.67273 0.13432 0.04324
0.46736 0.13781 0.03653
0.70174 0.14900 0.04114
0.28494 0.01600 0.03178
0.82692 0.13719 0.01067
0.22865 0.01078 0.04223
0.85542 0.12666 0.00845
0.13597 0.00324 0.04201
0.89613 0.12818 0.00521
0.29184 0.03418 0.05184
0.82696 0.07010 0.01070
0.46748 0.04621 0.02290
0.75057 0.04906 0.01052
0.16025 0.00406 0.03214
0.84562 0.06796 0.00356
0.18476 0.00822 0.01391
0.88790 0.00150 0.00009
0.24195 0.00027 0.00039
0.90122 0.00175 0.00009
0.15448 0.00018 0.00052
0.92947 0.00239 0.00008
0.22355 0.00022 0.00031
0.80301 0.00083 0.00010
0.31155 0.00021 0.00035
0.78421 0.00060 0.00010
0.31933 0.00019 0.00028
0.65082 0.00028 0.00013
0.43895 0.00021 0.00017
0.59874 0.00023 0.00015
0.39576 0.00016 0.00020
0.61633 0.00019 0.00016
0.40019 0.00014 0.00021
0.65021 0.00015 0.00015
0.34136 0.00011 0.00029
0.80909 0.00017 0.00010
0.18005 0.00008 0.00044
0.93164 0.00018 0.00006
0.07033 0.00006 0.00058
0.94722 0.00014 0.00004
0.05584 0.00005 0.00057
1.00000 0.00000 0.00000
0.47017 0.15512 0.16927
0.46930 0.16089 0.16434
0.52109 0.18666 0.16597
0.46732 0.16615 0.16223
0.62923 0.23273 0.09865
0.29038 0.07542 0.24828
0.74442 0.31267 0.07031
0.18264 0.01968 0.28083
0.76721 0.35731 0.05696
0.17339 0.01240 0.29705
0.77143 0.28664 0.04050
0.17457 0.01005 0.25649
0.81909 0.26357 0.02892
0.20911 0.03067 0.20553
0.73954 0.24136 0.09003
0.26190 0.02579 0.12485
0.51413 0.08878 0.16498
0.24586 0.02955 0.13903
0.79377 0.15469 0.03913
0.24992 0.00661 0.09360
0.85772 0.07487 0.01027
0.23706 0.00521 0.09135
0.83114 0.07639 0.00764
0.17994 0.00219 0.09095
0.85034 0.06839 0.00361
0.08866 0.00036 0.11193
0.90238 0.04758 0.00034
0.02861 0.00009 0.02370
0.91712 0.03450 0.00019
0.03020 0.00007 0.01613
0.98545 0.00513 0.00004
0.01090 0.00006 0.00235
0.98199 0.00059 0.00003
0.01350 0.00005 0.00093
0.97657 0.00036 0.00003
0.02211 0.00005 0.00077
0.97143 0.00027 0.00004
0.02023 0.00005 0.00076
0.97432 0.00023 0.00004
0.02812 0.00005 0.00068
0.96835 0.00016 0.00003
0.02803 0.00005 0.00066
1.00000 0.00000 0.00000
0.48657 0.16699 0.15741
0.52460 0.18611 0.14626
0.42201 0.14957 0.19734
0.62231 0.24315 0.12251
0.29331 0.08323 0.26011
0.66792 0.22059 0.09708
0.26422 0.09486 0.26779
0.71638 0.19980 0.08103
0.21681 0.06662 0.27056
0.66927 0.19280 0.08390
0.11258 0.02044 0.34974
0.78819 0.27912 0.05214
0.13343 0.02296 0.35356
0.67311 0.15458 0.08449
0.41413 0.15276 0.16042
0.28104 0.07085 0.32730
0.46366 0.10745 0.07751
0.41044 0.07236 0.14808
0.80345 0.33640 0.02179
0.40191 0.03368 0.10603
0.85163 0.10402 0.00516
0.17942 0.00420 0.08567
0.88477 0.11777 0.00326
0.16085 0.00383 0.10241
0.81680 0.10741 0.00751
0.19819 0.00431 0.08179
0.78063 0.12036 0.01866
0.18082 0.00551 0.08107
0.73770 0.05162 0.01636
0.19089 0.00659 0.06616
0.84196 0.04661 0.00742
0.06261 0.00073 0.04590
0.88716 0.05706 0.00038
0.07284 0.00037 0.01803
0.98530 0.00570 0.00005
0.01644 0.00006 0.00229
0.99802 0.01460 0.00002
0.00189 0.00005 0.00977
0.99939 0.02317 0.00002
0.00235 0.00006 0.00904
0.99239 0.00092 0.00003
0.00531 0.00004 0.00142
0.99413 0.00099 0.00003
0.00540 0.00004 0.00145
0.99621 0.00095 0.00003
0.00425 0.00004 0.00169
1.00000 0.00000 0.00000
0.45925 0.13672 0.18536
0.56872 0.20422 0.09694
0.45142 0.11662 0.15231
0.71179 0.35226 0.05528
0.36651 0.10963 0.29421
0.74058 0.45607 0.05502
0.28289 0.06247 0.44208
0.39070 0.11649 0.16033
0.40949 0.13773 0.13643
0.63047 0.22160 0.09407
0.18449 0.04851 0.36622
0.75809 0.33478 0.05294
0.76039 0.27693 0.09656
0.44914 0.26021 0.12374
0.54399 0.16595 0.41314
0.70762 0.57702 0.04295
0.40444 0.07114 0.50837
0.70721 0.57318 0.03470
0.31044 0.02828 0.62574
0.77252 0.63985 0.01732
0.30164 0.02609 0.62988
0.75083 0.62618 0.02124
0.68857 0.23768 0.17913
0.55215 0.09145 0.02985
0.55568 0.13104 0.10814
0.65463 0.06390 0.01906
0.68716 0.20356 0.06728
0.64099 0.07221 0.02309
0.67465 0.20076 0.09329
0.67329 0.12606 0.04117
0.57722 0.06469 0.04516
0.32414 0.03481 0.05753
0.53390 0.05144 0.03991
0.51230 0.14349 0.02167
0.49235 0.05108 0.09325
0.38846 0.04565 0.01821
0.45968 0.07607 0.09031
0.37005 0.03441 0.02010
0.47098 0.04505 0.08726
0.34708 0.03704 0.04790
0.25913 0.02190 0.17384
0.88264 0.15784 0.00355
0.01864 0.00042 0.12615
0.99961 0.13433 0.00003
0.00578 0.00011 0.03942
0.99967 0.09772 0.00003
0.00155 0.00008 0.06263
0.99980 0.13204 0.00002
0.00155 0.00007 0.05639
0.99946 0.02582 0.00002
0.00378 0.00007 0.01108
0.99961 0.04682 0.00002
0.00290 0.00009 0.02202
0.99963 0.06753 0.00002
0.00147 0.00023 0.26986
0.99860 0.30181 0.00010
0.00198 0.00010 0.06911
1.00000 1.00000 0.00000
0.51668 0.15794 0.12573
0.43886 0.12402 0.14767
0.44923 0.13446 0.16472
0.49216 0.15020 0.19061
0.44796 0.12434 0.14983
0.52866 0.18544 0.16513
0.45064 0.16037 0.15788
0.55830 0.17632 0.13789
0.39779 0.09149 0.19218
0.56267 0.13617 0.10480
0.31785 0.03301 0.21599
0.64641 0.12238 0.04875
0.36422 0.01897 0.17685
0.54767 0.07723 0.05905
0.39438 0.02967 0.15003
0.65021 0.15591 0.04343
0.33695 0.02267 0.16748
0.73030 0.15391 0.03498
0.22442 0.01590 0.24707
0.87443 0.30729 0.01943
0.19774 0.01636 0.22908
0.49633 0.19169 0.10929
0.15845 0.01584 0.45893
0.74925 0.45479 0.02826
0.23338 0.01541 0.38955
0.71422 0.36031 0.03054
0.25475 0.02028 0.51595
0.82344 0.41959 0.02610
0.12668 0.00398 0.38929
0.92644 0.51312 0.00158
0.04256 0.00035 0.39311
0.90654 0.47082 0.00087
0.02511 0.00011 0.32180
0.91744 0.55070 0.00036
0.01575 0.00008 0.36353
0.92630 0.45870 0.00024
0.00669 0.00005 0.31769
0.92780 0.30060 0.00017
0.00241 0.00002 0.31233
0.99956 0.04402 0.00002
0.00136 0.00006 0.04948
0.99963 0.07043 0.00002
0.00107 0.00018 0.38610
0.99918 0.16387 0.00004
0.00210 0.00010 0.07168
1.00000 0.00000 0.00000
0.58199 0.22505 0.09869
0.44526 0.13659 0.19999
0.53986 0.16904 0.12384
0.44278 0.16235 0.19267
0.39800 0.13365 0.27905
0.57731 0.30084 0.12506
0.54170 0.19469 0.22293
0.55024 0.26762 0.13150
0.52855 0.18514 0.23006
0.46883 0.14600 0.09775
0.48493 0.18637 0.26804
0.50479 0.16692 0.20497
0.61580 0.29929 0.13031
0.47526 0.14436 0.24133
0.62076 0.34026 0.10002
0.39612 0.14118 0.42434
0.67729 0.44183 0.07277
0.41120 0.09751 0.45406
0.62990 0.44681 0.07798
0.46009 0.09606 0.42144
0.51662 0.28954 0.09057
0.66939 0.17505 0.23396
0.53388 0.32973 0.06840
0.83085 0.30851 0.10589
0.23089 0.07471 0.25171
0.67565 0.34518 0.09536
0.55062 0.18463 0.15672
0.58885 0.21474 0.11111
0.29390 0.09268 0.32501
0.59961 0.30704 0.16367
0.37644 0.12707 0.23516
0.57542 0.26436 0.14947
0.29193 0.08192 0.23596
0.88779 0.37058 0.03622
0.13750 0.01706 0.12489
0.86037 0.30394 0.02944
0.14509 0.03609 0.20389
0.59923 0.22944 0.04023
0.32586 0.06140 0.13094
0.57036 0.24295 0.04012
0.30429 0.03186 0.17071
0.87907 0.32986 0.01065
0.15906 0.01037 0.10659
0.88471 0.35348 0.01570
0.28049 0.02904 0.13006
0.76506 0.12238 0.03933
0.27892 0.01824 0.07090
0.85627 0.18156 0.01326
0.02839 0.00085 0.12221
0.91692 0.15180 0.00305
0.01605 0.00018 0.14629
0.93020 0.12135 0.00059
0.00933 0.00006 0.06868
0.99346 0.01472 0.00005
0.00440 0.00004 0.00790
0.99862 0.01392 0.00002
0.00176 0.00005 0.01577
0.99945 0.02809 0.00002
0.00243 0.00006 0.00931
0.99657 0.00247 0.00003
0.00320 0.00004 0.00218
0.99622 0.00144 0.00003
0.00459 0.00004 0.00160
0.99547 0.00067 0.00003
0.54231 0.20960 0.13583
0.50999 0.17760 0.14317
0.49072 0.18058 0.17367
0.52296 0.19124 0.13743
0.51672 0.18863 0.17618
0.42922 0.15240 0.17184
0.59169 0.27329 0.12367
0.37843 0.10435 0.28389
0.67350 0.27897 0.08424
0.33856 0.16751 0.37073
0.62646 0.26654 0.12290
0.35424 0.12300 0.30846
0.68026 0.32641 0.06369
0.42448 0.10579 0.19614
0.40472 0.10003 0.14986
0.37477 0.04632 0.15316
0.46763 0.11216 0.12229
0.35587 0.03954 0.19210
0.54090 0.24014 0.10676
0.40525 0.08395 0.24124
0.60824 0.12979 0.04858
0.63020 0.24759 0.09897
0.34787 0.03982 0.13780
0.75148 0.26999 0.04341
0.38949 0.02442 0.07069
0.56016 0.06803 0.03436
0.44380 0.02583 0.06445
0.71104 0.11358 0.05205
0.60293 0.09503 0.04762
0.44626 0.02784 0.04947
0.69203 0.20348 0.04722
0.56797 0.02412 0.02615
0.49999 0.03856 0.04457
0.64940 0.03450 0.01603
0.42374 0.02843 0.03602
0.68372 0.03450 0.01758
0.20302 0.00332 0.02839
0.70684 0.03034 0.00434
0.13324 0.00127 0.03410
0.90568 0.02427 0.00037
0.04897 0.00010 0.00135
0.98642 0.00392 0.00004
0.01661 0.00007 0.00150
0.97914 0.00072 0.00003
0.01780 0.00005 0.00099
0.98090 0.00047 0.00003
0.01681 0.00005 0.00090
0.97743 0.00030 0.00003
0.01462 0.00004 0.00087
0.97395 0.00022 0.00004
0.01414 0.00004 0.00077
1.00000 0.00000 0.00000
0.50621 0.18157 0.14633
0.44051 0.14196 0.21040
0.41991 0.12560 0.21826
0.58685 0.22587 0.11556
0.40901 0.10128 0.19553
0.55436 0.16738 0.09485
0.37543 0.08760 0.22549
0.47383 0.14226 0.13012
0.44947 0.09801 0.19430
0.41449 0.11765 0.17043
0.57686 0.13967 0.12978
0.40314 0.07248 0.11592
0.54000 0.09126 0.10466
0.39813 0.09241 0.09313
0.65003 0.13083 0.11089
0.22697 0.03934 0.23818
0.81572 0.24761 0.03125
0.24720 0.02301 0.16729
0.83797 0.25999 0.02365
0.23568 0.01409 0.11816
0.74926 0.17375 0.04048
0.16519 0.00258 0.05703
0.79072 0.14761 0.02067
0.15592 0.00247 0.08529
0.82686 0.08280 0.00192
0.21016 0.00427 0.10111
0.80540 0.07114 0.00054
0.17840 0.00232 0.07637
0.46247 0.02747 0.00038
0.54479 0.00668 0.02472
0.63714 0.01294 0.00024
0.58027 0.00540 0.01246
0.43899 0.00392 0.00033
0.10218 0.00052 0.02937
0.82738 0.01546 0.00014
0.27190 0.00211 0.01086
0.81490 0.00043 0.00008
0.13077 0.00011 0.00049
0.86011 0.00023 0.00007
0.12071 0.00009 0.00051
0.78436 0.00020 0.00011
0.21586 0.00009 0.00041
0.82992 0.00020 0.00009
0.01575 0.00004 0.00080
0.94027 0.00017 0.00005
0.05657 0.00005 0.00058
0.95061 0.00013 0.00004
0.45917 0.15448 0.15694
0.76302 0.40321 0.06655
0.43500 0.14149 0.19139
0.65033 0.28865 0.11760
0.42987 0.17065 0.16546
0.40527 0.09034 0.23952
0.57500 0.22171 0.09498
0.41007 0.06991 0.21198
0.50622 0.18023 0.10578
0.47715 0.09503 0.16148
0.47317 0.13659 0.13504
0.50011 0.10208 0.15127
0.47782 0.11879 0.09145
0.56899 0.07457 0.10603
0.39095 0.07377 0.07750
0.73287 0.17239 0.07013
0.26001 0.04070 0.10146
0.64981 0.08355 0.07422
0.29197 0.03070 0.10468
0.76146 0.21860 0.03019
0.20887 0.01513 0.13441
0.78658 0.29509 0.03771
0.09097 0.00466 0.29748
0.93114 0.59686 0.01503
0.13727 0.00487 0.26204
0.91295 0.49776 0.01666
0.05623 0.00083 0.26334
0.93775 0.56380 0.00898
0.18519 0.00980 0.32513
0.92902 0.40974 0.00126
0.05828 0.00046 0.33295
0.92150 0.43617 0.00027
0.00165 0.00003 0.50041
0.97580 0.83450 0.00005
0.00026 0.00001 0.88873
0.97118 0.66682 0.00003
0.00004 0.00001 0.98337
0.99997 0.98102 0.00001
0.00005 0.00003 0.95140
0.99994 0.96787 0.00002
0.00007 0.00003 0.96849
0.99995 0.97436 0.00002
0.00001 0.00001 0.99901
1.00000 1.00000 0.00000
0.57162 0.23486 0.11904
0.46211 0.13624 0.18253
0.54184 0.25059 0.13285
0.55747 0.21377 0.18282
0.52485 0.28499 0.14201
0.48425 0.16778 0.17952
0.37339 0.12564 0.20896
0.43633 0.11612 0.21777
0.47297 0.16321 0.13387
0.47766 0.12496 0.19400
0.66608 0.38695 0.09620
0.19722 0.04930 0.49202
0.72121 0.41733 0.05476
0.25012 0.02783 0.23200
0.70707 0.28921 0.04241
0.28052 0.04401 0.20739
0.67400 0.23442 0.04592
0.39834 0.12327 0.16476
0.63396 0.19904 0.05887
0.21271 0.02714 0.18741
0.70956 0.09034 0.03107
0.14592 0.01314 0.10313
0.85911 0.24059 0.01080
0.11142 0.00307 0.11828
0.91687 0.02572 0.00103
0.22001 0.00995 0.05505
0.93302 0.00396 0.00015
0.09462 0.00012 0.00085
0.93492 0.00252 0.00008
0.07728 0.00012 0.00138
0.93214 0.00184 0.00007
0.09257 0.00011 0.00132
0.97209 0.00206 0.00004
0.01810 0.00007 0.00249
0.99644 0.00431 0.00002
0.02391 0.00007 0.00157
0.99094 0.00229 0.00002
0.01446 0.00007 0.00134
0.99342 0.00186 0.00002
0.00964 0.00005 0.00106
0.98661 0.00057 0.00003
0.00714 0.00004 0.00121
0.98894 0.00051 0.00003
0.00526 0.00004 0.00147
1.00000 0.00000 0.00000
0.52776 0.17172 0.15502
0.34391 0.09437 0.19056
0.65586 0.18522 0.10327
0.28801 0.06687 0.23463
0.69260 0.21973 0.09939
0.24458 0.05429 0.26603
0.79817 0.29673 0.08117
0.21741 0.08418 0.28317
0.80395 0.21887 0.09180
0.25167 0.05784 0.21141
0.80356 0.20949 0.07896
0.22873 0.04411 0.23629
0.90067 0.37714 0.03082
0.15061 0.01672 0.21782
0.89673 0.40909 0.02305
0.12900 0.01517 0.27046
0.87747 0.42368 0.04763
0.11444 0.02456 0.42205
0.97795 0.72925 0.00810
0.03656 0.00480 0.58870
0.97167 0.73455 0.01581
0.05351 0.00344 0.50044
0.91687 0.53064 0.01471
0.27622 0.00885 0.33944
0.78058 0.21616 0.00529
0.38686 0.00874 0.18016
0.70323 0.14069 0.00675
0.12192 0.00118 0.34027
0.91086 0.15646 0.00029
0.08693 0.00031 0.17116
0.90170 0.13148 0.00016
0.04662 0.00011 0.20590
0.87701 0.14508 0.00016
0.02788 0.00006 0.13068
0.93345 0.05954 0.00006
0.01675 0.00004 0.05193
0.99538 0.01064 0.00003
0.00346 0.00004 0.00662
0.99915 0.01693 0.00002
0.00335 0.00005 0.00514
0.99939 0.02390 0.00001
0.00241 0.00005 0.00820
0.99925 0.01848 0.00002
0.00255 0.00006 0.00942
0.99869 0.00922 0.00002
0.00305 0.00004 0.00224
0.99704 0.00194 0.00003
0.00456 0.00004 0.00164
0.99188 0.00039 0.00003
0.01036 0.00004 0.00095
1.00000 0.00000 0.00000
0.51594 0.18292 0.13572
0.43792 0.12997 0.18002
0.62332 0.30598 0.09103
0.42717 0.14305 0.20529
0.63246 0.27553 0.07461
0.44340 0.13170 0.16255
0.59611 0.20258 0.09867
0.47634 0.15761 0.13505
0.64117 0.28961 0.09053
0.27090 0.07329 0.33473
0.73378 0.42522 0.06850
0.35241 0.09868 0.22933
0.75145 0.37505 0.03454
0.17002 0.02612 0.38591
0.68481 0.26536 0.03707
0.33940 0.03699 0.19210
0.85663 0.48246 0.00894
0.10748 0.00820 0.57820
0.91314 0.68856 0.00469
0.27706 0.05386 0.44922
0.48971 0.34449 0.11352
0.15429 0.01081 0.33830
0.88736 0.42293 0.01190
0.20310 0.01439 0.26017
0.86848 0.33389 0.01503
0.10582 0.00563 0.21634
0.89218 0.27018 0.00433
0.38175 0.07206 0.16790
0.88000 0.22953 0.00277
0.09546 0.00223 0.21363
0.93634 0.47655 0.00023
0.02934 0.00036 0.28416
0.89096 0.32384 0.00030
0.01533 0.00019 0.19158
0.91160 0.43374 0.00017
0.00570 0.00012 0.20418
0.99988 0.18502 0.00002
0.00058 0.00007 0.21373
0.99974 0.11701 0.00002
0.00128 0.00009 0.08815
0.99967 0.14521 0.00003
0.00185 0.00014 0.10908
0.99922 0.10305 0.00005
0.00195 0.00021 0.13204
0.99859 0.23640 0.00008
0.00216 0.00009 0.01249
1.00000 0.00000 0.00000
0.54726 0.19636 0.12407
0.42227 0.12219 0.18700
0.55503 0.19686 0.12900
0.47841 0.18683 0.15752
0.46444 0.12995 0.18119
0.47794 0.14633 0.15487
0.50470 0.12781 0.16940
0.45553 0.18629 0.13351
0.52208 0.16901 0.21519
0.44974 0.23262 0.16707
0.57507 0.19300 0.22413
0.34801 0.07764 0.18168
0.82989 0.37718 0.03956
0.25488 0.12081 0.23438
0.73521 0.31493 0.16085
0.27809 0.18600 0.17174
0.43903 0.13441 0.44131
0.26200 0.19727 0.19970
0.69509 0.16828 0.23074
0.30905 0.21564 0.15437
0.58954 0.13443 0.26339
0.28893 0.15103 0.20258
0.88912 0.43432 0.04759
0.07599 0.02179 0.39933
0.93253 0.62790 0.02599
0.03009 0.00693 0.47473
0.92112 0.59754 0.02730
0.10515 0.01412 0.40902
0.47619 0.17141 0.31707
0.33556 0.14883 0.18065
0.38995 0.12205 0.27405
0.32991 0.12606 0.26499
0.79125 0.38273 0.06522
0.16456 0.02809 0.39775
0.86585 0.49284 0.02404
0.08700 0.00644 0.41953
0.84384 0.33239 0.01560
0.16578 0.00966 0.23844
0.56324 0.08840 0.01657
0.38310 0.01440 0.05855
0.49934 0.06838 0.01718
0.47047 0.01669 0.04298
0.73352 0.13700 0.00576
0.45579 0.01262 0.05276
0.56319 0.02592 0.00765
0.46208 0.00852 0.02989
0.63598 0.03669 0.01134
0.15257 0.00013 0.00052
0.81777 0.00091 0.00009
0.19109 0.00014 0.00048
0.66463 0.00026 0.00012
0.03145 0.00007 0.00088
0.97859 0.00050 0.00003
0.01645 0.00005 0.00098
0.91505 0.00023 0.00006
0.11883 0.00007 0.00056
0.87899 0.00017 0.00007
0.15952 0.00008 0.00048
0.86362 0.00016 0.00008
0.14008 0.00007 0.00049
0.90420 0.00013 0.00006
0.22007 0.00005 0.00043
0.59364 0.25053 0.10540
0.43640 0.15056 0.19543
0.53987 0.18760 0.13730
0.50989 0.17659 0.15716
0.50343 0.15283 0.14595
0.55325 0.21794 0.13803
0.50139 0.15128 0.14567
0.32859 0.06689 0.25669
0.65409 0.30032 0.09816
0.39171 0.10384 0.24035
0.42935 0.12643 0.17815
0.42175 0.09376 0.23759
0.37876 0.05599 0.18505
0.55783 0.11610 0.09679
0.49778 0.07594 0.08148
0.47144 0.05767 0.06075
0.42602 0.02241 0.06815
0.67631 0.13842 0.02867
0.30808 0.02294 0.09769
0.63506 0.08990 0.03585
0.16449 0.00791 0.15718
0.60913 0.11852 0.02852
0.11673 0.00413 0.21822
0.75052 0.15547 0.02249
0.05885 0.00300 0.36944
0.80324 0.21433 0.01481
0.05901 0.00375 0.30347
0.79476 0.18348 0.01084
0.08063 0.00313 0.17465
0.85976 0.21803 0.00724
0.17415 0.01374 0.16681
0.27628 0.02017 0.02109
0.66581 0.01439 0.01556
0.28643 0.01365 0.01898
0.66348 0.01072 0.00672
0.29644 0.02203 0.02989
0.19830 0.00818 0.03716
0.52753 0.03091 0.02517
0.51382 0.02169 0.01945
0.57107 0.02055 0.01006
0.31721 0.00026 0.00036
0.65130 0.00032 0.00012
0.32400 0.00017 0.00029
0.65852 0.00027 0.00012
0.31944 0.00014 0.00025
0.34304 0.00011 0.00027
0.29277 0.00010 0.00034
0.83111 0.00017 0.00009
0.14205 0.00008 0.00050
0.50069 0.00012 0.00022
0.49938 0.00012 0.00022
0.53422 0.00011 0.00020
0.46676 0.15139 0.14895
0.51054 0.16963 0.13374
0.59596 0.25237 0.10312
0.47075 0.19917 0.19353
0.67567 0.34184 0.10880
0.36034 0.09975 0.24749
0.76894 0.40668 0.07556
0.32111 0.10234 0.29291
0.69445 0.30176 0.10372
0.25300 0.04936 0.28511
0.74404 0.37351 0.06496
0.22172 0.03920 0.31449
0.66631 0.21015 0.08701
0.34402 0.06839 0.25422
0.60256 0.20500 0.10874
0.38791 0.09390 0.20360
0.82054 0.43770 0.03074
0.30818 0.04830 0.28429
0.72996 0.30265 0.04992
0.33663 0.03372 0.19864
0.58832 0.14015 0.03905
0.40397 0.04660 0.17595
0.63223 0.13270 0.04608
0.54943 0.08630 0.08111
0.56269 0.07350 0.04241
0.38919 0.01550 0.02839
0.71483 0.08050 0.02332
0.46932 0.02038 0.01418
0.51617 0.02005 0.01928
0.61889 0.01571 0.01082
0.53293 0.02979 0.01634
0.59335 0.00056 0.00015
0.37278 0.00030 0.00022
0.68448 0.00064 0.00015
0.36843 0.00031 0.00030
0.74415 0.00056 0.00012
0.18890 0.00012 0.00058
0.76400 0.00029 0.00010
0.19147 0.00010 0.00042
0.79411 0.00025 0.00010
0.16921 0.00009 0.00040
0.90117 0.00024 0.00007
0.08105 0.00007 0.00054
0.92335 0.00021 0.00006
0.07947 0.00006 0.00056
0.96382 0.00021 0.00004
0.03388 0.00005 0.00068
0.96940 0.00015 0.00003
0.39084 0.07193 0.13037
0.56042 0.18429 0.11070
0.41872 0.10958 0.13179
0.48675 0.15161 0.14177
0.57035 0.23534 0.11202
0.50186 0.14468 0.14726
0.75489 0.47436 0.05331
0.62707 0.28277 0.14146
0.39528 0.12365 0.18057
0.67354 0.27126 0.09216
0.52214 0.20790 0.16721
0.67606 0.24549 0.08887
0.37066 0.09368 0.20319
0.75919 0.28434 0.04665
0.25045 0.02739 0.20763
0.95359 0.61828 0.00526
0.11044 0.00474 0.37874
0.96201 0.73280 0.00827
0.08310 0.00305 0.38673
0.86810 0.25831 0.00559
0.18057 0.01063 0.24469
0.84394 0.22051 0.01009
0.16759 0.00763 0.21678
0.82223 0.11421 0.00736
0.12211 0.00358 0.20468
0.86581 0.18791 0.00148
0.03594 0.00066 0.30363
0.90794 0.48510 0.00041
0.03535 0.00068 0.46184
0.92289 0.35629 0.00031
0.02495 0.00021 0.31511
0.95309 0.47787 0.00020
0.04482 0.00060 0.39685
0.86545 0.59043 0.00070
0.11303 0.00155 0.17309
0.89293 0.27882 0.00043
0.07628 0.00078 0.09601
0.89148 0.10790 0.00048
0.08382 0.00147 0.04652
0.81120 0.06110 0.00065
0.17567 0.00420 0.22309
0.78645 0.06758 0.00098
0.10180 0.00075 0.03802
0.81968 0.04637 0.00081
0.17312 0.00090 0.02638
0.96461 0.00230 0.00005
0.01361 0.00006 0.00154
0.99426 0.00217 0.00002
0.03070 0.00007 0.00067
0.97575 0.00042 0.00003
0.00751 0.00004 0.00112
0.99511 0.00128 0.00003
0.00533 0.00004 0.00145
0.99666 0.00117 0.00002
0.00548 0.00004 0.00144
1.00000 0.00000 0.00000
0.52425 0.17440 0.11192
0.37202 0.11894 0.20833
0.61311 0.22153 0.09033
0.32734 0.09755 0.24434
0.52898 0.16707 0.10816
0.44278 0.11232 0.15847
0.56019 0.18512 0.10682
0.43465 0.10407 0.19900
0.50699 0.19029 0.10852
0.41840 0.09260 0.22774
0.40652 0.12658 0.13586
0.57524 0.06475 0.16793
0.23929 0.07570 0.14315
0.65471 0.07005 0.11072
0.22340 0.05000 0.12009
0.82586 0.10887 0.04308
0.34192 0.16528 0.09898
0.78136 0.11454 0.05172
0.50279 0.23508 0.09096
0.73294 0.10578 0.07905
0.16781 0.02824 0.13514
0.83754 0.23459 0.03393
0.11393 0.00853 0.15662
0.85737 0.21582 0.02046
0.14387 0.00799 0.13858
0.84608 0.17952 0.01620
0.25356 0.00777 0.10427
0.85075 0.08056 0.01319
0.24514 0.00389 0.06141
0.80847 0.03721 0.00984
0.05403 0.00012 0.01535
0.96762 0.00487 0.00007
0.00201 0.00005 0.00976
0.99176 0.00108 0.00003
0.00307 0.00005 0.00205
0.99739 0.00227 0.00003
0.00287 0.00004 0.00219
0.99784 0.00174 0.00002
0.00400 0.00004 0.00178
1.00000 0.00000 0.00000
0.52549 0.17232 0.14057
0.38129 0.10846 0.20656
0.67260 0.25456 0.10827
0.28173 0.04207 0.31416
0.58870 0.20906 0.09800
0.38145 0.05141 0.27776
0.73054 0.40260 0.03496
0.35851 0.07357 0.30486
0.57021 0.18832 0.06069
0.48116 0.07448 0.25089
0.77305 0.48279 0.02636
0.40068 0.01821 0.24798
0.55091 0.13053 0.04265
0.58844 0.12582 0.10043
0.72789 0.14541 0.05021
0.33585 0.04364 0.12078
0.80533 0.30289 0.03636
0.20444 0.01214 0.08827
0.77322 0.26977 0.05241
0.23835 0.01547 0.05582
0.85781 0.30746 0.02957
0.09375 0.00278 0.18789
0.88012 0.11834 0.00707
0.14616 0.00325 0.07492
0.92230 0.24530 0.00631
0.03144 0.00021 0.06083
0.94703 0.15462 0.00032
0.01735 0.00011 0.04584
0.96775 0.10264 0.00005
0.00644 0.00005 0.02900
0.97320 0.09780 0.00008
0.00444 0.00004 0.02864
0.97915 0.06680 0.00003
0.00180 0.00003 0.05556
0.97410 0.09082 0.00005
0.00095 0.00005 0.14411
0.99963 0.08447 0.00002
0.00150 0.00007 0.03155
0.99947 0.03821 0.00002
0.00209 0.00008 0.02337
0.99851 0.01048 0.00004
0.00229 0.00005 0.00317
0.99714 0.00108 0.00003
0.00442 0.00004 0.00166
1.00000 0.00000 0.00000
0.58259 0.21612 0.09941
0.49396 0.18627 0.14774
0.62269 0.29895 0.10385
0.48534 0.19628 0.17538
0.53666 0.23326 0.18085
0.38400 0.13352 0.21088
0.59594 0.21751 0.15366
0.52343 0.22286 0.13545
0.34489 0.10424 0.41643
0.70389 0.43103 0.07961
0.34193 0.08345 0.49794
0.65240 0.40491 0.08577
0.42360 0.08255 0.41076
0.59124 0.31607 0.09272
0.59361 0.12615 0.24969
0.58648 0.28980 0.06706
0.20764 0.02014 0.57529
0.67222 0.39127 0.04199
0.13923 0.01396 0.53356
0.81575 0.46926 0.01945
0.03356 0.00228 0.81973
0.90951 0.62934 0.01093
0.04562 0.00286 0.82695
0.81583 0.52796 0.02694
0.06560 0.00325 0.69493
0.88435 0.60854 0.01358
0.03420 0.00209 0.73910
0.92544 0.52555 0.00472
0.02502 0.00108 0.60020
0.92367 0.54157 0.00207
0.16588 0.01389 0.48620
0.70562 0.26200 0.03754
0.07735 0.00682 0.74231
0.93488 0.75345 0.01183
0.12652 0.00891 0.59564
0.47860 0.31303 0.12577
0.17439 0.01065 0.64700
0.62069 0.40345 0.12337
0.37595 0.03265 0.21446
0.50988 0.21206 0.13592
0.53513 0.07656 0.20870
0.72678 0.15884 0.04940
0.24170 0.02963 0.38822
0.84763 0.09516 0.03156
0.27432 0.02373 0.12654
0.71076 0.07333 0.05211
0.27436 0.02346 0.18073
0.84522 0.13360 0.02859
0.34512 0.01910 0.16473
0.71425 0.15327 0.05661
0.18909 0.01244 0.36741
0.90552 0.27152 0.01484
0.14081 0.00865 0.35086
0.74306 0.15430 0.04083
0.18689 0.01676 0.32541
0.90266 0.28857 0.01598
0.12293 0.00780 0.48404
0.90027 0.24230 0.00772
0.13519 0.00849 0.40077
0.99751 0.81055 0.00003
0.00016 0.00006 0.82435
0.99998 0.93437 0.00001
0.00007 0.00004 0.88156
0.99997 0.92232 0.00001
0.00003 0.00002 0.97297
0.99997 0.97766 0.00001
0.00004 0.00003 0.97255
0.99998 0.98888 0.00001
0.00001 0.00001 0.99920
1.00000 1.00000 0.00000
0.60551 0.23671 0.09009
0.44674 0.11788 0.17746
0.54538 0.17157 0.11673
0.43030 0.12350 0.20289
0.46098 0.15125 0.15726
0.59247 0.17270 0.16810
0.36716 0.12069 0.18705
0.68953 0.19237 0.13457
0.34984 0.11318 0.23746
0.50821 0.13581 0.20596
0.39647 0.10378 0.22135
0.57671 0.21524 0.17713
0.51854 0.20165 0.12456
0.55482 0.12777 0.19796
0.32616 0.06100 0.09289
0.71806 0.16271 0.09802
0.33907 0.04268 0.10871
0.73839 0.09859 0.03623
0.29928 0.04348 0.09623
0.80100 0.16863 0.03615
0.20045 0.02149 0.17609
0.83072 0.26250 0.02932
0.17692 0.01651 0.12173
0.83588 0.22333 0.02436
0.15537 0.00903 0.15889
0.77431 0.15348 0.01726
0.23923 0.01044 0.06621
0.83889 0.08610 0.00651
0.15243 0.00291 0.07917
0.85679 0.11676 0.00394
0.26606 0.00833 0.06882
0.87784 0.09844 0.00090
0.09141 0.00047 0.07372
0.91111 0.07969 0.00076
0.03695 0.00020 0.06999
0.94403 0.06987 0.00040
0.01293 0.00006 0.04147
0.99724 0.02064 0.00003
0.00641 0.00005 0.00885
0.99783 0.01366 0.00002
0.00302 0.00005 0.00609
0.99841 0.00799 0.00002
0.00381 0.00005 0.00281
0.99908 0.01456 0.00002
0.00345 0.00005 0.00327
0.99747 0.00389 0.00002
0.00336 0.00004 0.00205
0.99634 0.00156 0.00003
0.00437 0.00004 0.00167
0.99549 0.00068 0.00003
0.60885 0.29861 0.11580
0.34917 0.10247 0.29919
0.53010 0.20117 0.12861
0.68809 0.38122 0.11425
0.41715 0.15262 0.22028
0.62965 0.27554 0.16425
0.28619 0.06420 0.32148
0.72399 0.37291 0.10676
0.18811 0.02037 0.31265
0.81666 0.34475 0.02824
0.20303 0.01838 0.25946
0.77312 0.27566 0.03713
0.17454 0.02159 0.20757
0.94511 0.55776 0.01013
0.03859 0.00747 0.56492
0.96941 0.76214 0.00811
0.02541 0.00221 0.58093
0.96956 0.80530 0.00821
0.04325 0.00327 0.59163
0.96588 0.79822 0.00657
0.03198 0.00152 0.63947
0.94790 0.53258 0.00266
0.01104 0.00015 0.79394
0.96637 0.64974 0.00015
0.02099 0.00024 0.34540
0.97571 0.72757 0.00006
0.00622 0.00004 0.58419
0.97951 0.61762 0.00004
0.00491 0.00002 0.46503
0.97462 0.67463 0.00004
0.00233 0.00001 0.64447
0.96939 0.73735 0.00005
0.00216 0.00001 0.67566
0.98908 0.88974 0.00002
0.00156 0.00001 0.86065
0.99452 0.91746 0.00001
0.00075 0.00000 0.88774
0.99127 0.87026 0.00001
0.00052 0.00000 0.87947
0.99995 0.97358 0.00002
0.00001 0.00001 0.99868
1.00000 1.00000 0.00000
0.55993 0.22500 0.11156
0.52773 0.22757 0.18863
0.49490 0.16572 0.15187
0.53206 0.19138 0.12344
0.54614 0.13884 0.11883
0.36089 0.08421 0.17075
0.67304 0.17644 0.04690
0.38833 0.09555 0.16813
0.77387 0.27123 0.02862
0.20980 0.00867 0.15102
0.79648 0.14303 0.00990
0.22385 0.00847 0.09390
0.78044 0.10941 0.01588
0.26867 0.02685 0.09954
0.80137 0.08466 0.01097
0.43002 0.07491 0.03724
0.77451 0.04122 0.01698
0.46732 0.09573 0.02505
0.80232 0.03595 0.01034
0.22417 0.01467 0.04082
0.81240 0.05343 0.00810
0.17320 0.00743 0.04494
0.93559 0.00173 0.00006
0.04552 0.00008 0.00097
0.98108 0.00117 0.00003
0.02851 0.00006 0.00076
0.98638 0.00104 0.00002
0.01531 0.00005 0.00078
0.99021 0.00112 0.00003
0.00900 0.00005 0.00099
0.94328 0.00021 0.00005
0.04464 0.00006 0.00058
0.94516 0.00018 0.00005
0.03857 0.00005 0.00064
0.97312 0.00016 0.00003
0.41311 0.13310 0.19015
0.52136 0.18282 0.14223
0.43309 0.12978 0.18614
0.50767 0.16938 0.14101
0.40435 0.11174 0.19139
0.50554 0.14959 0.14398
0.46454 0.16800 0.15570
0.50530 0.14662 0.16054
0.36533 0.10886 0.21786
0.61328 0.20103 0.11595
0.19315 0.04250 0.32562
0.68634 0.17160 0.06200
0.15821 0.01408 0.25083
0.68445 0.27486 0.04671
0.24061 0.01510 0.19944
0.56918 0.09036 0.02549
0.37421 0.04659 0.10897
0.21212 0.02673 0.24158
0.50683 0.11099 0.07152
0.17688 0.01068 0.18906
0.55795 0.05314 0.05932
0.22808 0.00867 0.06217
0.57034 0.04554 0.09523
0.34990 0.02412 0.06317
0.77399 0.05993 0.02051
0.39194 0.04783 0.04691
0.30939 0.02941 0.08818
0.38805 0.06505 0.09467
0.76083 0.04879 0.02102
0.38336 0.05105 0.05480
0.98126 0.02423 0.00146
0.23425 0.01629 0.14365
0.84768 0.17491 0.00907
0.03036 0.00114 0.20328
0.88531 0.23540 0.00553
0.01810 0.00040 0.27275
0.99976 0.11607 0.00002
0.00189 0.00005 0.02988
0.99966 0.04318 0.00002
0.00125 0.00004 0.01357
0.99958 0.03282 0.00001
0.00133 0.00004 0.01115
0.99634 0.00310 0.00002
0.00318 0.00006 0.00483
0.99877 0.00760 0.00002
0.00283 0.00005 0.00276
0.99714 0.00205 0.00003
0.00266 0.00004 0.00239
1.00000 0.00000 0.00000
0.54095 0.18279 0.11618
0.42205 0.11037 0.17356
0.56227 0.20206 0.10460
0.43373 0.12940 0.16219
0.65722 0.27674 0.08475
0.37131 0.06929 0.15444
0.65979 0.22626 0.07770
0.40119 0.12277 0.16047
0.61363 0.21475 0.12668
0.33317 0.09195 0.19440
0.59357 0.17327 0.11764
0.31497 0.07530 0.17795
0.58906 0.13047 0.13678
0.48051 0.18443 0.15462
0.51100 0.08101 0.15843
0.43691 0.10491 0.08470
0.51588 0.16783 0.19088
0.56644 0.21016 0.08577
0.40096 0.08269 0.14953
0.71473 0.23929 0.02379
0.21318 0.04792 0.41473
0.84472 0.22122 0.01555
0.11995 0.01292 0.35140
0.91027 0.49315 0.01301
0.07656 0.00575 0.52210
0.90577 0.19699 0.00623
0.06968 0.00464 0.34441
0.86192 0.16759 0.01291
0.11158 0.00640 0.24677
0.89945 0.21357 0.01435
0.07875 0.00490 0.29818
0.90098 0.18039 0.00838
0.18213 0.00883 0.16683
0.79443 0.10268 0.01677
0.36647 0.02855 0.11054
0.82090 0.06994 0.00625
0.21239 0.00763 0.07688
0.81390 0.04562 0.00473
0.22111 0.01331 0.08632
0.78504 0.03943 0.00875
0.11655 0.00576 0.08946
0.97929 0.00771 0.00008
0.04574 0.00008 0.00246
0.99302 0.00877 0.00004
0.01855 0.00006 0.00190
0.99780 0.00944 0.00002
0.00468 0.00005 0.00340
0.99848 0.00762 0.00002
0.00440 0.00005 0.00270
0.98333 0.00047 0.00003
0.01671 0.00005 0.00089
0.93201 0.00019 0.00006
0.01743 0.00004 0.00075
1.00000 0.00000 0.00000
0.56393 0.23401 0.10727
0.37443 0.10061 0.23698
0.67233 0.35439 0.06910
0.26077 0.07574 0.42633
0.65233 0.36479 0.09153
0.32908 0.09453 0.34848
0.73219 0.50615 0.07089
0.36374 0.12369 0.33879
0.72727 0.46174 0.06606
0.39832 0.12887 0.31098
0.76841 0.60728 0.07682
0.22202 0.05453 0.49464
0.83969 0.64710 0.04172
0.29548 0.08602 0.36691
0.83114 0.59121 0.02795
0.28897 0.04385 0.33363
0.77028 0.38768 0.01475
0.47687 0.13372 0.21376
0.73336 0.38193 0.02261
0.29316 0.02803 0.23645
0.78891 0.33732 0.00824
0.23839 0.02187 0.25162
0.76185 0.28309 0.01373
0.24210 0.01727 0.22779
0.88835 0.38688 0.00434
0.23086 0.03387 0.30696
0.90645 0.23277 0.00302
0.12361 0.00311 0.34457
0.87406 0.29448 0.00130
0.05139 0.00028 0.28153
0.91363 0.61289 0.00037
0.10605 0.00147 0.45522
0.75133 0.50322 0.00105
0.05963 0.00068 0.65362
0.64014 0.44749 0.00265
0.04327 0.00047 0.71798
0.90068 0.73429 0.00081
0.03178 0.00028 0.68850
0.98219 0.83851 0.00009
0.04552 0.00062 0.75838
0.94506 0.74821 0.00016
0.00007 0.00001 0.97772
0.97616 0.89019 0.00006
0.00003 0.00001 0.99488
1.00000 0.99670 0.00000
0.00000 0.00000 0.99973
0.99999 0.99458 0.00000
0.00000 0.00000 0.99971
1.00000 1.00000 0.00000
0.45309 0.14037 0.16817
0.44120 0.15377 0.14347
0.59421 0.24067 0.12928
0.32817 0.08801 0.26067
0.64499 0.27430 0.08226
0.32599 0.06603 0.20526
0.64670 0.23122 0.07116
0.29632 0.04292 0.15446
0.70442 0.24434 0.05482
0.27842 0.03551 0.15806
0.70302 0.20147 0.04615
0.28370 0.03027 0.10546
0.77542 0.20889 0.02676
0.24184 0.02225 0.11998
0.73232 0.20227 0.04430
0.32326 0.07120 0.13212
0.81842 0.18150 0.02796
0.30164 0.03053 0.10552
0.76879 0.08753 0.02794
0.32435 0.03753 0.05183
0.79681 0.09669 0.02665
0.28535 0.02343 0.03978
0.82832 0.10322 0.01209
0.27312 0.01119 0.05739
0.64167 0.06839 0.01123
0.51322 0.01573 0.03864
0.72014 0.05036 0.00949
0.36652 0.00485 0.04849
0.69550 0.00077 0.00017
0.28387 0.00017 0.00025
0.73498 0.00078 0.00012
0.33259 0.00019 0.00024
0.64003 0.00046 0.00012
0.37215 0.00017 0.00025
0.52731 0.00022 0.00014
0.55519 0.00019 0.00015
0.30315 0.00011 0.00029
0.62330 0.00016 0.00014
0.37612 0.00012 0.00024
0.68571 0.00016 0.00013
0.28044 0.00010 0.00032
0.71827 0.00015 0.00013
0.25399 0.00009 0.00037
0.86115 0.00016 0.00008
0.26045 0.00009 0.00038
0.72095 0.00014 0.00013
0.26380 0.00009 0.00037
0.77146 0.00012 0.00011
0.54318 0.00010 0.00020
0.53406 0.18336 0.11562
0.45002 0.14104 0.16250
0.52124 0.18376 0.12257
0.34542 0.09058 0.24154
0.65497 0.25752 0.07428
0.36036 0.07515 0.18214
0.63675 0.23215 0.06972
0.35239 0.08868 0.21271
0.79487 0.40450 0.04584
0.35627 0.07516 0.19724
0.69010 0.25668 0.06488
0.42379 0.14139 0.16571
0.63463 0.15840 0.07390
0.35379 0.07359 0.13649
0.65873 0.13664 0.05874
0.31809 0.04807 0.13831
0.72152 0.16011 0.04983
0.53235 0.14657 0.07327
0.48709 0.05827 0.10768
0.77345 0.37829 0.02355
0.47703 0.07174 0.09394
0.34925 0.02863 0.08355
0.58363 0.06789 0.06430
0.43159 0.03026 0.07765
0.51852 0.04303 0.07704
0.39733 0.03143 0.07476
0.72552 0.04459 0.03771
0.24480 0.01114 0.05488
0.84520 0.06255 0.01314
0.16151 0.00425 0.04928
0.85391 0.10008 0.00935
0.22005 0.01379 0.05842
0.93937 0.02379 0.00143
0.04150 0.00011 0.00692
0.89753 0.00152 0.00008
0.07698 0.00009 0.00116
0.96187 0.00203 0.00005
0.01944 0.00007 0.00163
0.97856 0.00058 0.00003
0.01189 0.00005 0.00130
0.98007 0.00044 0.00003
0.01766 0.00005 0.00096
0.98494 0.00049 0.00003
0.01951 0.00005 0.00086
0.97912 0.00031 0.00003
0.01584 0.00004 0.00084
0.97902 0.00020 0.00003
0.02873 0.00005 0.00071
0.50784 0.17233 0.14005
0.50759 0.20609 0.15099
0.54623 0.24881 0.15269
0.50508 0.18772 0.19136
0.43965 0.17994 0.24308
0.47540 0.16756 0.20011
0.49151 0.20604 0.19167
0.46849 0.13869 0.17652
0.53986 0.20120 0.13745
0.66729 0.28997 0.11976
0.36992 0.13058 0.27102
0.62225 0.23724 0.09875
0.48624 0.23472 0.16906
0.57857 0.18365 0.15198
0.38011 0.07773 0.12968
0.42997 0.03760 0.10323
0.61265 0.20477 0.04258
0.43543 0.12168 0.24684
0.35352 0.10963 0.23168
0.66583 0.27734 0.11427
0.38937 0.11485 0.15700
0.72826 0.28568 0.08128
0.53324 0.24080 0.09017
0.56878 0.10519 0.09036
0.50315 0.13679 0.05950
0.52784 0.07796 0.12293
0.60531 0.27134 0.08326
0.62993 0.16357 0.09094
0.25056 0.02160 0.16460
0.75440 0.09723 0.02592
0.27769 0.01449 0.07104
0.75660 0.09221 0.01623
0.28262 0.02107 0.08294
0.50933 0.08935 0.10236
0.42030 0.07140 0.11152
0.62400 0.18790 0.06672
0.52563 0.10647 0.07581
0.41274 0.05056 0.12118
0.50505 0.08348 0.04870
0.38393 0.03357 0.13753
0.68528 0.24843 0.03432
0.17113 0.01259 0.33607
0.84583 0.46575 0.02112
0.05644 0.00311 0.51253
0.83741 0.25208 0.01258
0.07244 0.00427 0.38350
0.86227 0.15740 0.00451
0.22317 0.02179 0.12640
0.79679 0.02773 0.00676
0.34251 0.03717 0.06003
0.84830 0.00086 0.00008
0.21549 0.00015 0.00040
0.81450 0.00045 0.00008
0.10129 0.00010 0.00047
0.95590 0.00046 0.00004
0.05265 0.00007 0.00051
0.94855 0.00030 0.00004
0.01756 0.00005 0.00066
0.98992 0.00062 0.00003
0.00895 0.00004 0.00100
0.98894 0.00047 0.00003
0.00882 0.00004 0.00104
0.98772 0.00027 0.00003
0.01190 0.00004 0.00085
1.00000 0.00000 0.00000
0.55819 0.23834 0.13158
0.43837 0.17942 0.19953
0.64723 0.30805 0.10419
0.37129 0.11684 0.24427
0.60882 0.26241 0.10978
0.42246 0.15915 0.19790
0.57112 0.23695 0.13473
0.40610 0.13280 0.22012
0.59013 0.22749 0.14395
0.42737 0.11909 0.18471
0.39402 0.10964 0.22441
0.31174 0.04731 0.15345
0.76692 0.26400 0.04798
0.25129 0.02466 0.19000
0.85494 0.42511 0.03194
0.12944 0.01255 0.37628
0.71662 0.31394 0.02590
0.48088 0.07501 0.21390
0.38740 0.13511 0.48155
0.38253 0.18431 0.20093
0.45375 0.10294 0.41832
0.29183 0.13296 0.19932
0.64729 0.16639 0.21109
0.29907 0.15657 0.19403
0.43262 0.07513 0.43976
0.36077 0.20439 0.15936
0.46505 0.11334 0.41969
0.27451 0.15982 0.23068
0.47131 0.14552 0.48524
0.35412 0.25096 0.24463
0.54308 0.19047 0.36544
0.30793 0.22008 0.24444
0.40660 0.09238 0.38190
0.44231 0.30392 0.20148
0.29489 0.06154 0.49558
0.53839 0.42979 0.10308
0.23813 0.04042 0.56281
0.70124 0.49572 0.07654
0.20486 0.03384 0.46364
0.48553 0.12999 0.10842
0.59631 0.09757 0.07962
0.69762 0.13238 0.06027
0.17865 0.02086 0.36309
0.78589 0.32313 0.03781
0.09171 0.01025 0.41029
0.86856 0.34133 0.02420
0.11066 0.01221 0.36891
0.86177 0.09096 0.01362
0.20732 0.00794 0.04849
0.89359 0.10314 0.00856
0.25274 0.01365 0.07238
0.84943 0.07202 0.00771
0.26107 0.00981 0.04666
0.83149 0.05376 0.01249
0.28279 0.00935 0.05455
0.80249 0.05804 0.01616
0.23992 0.00847 0.10027
0.98013 0.00640 0.00006
0.08022 0.00010 0.00168
0.98211 0.00392 0.00004
0.02215 0.00007 0.00160
0.99411 0.00294 0.00002
0.01641 0.00007 0.00124
0.99454 0.00216 0.00002
0.01540 0.00006 0.00082
0.98380 0.00053 0.00003
0.01790 0.00005 0.00068
0.97617 0.00027 0.00003
0.01485 0.00005 0.00075
0.97361 0.00022 0.00003
0.01269 0.00004 0.00084
0.98039 0.00019 0.00003
0.01182 0.00004 0.00086
1.00000 0.00000 0.00000
0.56952 0.22405 0.09619
0.42618 0.09563 0.15939
0.61459 0.25616 0.08233
0.34906 0.04944 0.18286
0.62690 0.23353 0.07021
0.27536 0.04033 0.23029
0.70248 0.27837 0.04777
0.15294 0.01000 0.28812
0.81576 0.23917 0.03352
0.26871 0.03109 0.22169
0.76280 0.38981 0.04239
0.29080 0.04843 0.25878
0.73054 0.22084 0.04247
0.19572 0.01798 0.26047
0.74340 0.27762 0.03579
0.22054 0.02754 0.28222
0.80039 0.29432 0.03327
0.23139 0.02676 0.21731
0.90715 0.52238 0.01331
0.06460 0.00246 0.44564
0.95098 0.64819 0.00783
0.06437 0.00237 0.45964
0.95841 0.64703 0.00677
0.05056 0.00123 0.50029
0.93672 0.39727 0.00484
0.10652 0.00147 0.09860
0.92384 0.17780 0.00152
0.05932 0.00033 0.12002
0.90483 0.23582 0.00028
0.03560 0.00013 0.24808
0.90998 0.21919 0.00015
0.05588 0.00029 0.12984
0.95651 0.29196 0.00012
0.01216 0.00004 0.17243
0.96410 0.26486 0.00008
0.03175 0.00014 0.12672
0.99056 0.00325 0.00003
0.01676 0.00006 0.00210
0.98831 0.00095 0.00003
0.02597 0.00006 0.00099
0.98849 0.00086 0.00003
0.01182 0.00004 0.00106
0.98902 0.00064 0.00003
0.01514 0.00005 0.00098
0.98204 0.00035 0.00003
0.01579 0.00004 0.00085
0.97990 0.00020 0.00003
0.57985 0.27487 0.13599
0.54445 0.23812 0.13503
0.40804 0.13616 0.24694
0.60867 0.25381 0.08288
0.47930 0.17140 0.17952
0.54445 0.22169 0.13744
0.71767 0.42316 0.11526
0.32972 0.06726 0.20960
0.81867 0.52263 0.06043
0.18161 0.02279 0.36828
0.89430 0.58837 0.02956
0.18624 0.02451 0.37473
0.89162 0.59023 0.02601
0.14578 0.01448 0.37884
0.80491 0.36535 0.03349
0.25372 0.10409 0.27709
0.40309 0.19378 0.40700
0.43560 0.27946 0.32235
0.54630 0.26406 0.25026
0.28152 0.05103 0.23012
0.75969 0.31698 0.05017
0.24955 0.04028 0.19965
0.70759 0.28282 0.09510
0.29130 0.05869 0.22029
0.56071 0.06148 0.06096
0.38192 0.03791 0.05159
0.61175 0.05213 0.03712
0.59619 0.18549 0.05373
0.61844 0.05084 0.02293
0.33769 0.01629 0.01925
0.59827 0.06011 0.02687
0.58888 0.02224 0.01390
0.65227 0.04901 0.03007
0.66719 0.01956 0.00898
0.48029 0.01945 0.03546
0.66584 0.00468 0.00183
0.08244 0.00010 0.00109
0.76016 0.00039 0.00010
0.25980 0.00013 0.00035
0.30716 0.00013 0.00030
0.63042 0.00018 0.00014
0.33506 0.00012 0.00031
0.64390 0.00015 0.00015
0.32429 0.00010 0.00033
0.68305 0.00015 0.00014
0.30569 0.00010 0.00035
0.53077 0.00013 0.00021
0.52316 0.00010 0.00021
0.50794 0.00010 0.00021
0.43643 0.13539 0.15247
0.43472 0.12967 0.22558
0.58323 0.25077 0.12491
0.34890 0.10583 0.29182
0.64367 0.25036 0.10687
0.28183 0.07206 0.33039
0.70658 0.29344 0.09492
0.29942 0.08582 0.29762
0.59393 0.18919 0.11755
0.27209 0.05413 0.28082
0.91854 0.61434 0.01534
0.09590 0.01780 0.39771
0.76961 0.38455 0.06259
0.18014 0.03980 0.32036
0.65521 0.21620 0.06315
0.22798 0.02518 0.16152
0.49264 0.07116 0.06973
0.23692 0.02832 0.15213
0.52822 0.13818 0.06418
0.09695 0.00628 0.36198
0.79375 0.32455 0.01756
0.22694 0.01741 0.34418
0.65917 0.21944 0.03185
0.23438 0.01600 0.22383
0.73323 0.25645 0.02694
0.49989 0.05623 0.14253
0.44044 0.06626 0.06866
0.47224 0.07139 0.18671
0.54123 0.10924 0.05339
0.38950 0.03502 0.21301
0.56399 0.12405 0.06299
0.19230 0.01054 0.16369
0.84876 0.21746 0.02354
0.14932 0.00558 0.11526
0.82613 0.13297 0.02666
0.13457 0.00523 0.12256
0.87156 0.12809 0.00672
0.12005 0.00377 0.09696
0.88968 0.10057 0.00529
0.03068 0.00031 0.12964
0.99702 0.04320 0.00007
0.00874 0.00009 0.03132
0.99877 0.03885 0.00003
0.00285 0.00005 0.01753
0.99951 0.04333 0.00002
0.00150 0.00004 0.01775
0.99959 0.03439 0.00001
0.00225 0.00005 0.01041
0.99916 0.01623 0.00002
0.00280 0.00006 0.00775
0.99688 0.00231 0.00002
0.00389 0.00004 0.00187
0.99265 0.00073 0.00003
0.00829 0.00004 0.00112
0.99072 0.00034 0.00003
0.01035 0.00004 0.00095
0.51970 0.19986 0.14622
0.51885 0.17662 0.13080
0.51103 0.15411 0.12801
0.49079 0.18342 0.15083
0.47298 0.12299 0.11330
0.53688 0.13972 0.13447
0.52862 0.17473 0.09110
0.53784 0.10838 0.11491
0.63811 0.33800 0.08298
0.14881 0.02185 0.45632
0.83163 0.56258 0.02737
0.08953 0.02120 0.60192
0.91209 0.75449 0.01440
0.09126 0.01275 0.60744
0.91150 0.77123 0.01338
0.06684 0.00666 0.61578
0.89951 0.69839 0.00938
0.02862 0.00306 0.70795
0.93690 0.72383 0.00471
0.02664 0.00162 0.62189
0.95357 0.77928 0.00316
0.11754 0.00863 0.59234
0.96812 0.83639 0.00274
0.04549 0.00159 0.72649
0.97505 0.81689 0.00016
0.00187 0.00004 0.92190
0.99423 0.94232 0.00001
0.02030 0.00013 0.88612
0.96689 0.86157 0.00002
0.08909 0.00045 0.66115
0.97028 0.82440 0.00003
0.06570 0.00041 0.65229
0.98076 0.85121 0.00002
0.03263 0.00011 0.67605
0.99282 0.93379 0.00001
0.03654 0.00009 0.57137
0.98246 0.80177 0.00002
0.07444 0.00016 0.32802
0.95768 0.69156 0.00003
0.04037 0.00013 0.76314
0.97892 0.87623 0.00003
0.14701 0.00151 0.39350
0.97234 0.86059 0.00005
0.09684 0.00118 0.41864
0.95017 0.73388 0.00006
0.16363 0.00164 0.24241
0.97043 0.75904 0.00003
0.18708 0.00148 0.16962
0.95412 0.56418 0.00005
0.16378 0.00104 0.11081
0.97460 0.28851 0.00003
0.00073 0.00008 0.21448
0.99993 0.51184 0.00002
0.00043 0.00007 0.35570
0.99981 0.25146 0.00002
0.00115 0.00011 0.19725
0.99977 0.17415 0.00003
0.00139 0.00015 0.17190
0.99957 0.23102 0.00004
0.00159 0.00022 0.22057
0.99893 0.18761 0.00005
0.00213 0.00006 0.00714
1.00000 0.00000 0.00000
0.37731 0.12600 0.26080
0.56512 0.22519 0.12497
0.32744 0.10635 0.32328
0.66034 0.30114 0.08744
0.30771 0.09778 0.31413
0.69242 0.32595 0.09068
0.40861 0.16534 0.24152
0.91659 0.57264 0.03740
0.18631 0.08001 0.34396
0.93497 0.58270 0.03304
0.18289 0.08442 0.33848
0.89411 0.36674 0.07052
0.24371 0.13138 0.25335
0.81182 0.33177 0.13277
0.24427 0.13333 0.22281
0.91640 0.51883 0.04704
0.14876 0.04753 0.31759
0.86502 0.41647 0.09200
0.08439 0.03626 0.30405
0.95692 0.60294 0.01860
0.10340 0.01660 0.33377
0.93861 0.50371 0.01872
0.11765 0.01924 0.28477
0.92212 0.46359 0.02642
0.09086 0.01391 0.30392
0.94424 0.43456 0.01853
0.08610 0.01948 0.33245
0.92556 0.44470 0.02347
0.17211 0.04325 0.34241
0.85840 0.40013 0.03554
0.18258 0.03318 0.30049
0.88822 0.41413 0.01942
0.11879 0.00927 0.34781
0.90940 0.41524 0.01288
0.04516 0.00095 0.49414
0.94721 0.45231 0.00383
0.06535 0.00321 0.49617
0.88659 0.21259 0.00216
0.03805 0.00071 0.37831
0.92076 0.33049 0.00107
0.09708 0.00394 0.24640
0.75267 0.18434 0.02749
0.32515 0.01485 0.11289
0.75104 0.13714 0.01494
0.30483 0.04954 0.13605
0.57248 0.08145 0.05025
0.20579 0.04468 0.09578
0.61347 0.05037 0.03491
0.19235 0.02552 0.06366
0.55958 0.07105 0.04672
0.51015 0.03872 0.04216
0.70214 0.06286 0.03819
0.08993 0.01006 0.23405
0.83588 0.08628 0.01506
0.07718 0.00555 0.16311
0.89538 0.09441 0.00732
0.12399 0.01092 0.20114
0.90722 0.08153 0.00504
0.03016 0.00034 0.09577
0.94689 0.12296 0.00103
0.01838 0.00023 0.07053
0.95634 0.18901 0.00016
0.00184 0.00013 0.20165
0.99967 0.07681 0.00002
0.00141 0.00008 0.06434
0.99970 0.11219 0.00002
0.00158 0.00008 0.07591
0.99935 0.02063 0.00002
0.00298 0.00007 0.00896
0.99723 0.00233 0.00003
0.00305 0.00004 0.00220
0.99808 0.00172 0.00002
0.00295 0.00004 0.00220
1.00000 0.00000 0.00000
0.49176 0.16129 0.13400
0.43611 0.13650 0.17037
0.51270 0.14785 0.17717
0.46163 0.13972 0.13140
0.61580 0.17766 0.11229
0.33644 0.06404 0.16094
0.65429 0.17866 0.08370
0.30550 0.04713 0.19206
0.68782 0.13251 0.07356
0.31038 0.05725 0.16468
0.66187 0.16582 0.06571
0.47245 0.11216 0.12000
0.56072 0.08290 0.08068
0.44482 0.07024 0.08909
0.57962 0.07600 0.05409
0.39549 0.04556 0.08186
0.68399 0.12249 0.04348
0.22100 0.01890 0.18856
0.68924 0.08746 0.02756
0.53999 0.11094 0.05032
0.31128 0.05510 0.23390
0.60739 0.13191 0.05216
0.27378 0.03667 0.12046
0.89031 0.15822 0.00440
0.11811 0.00365 0.11629
0.91702 0.14454 0.00392
0.20614 0.01028 0.15933
0.91777 0.12540 0.00148
0.02524 0.00021 0.14730
0.92950 0.16566 0.00025
0.02567 0.00029 0.08362
0.93842 0.13079 0.00019
0.13011 0.00358 0.08137
0.72794 0.20348 0.00072
0.11096 0.00193 0.09877
0.96803 0.06626 0.00017
0.11263 0.00082 0.02722
0.99514 0.00824 0.00003
0.01767 0.00006 0.00155
0.99854 0.01268 0.00002
0.00494 0.00005 0.00289
0.99788 0.00624 0.00002
0.00494 0.00006 0.00260
0.99712 0.00331 0.00002
0.00488 0.00005 0.00161
0.98505 0.00042 0.00003
0.01133 0.00004 0.00092
0.98416 0.00033 0.00003
0.01067 0.00004 0.00096
0.98059 0.00019 0.00003
0.01902 0.00004 0.00069
1.00000 0.00000 0.00000
0.46870 0.19703 0.18075
0.48731 0.16028 0.18145
0.45696 0.19158 0.16434
0.52481 0.17936 0.17582
0.50660 0.24534 0.12081
0.32575 0.09524 0.42283
0.56050 0.28717 0.11246
0.41301 0.11993 0.30567
0.57240 0.27569 0.09336
0.43625 0.10405 0.24459
0.50670 0.20612 0.14648
0.83385 0.47770 0.07461
0.13506 0.03612 0.49829
0.85480 0.54968 0.08619
0.24214 0.05330 0.28830
0.84307 0.47232 0.06001
0.36111 0.06339 0.26372
0.84210 0.41982 0.05482
0.24984 0.02727 0.24969
0.79028 0.36524 0.04382
0.27411 0.05403 0.23123
0.70250 0.20990 0.03842
0.26845 0.03004 0.19851
0.74463 0.20674 0.02256
0.29825 0.06253 0.18512
0.68183 0.18224 0.05989
0.34886 0.08994 0.15749
0.68176 0.12513 0.06169
0.34908 0.09667 0.10817
0.64335 0.14005 0.14971
0.45873 0.18500 0.08704
0.64413 0.07586 0.13935
0.44877 0.17082 0.07211
0.68531 0.16049 0.18481
0.37694 0.14808 0.08635
0.57335 0.14910 0.21900
0.47244 0.07483 0.13141
0.62544 0.13855 0.08578
0.62008 0.06973 0.05180
0.23551 0.01673 0.07021
0.91307 0.00289 0.00063
0.02451 0.00006 0.00362
0.99406 0.00624 0.00003
0.00331 0.00004 0.00448
0.99739 0.00515 0.00001
0.00418 0.00004 0.00323
0.99731 0.00445 0.00002
0.00397 0.00005 0.00351
0.98712 0.00058 0.00002
0.00887 0.00004 0.00113
0.98485 0.00039 0.00003
0.00975 0.00004 0.00097
0.98672 0.00041 0.00003
0.00965 0.00004 0.00098
0.98471 0.00024 0.00003
0.01153 0.00004 0.00087
1.00000 0.00000 0.00000
0.43845 0.11819 0.18372
0.49793 0.16450 0.12843
0.50826 0.17578 0.14954
0.51101 0.23630 0.13651
0.34968 0.06477 0.34348
0.65288 0.40823 0.05775
0.34031 0.05873 0.32123
0.55965 0.18783 0.06497
0.41178 0.07051 0.16602
0.66189 0.23735 0.03766
0.31511 0.03852 0.13183
0.71357 0.23107 0.03908
0.32750 0.06059 0.16676
0.65019 0.13361 0.04669
0.44066 0.04362 0.13004
0.74425 0.25324 0.02061
0.60017 0.08164 0.10478
0.79372 0.15794 0.02581
0.37812 0.01989 0.06339
0.92382 0.01022 0.00046
0.08726 0.00010 0.00105
0.90804 0.00132 0.00008
0.07637 0.00010 0.00099
0.95987 0.00140 0.00004
0.03879 0.00007 0.00109
0.95464 0.00048 0.00004
0.06946 0.00008 0.00054
0.67673 0.00020 0.00012
0.29311 0.00013 0.00026
0.83256 0.00019 0.00008
0.14773 0.00009 0.00043
0.91999 0.00017 0.00006
0.01891 0.00005 0.00071
0.96564 0.00019 0.00004
0.02417 0.00005 0.00070
0.97757 0.00017 0.00003
0.01826 0.00004 0.00070
1.00000 0.00000 0.00000
0.42836 0.10472 0.18332
0.39088 0.12623 0.19199
0.60356 0.21338 0.12939
0.33536 0.08859 0.20365
0.56071 0.18226 0.12077
0.57056 0.11356 0.14695
0.47142 0.14624 0.07612
0.50917 0.16023 0.15486
0.52352 0.19255 0.15577
0.58069 0.21584 0.13883
0.51169 0.12402 0.14561
0.62437 0.15511 0.09188
0.30174 0.02509 0.04616
0.35578 0.00022 0.00020
0.70951 0.00069 0.00013
0.26674 0.00018 0.00022
0.77897 0.00083 0.00013
0.22511 0.00013 0.00037
0.83613 0.00102 0.00012
0.18635 0.00012 0.00057
0.85030 0.00079 0.00008
0.22395 0.00013 0.00055
0.82662 0.00053 0.00008
0.22232 0.00013 0.00049
0.73985 0.00029 0.00010
0.16078 0.00010 0.00041
0.93591 0.00031 0.00005
0.07498 0.00007 0.00057
0.92780 0.00022 0.00005
0.07055 0.00006 0.00063
0.89428 0.00018 0.00007
0.09178 0.00007 0.00057
0.86362 0.00016 0.00008
0.12768 0.00007 0.00050
0.88516 0.00013 0.00007
0.53409 0.19937 0.12948
0.46404 0.14352 0.17657
0.45747 0.14569 0.14996
0.43204 0.09865 0.21079
0.58382 0.25193 0.09108
0.41724 0.10344 0.25811
0.48515 0.19842 0.13011
0.48095 0.11058 0.24358
0.55697 0.16726 0.09492
0.32135 0.08343 0.30325
0.74100 0.30942 0.03425
0.32863 0.08018 0.31644
0.59133 0.15234 0.07293
0.46476 0.13804 0.19181
0.35739 0.06397 0.13314
0.53460 0.19129 0.10788
0.40327 0.08410 0.08355
0.52446 0.07316 0.14596
0.80477 0.13677 0.03609
0.18088 0.00969 0.07881
0.82686 0.10081 0.01868
0.18035 0.00668 0.06597
0.82092 0.04711 0.00927
0.27380 0.01920 0.06622
0.86799 0.08076 0.00413
0.12597 0.00253 0.09140
0.87762 0.08733 0.00084
0.05635 0.00045 0.10872
0.92257 0.20296 0.00026
0.01974 0.00008 0.21726
0.95873 0.19668 0.00009
0.03807 0.00013 0.25335
0.99974 0.22243 0.00003
0.00039 0.00006 0.25559
0.99978 0.38143 0.00003
0.00039 0.00007 0.31272
0.99978 0.53338 0.00004
0.00042 0.00009 0.50202
0.99974 0.62050 0.00004
0.00066 0.00016 0.59247
0.99970 0.76146 0.00005
0.00047 0.00012 0.84227
1.00000 1.00000 0.00000
0.51611 0.18438 0.14658
0.44166 0.15546 0.17141
0.46794 0.15202 0.15995
0.72650 0.42370 0.07955
0.15344 0.04033 0.56989
0.65629 0.29685 0.08509
0.28271 0.06165 0.29260
0.73750 0.38033 0.04523
0.28434 0.07798 0.34664
0.74343 0.42821 0.06116
0.25636 0.05059 0.28932
0.71074 0.37529 0.05790
0.18537 0.02229 0.30869
0.71807 0.36882 0.05117
0.10605 0.01325 0.47743
0.74792 0.33215 0.02985
0.10928 0.01075 0.24905
0.80403 0.24708 0.02380
0.29554 0.05546 0.19736
0.73877 0.26185 0.03217
0.42943 0.07227 0.18876
0.48654 0.16351 0.10415
0.31511 0.05341 0.34719
0.82387 0.39595 0.04377
0.29063 0.04597 0.34375
0.89475 0.50049 0.02290
0.55854 0.15509 0.22829
0.85378 0.47450 0.04008
0.22207 0.02830 0.52195
0.92281 0.28415 0.00559
0.05321 0.00555 0.50874
0.92195 0.25593 0.00477
0.06029 0.00555 0.45657
0.93956 0.35511 0.00454
0.00315 0.00013 0.34776
0.99993 0.61734 0.00003
0.00049 0.00008 0.52044
0.99993 0.36688 0.00002
0.00058 0.00009 0.30714
0.99995 0.45376 0.00001
0.00057 0.00010 0.37497
0.99982 0.53527 0.00003
0.00024 0.00006 0.53727
0.99981 0.44555 0.00003
0.00043 0.00008 0.44773
0.99986 0.83270 0.00003
0.00025 0.00009 0.76198
0.99985 0.86856 0.00004
0.00039 0.00016 0.79444
0.99860 0.23775 0.00008
0.49750 0.16778 0.13463
0.41295 0.11790 0.20970
0.52303 0.15747 0.12233
0.28894 0.06004 0.30178
0.63626 0.24261 0.09506
0.31241 0.08507 0.29002
0.62067 0.23967 0.10328
0.33159 0.10252 0.26560
0.63982 0.28751 0.13996
0.42431 0.18183 0.17802
0.59333 0.21282 0.13716
0.43090 0.19721 0.13497
0.63854 0.15059 0.13909
0.35767 0.16338 0.11629
0.57687 0.10979 0.20880
0.25736 0.05402 0.10113
0.73711 0.12330 0.08614
0.22226 0.04228 0.16605
0.71167 0.07281 0.06097
0.21280 0.02891 0.17897
0.69300 0.06236 0.03594
0.20568 0.01380 0.15352
0.81330 0.23275 0.02058
0.12818 0.01598 0.24573
0.92863 0.40503 0.01149
0.11215 0.01294 0.27200
0.92667 0.38323 0.01228
0.12002 0.00829 0.24562
0.93494 0.39884 0.01105
0.08633 0.00457 0.33085
0.93399 0.42157 0.00836
0.05289 0.00161 0.40397
0.87863 0.51483 0.00353
0.01272 0.00015 0.57865
0.93361 0.46583 0.00029
0.00664 0.00007 0.46580
0.95627 0.56327 0.00013
0.00152 0.00002 0.63423
0.97819 0.76337 0.00003
0.00120 0.00001 0.58113
0.99985 0.53536 0.00003
0.00067 0.00008 0.22193
0.99978 0.29996 0.00003
0.00112 0.00015 0.28295
0.99929 0.16978 0.00005
0.00194 0.00028 0.33831
0.99828 0.20429 0.00010
0.65964 0.31168 0.08588
0.42018 0.13400 0.19156
0.57018 0.21238 0.11938
0.40921 0.13015 0.17248
0.45681 0.14212 0.17194
0.57434 0.21838 0.12093
0.25998 0.05172 0.44088
0.73276 0.39456 0.04065
0.26144 0.06391 0.47400
0.78002 0.46755 0.02409
0.23665 0.04613 0.50109
0.69031 0.34374 0.03754
0.40217 0.04710 0.24559
0.64010 0.29061 0.04642
0.49359 0.02930 0.28867
0.56188 0.26347 0.03575
0.47343 0.03621 0.30567
0.42409 0.12355 0.07509
0.38396 0.03878 0.15813
0.39493 0.10503 0.08368
0.45139 0.04461 0.13499
0.38722 0.08596 0.07057
0.32735 0.02064 0.24084
0.65951 0.27340 0.02863
0.21600 0.01294 0.39042
0.76557 0.39215 0.01978
0.21015 0.01562 0.41955
0.81642 0.24327 0.00747
0.23171 0.01231 0.24868
0.92174 0.26590 0.00103
0.11023 0.00585 0.25760
0.95816 0.23514 0.00016
0.00138 0.00011 0.14928
0.99995 0.47050 0.00002
0.00079 0.00011 0.30701
0.99985 0.27350 0.00002
0.00051 0.00007 0.25082
0.99981 0.44266 0.00003
0.00051 0.00010 0.33793
0.99981 0.66936 0.00004
0.00052 0.00015 0.59465
0.99987 0.90236 0.00003
0.00030 0.00014 0.86474
0.99990 0.95035 0.00003
0.00005 0.00004 0.99607
1.00000 1.00000 0.00000
0.47987 0.16745 0.12971
0.49083 0.13644 0.13346
0.48456 0.12216 0.10170
0.47665 0.09559 0.10602
0.48757 0.10564 0.08167
0.53981 0.13563 0.07376
0.36959 0.06549 0.15382
0.54837 0.16019 0.09372
0.44065 0.06778 0.09573
0.56065 0.13362 0.06404
0.25071 0.02662 0.20004
0.68856 0.26362 0.04699
0.28981 0.05694 0.22356
0.73450 0.32050 0.04220
0.33891 0.08474 0.20856
0.78406 0.29670 0.03280
0.11817 0.01350 0.35795
0.85207 0.24000 0.00991
0.31204 0.03618 0.11089
0.45333 0.05908 0.05149
0.39017 0.02357 0.07909
0.94851 0.24513 0.00218
0.04606 0.00125 0.03348
0.85321 0.31119 0.01128
0.02144 0.00066 0.65999
0.95488 0.51064 0.00411
0.00920 0.00028 0.68243
0.97673 0.53684 0.00077
0.00314 0.00008 0.69331
0.97404 0.49201 0.00040
0.00214 0.00004 0.80989
0.99971 0.30066 0.00004
0.00036 0.00006 0.32975
0.99986 0.39795 0.00003
0.00032 0.00006 0.32478
0.99984 0.32989 0.00003
0.00039 0.00006 0.20788
0.99982 0.23109 0.00002
0.00048 0.00007 0.20056
0.99978 0.20784 0.00002
0.00064 0.00018 0.59837
0.99985 0.91930 0.00003
0.00090 0.00024 0.51622
0.99890 0.29247 0.00009
0.00211 0.00011 0.01954
1.00000 1.00000 0.00000
0.48870 0.16015 0.14485
0.48424 0.15118 0.14941
0.46371 0.14528 0.15826
0.50087 0.16192 0.16081
0.54810 0.22009 0.13298
0.51030 0.21055 0.16668
0.59726 0.22254 0.14686
0.40052 0.12419 0.21299
0.50958 0.14611 0.16804
0.39670 0.10862 0.19676
0.54375 0.16900 0.16244
0.35696 0.10747 0.19972
0.59025 0.19594 0.13604
0.36514 0.09657 0.22868
0.63360 0.20494 0.10911
0.33172 0.08431 0.22790
0.70389 0.22948 0.06432
0.20783 0.03099 0.33708
0.79698 0.31484 0.03665
0.19530 0.02712 0.33731
0.79032 0.33314 0.03507
0.21649 0.02107 0.35082
0.65350 0.18867 0.04061
0.46977 0.10946 0.11063
0.24125 0.02291 0.23779
0.35405 0.03172 0.09432
0.40112 0.03364 0.07177
0.58375 0.07025 0.04014
0.26039 0.01058 0.07552
0.74075 0.06532 0.02061
0.20245 0.00478 0.10156
0.79118 0.09973 0.00864
0.20025 0.00607 0.08071
0.67541 0.05402 0.01635
0.28662 0.00997 0.05688
0.76416 0.05806 0.01139
0.10801 0.00287 0.16657
0.85058 0.10772 0.00903
0.14011 0.00203 0.06377
0.93574 0.00350 0.00011
0.10706 0.00010 0.00083
0.90536 0.00182 0.00009
0.10511 0.00009 0.00081
0.91902 0.00110 0.00006
0.05326 0.00008 0.00086
0.96127 0.00055 0.00004
0.02000 0.00005 0.00088
0.97601 0.00040 0.00003
0.01656 0.00005 0.00084
0.93179 0.00020 0.00005
0.05034 0.00005 0.00061
0.95250 0.00015 0.00004
0.03643 0.00005 0.00063
0.98354 0.00004 0.00001
0.51535 0.17126 0.12151
0.50859 0.12208 0.15213
0.47115 0.16938 0.13453
0.54359 0.15568 0.15533
0.45968 0.15408 0.11877
0.53654 0.14157 0.14505
0.50768 0.17915 0.09962
0.49888 0.13218 0.13357
0.59130 0.18478 0.06739
0.42312 0.05232 0.12131
0.58857 0.15363 0.06236
0.48070 0.08066 0.08535
0.55997 0.08926 0.07635
0.53798 0.12938 0.09097
0.31954 0.06981 0.23219
0.36008 0.04751 0.13663
0.71586 0.25633 0.04020
0.31457 0.03385 0.16496
0.70761 0.09539 0.01605
0.45102 0.02832 0.07239
0.59355 0.07825 0.02345
0.44336 0.04562 0.06850
0.32960 0.08460 0.18444
0.55840 0.06895 0.07351
0.68641 0.10581 0.04661
0.17902 0.00426 0.04554
0.87482 0.05132 0.00169
0.01826 0.00013 0.13411
0.87946 0.24451 0.00018
0.00435 0.00003 0.16311
0.91648 0.28293 0.00018
0.08036 0.00028 0.10044
0.79326 0.22986 0.00017
0.28047 0.00117 0.05617
0.83582 0.10072 0.00009
0.29052 0.00084 0.03498
0.81595 0.02179 0.00009
0.37843 0.00084 0.00229
0.74998 0.00390 0.00012
0.17033 0.00038 0.00055
0.88959 0.00041 0.00006
0.06687 0.00011 0.00029
0.90173 0.00023 0.00006
0.07523 0.00006 0.00057
0.95399 0.00024 0.00004
0.03087 0.00005 0.00069
0.96415 0.00021 0.00004
0.02639 0.00005 0.00069
0.97652 0.00018 0.00003
0.01760 0.00004 0.00072
1.00000 0.00000 0.00000
0.55505 0.20648 0.12886
0.40333 0.13604 0.23156
0.72256 0.33690 0.08772
0.31837 0.09347 0.29458
0.59526 0.26765 0.12631
0.37344 0.13206 0.27546
0.72433 0.41682 0.08065
0.40347 0.18847 0.31106
0.72027 0.40046 0.07218
0.33016 0.09058 0.34043
0.80497 0.51448 0.03785
0.30502 0.08935 0.29857
0.58955 0.33732 0.17869
0.44370 0.12003 0.21264
0.46558 0.13862 0.13414
0.72150 0.25154 0.05045
0.15876 0.03305 0.29489
0.83240 0.45899 0.02873
0.07563 0.01101 0.41875
0.80883 0.43017 0.03401
0.15428 0.02083 0.29111
0.77565 0.42479 0.05801
0.14988 0.00760 0.28005
0.85598 0.58880 0.03356
0.08128 0.00204 0.31648
0.91208 0.43957 0.01013
0.06790 0.00103 0.29286
0.86810 0.33846 0.00111
0.02971 0.00020 0.28474
0.89186 0.29858 0.00026
0.02843 0.00023 0.21464
0.84037 0.12981 0.00053
0.13399 0.00161 0.11486
0.84124 0.11330 0.00027
0.01584 0.00008 0.15759
0.87102 0.09674 0.00022
0.25340 0.00240 0.05945
0.71017 0.06376 0.00029
0.28930 0.00264 0.04403
0.80567 0.02461 0.00024
0.26272 0.00253 0.04168
0.88375 0.06913 0.00012
0.13883 0.00068 0.04957
0.92744 0.07203 0.00004
0.03814 0.00016 0.01542
0.92386 0.05494 0.00007
0.14117 0.00044 0.01794
0.90234 0.04240 0.00008
0.23339 0.00109 0.01830
0.88834 0.03363 0.00015
0.12310 0.00058 0.01940
0.94056 0.02645 0.00007
0.08541 0.00023 0.00029
0.98262 0.00201 0.00003
0.02078 0.00007 0.00091
0.99007 0.00122 0.00003
0.01024 0.00005 0.00108
0.98921 0.00073 0.00003
0.00472 0.00004 0.00158
0.99345 0.00055 0.00003
0.00676 0.00004 0.00127
0.98952 0.00030 0.00003
0.58416 0.25174 0.11191
0.43544 0.13737 0.19990
0.54972 0.19202 0.13678
0.41119 0.11150 0.19964
0.51495 0.16257 0.14672
0.34208 0.08211 0.23196
0.58742 0.21840 0.12824
0.32932 0.07435 0.22657
0.57960 0.19410 0.12930
0.37114 0.12216 0.24613
0.60337 0.26336 0.13198
0.28718 0.05315 0.26247
0.50558 0.15876 0.16628
0.44324 0.08268 0.17018
0.34569 0.07510 0.22833
0.40657 0.12384 0.18058
0.44372 0.07557 0.19773
0.28037 0.01727 0.12617
0.65362 0.06392 0.04502
0.18633 0.00742 0.08492
0.72583 0.03798 0.01746
0.29584 0.02799 0.04334
0.74422 0.06510 0.01803
0.11211 0.00719 0.18213
0.81300 0.19169 0.02118
0.09133 0.00566 0.21071
0.82996 0.22020 0.01115
0.05752 0.00390 0.27293
0.81513 0.23142 0.00673
0.31841 0.02005 0.11771
0.54761 0.06714 0.00250
0.55080 0.02366 0.05813
0.84232 0.06341 0.00074
0.16689 0.00432 0.04680
0.89805 0.09833 0.00061
0.36468 0.00758 0.04926
0.64980 0.02627 0.00101
0.65566 0.01226 0.01777
0.65371 0.01617 0.00059
0.50150 0.00559 0.01585
0.53652 0.01430 0.00066
0.65160 0.00718 0.01076
0.61185 0.00570 0.00081
0.35221 0.00306 0.00433
0.38308 0.00254 0.00162
0.69023 0.00704 0.00490
0.13984 0.00044 0.00372
0.86707 0.00141 0.00009
0.12636 0.00009 0.00071
0.92777 0.00142 0.00006
0.08921 0.00009 0.00064
0.85005 0.00029 0.00008
0.05412 0.00007 0.00063
0.95612 0.00027 0.00004
0.08356 0.00007 0.00062
0.92953 0.00021 0.00006
0.06513 0.00006 0.00064
0.93920 0.00018 0.00005
0.06176 0.00006 0.00061
0.95061 0.00013 0.00004
0.05589 0.00005 0.00055
1.00000 0.00000 0.00000
0.60216 0.22677 0.08332
0.39066 0.06579 0.25685
0.56920 0.23308 0.07348
0.43252 0.08258 0.25415
0.59701 0.32141 0.04908
0.47045 0.11813 0.29637
0.48587 0.27335 0.05297
0.50350 0.10209 0.23103
0.53097 0.26064 0.04254
0.36408 0.02568 0.20222
0.55668 0.11084 0.02987
0.46552 0.02804 0.12927
0.58873 0.12261 0.04877
0.37815 0.03348 0.12537
0.82432 0.28840 0.01813
0.23242 0.00729 0.05579
0.72839 0.10249 0.01543
0.21943 0.00697 0.06326
0.84423 0.12935 0.00531
0.21062 0.00522 0.06875
0.78559 0.12265 0.00577
0.25868 0.00501 0.04099
0.81902 0.08081 0.00299
0.10459 0.00065 0.10215
0.89006 0.11490 0.00013
0.03968 0.00057 0.05278
0.99579 0.01397 0.00003
0.00198 0.00005 0.01596
0.99902 0.01754 0.00002
0.00314 0.00006 0.00692
0.99911 0.01591 0.00002
0.00392 0.00006 0.00456
0.99868 0.00987 0.00002
0.00360 0.00005 0.00203
0.99682 0.00212 0.00002
0.00319 0.00004 0.00210
1.00000 0.00000 0.00000
0.56094 0.24004 0.13048
0.49697 0.15950 0.16081
0.51687 0.21255 0.14656
0.38435 0.12224 0.32449
0.58093 0.30912 0.10839
0.40585 0.11280 0.28979
0.52626 0.22348 0.11218
0.40949 0.08780 0.35340
0.74776 0.50660 0.04933
0.45321 0.12026 0.32964
0.71307 0.48532 0.06791
0.50560 0.13849 0.31857
0.51231 0.20418 0.12701
0.64427 0.08270 0.11597
0.55882 0.17972 0.07256
0.78000 0.14417 0.07574
0.53912 0.15233 0.03902
0.56536 0.06972 0.17177
0.55478 0.12880 0.06169
0.54914 0.12648 0.13272
0.49164 0.10820 0.09606
0.45302 0.04862 0.15632
0.66501 0.19434 0.05075
0.50971 0.09596 0.15394
0.68220 0.16924 0.03293
0.63187 0.11939 0.05921
0.57795 0.06769 0.03546
0.30302 0.09689 0.15578
0.78380 0.19351 0.02234
0.24844 0.05166 0.15006
0.41450 0.04417 0.02453
0.37356 0.03761 0.03357
0.85846 0.04804 0.00684
0.29727 0.02715 0.02356
0.92170 0.00703 0.00093
0.00409 0.00004 0.00391
0.99887 0.01166 0.00001
0.00451 0.00005 0.00474
0.99897 0.01207 0.00001
0.00269 0.00005 0.00589
0.99900 0.01148 0.00002
0.00532 0.00005 0.00230
0.99515 0.00174 0.00003
0.00453 0.00005 0.00173
0.99433 0.00115 0.00003
0.00426 0.00004 0.00172
0.99357 0.00078 0.00003
0.00419 0.00004 0.00171
1.00000 0.00000 0.00000
0.48140 0.15533 0.12650
0.46708 0.13147 0.14800
0.37324 0.11377 0.20370
0.62440 0.20852 0.09843
0.30935 0.07217 0.17064
0.63067 0.15342 0.10233
0.36058 0.06609 0.19113
0.62489 0.16307 0.06104
0.30593 0.06270 0.17031
0.66996 0.17044 0.05793
0.29707 0.05816 0.21021
0.61506 0.18163 0.06727
0.39966 0.13677 0.13577
0.62051 0.08665 0.06717
0.30334 0.05178 0.17149
0.67327 0.18291 0.04300
0.47610 0.09304 0.13485
0.74882 0.13627 0.03505
0.22587 0.03555 0.21069
0.76320 0.19694 0.03630
0.10798 0.01078 0.27236
0.77445 0.20969 0.02690
0.30356 0.02519 0.14447
0.64972 0.10653 0.03993
0.33599 0.01993 0.17039
0.62540 0.09854 0.04380
0.35844 0.01980 0.11168
0.70498 0.12204 0.03219
0.49162 0.08782 0.08333
0.58873 0.09353 0.06621
0.32205 0.04678 0.07281
0.77336 0.09332 0.01765
0.18665 0.01136 0.07606
0.78159 0.05286 0.01067
0.17721 0.01049 0.11311
0.83995 0.07453 0.00380
0.14852 0.00435 0.06031
0.82707 0.05804 0.00489
0.03170 0.00013 0.01006
0.99610 0.02278 0.00005
0.02176 0.00008 0.00429
0.99785 0.01516 0.00003
0.00630 0.00005 0.00356
0.99863 0.01008 0.00002
0.00497 0.00005 0.00262
0.99544 0.00199 0.00002
0.00671 0.00005 0.00142
0.99614 0.00202 0.00003
0.00251 0.00004 0.00242
0.99509 0.00066 0.00002
0.52964 0.21934 0.11607
0.40667 0.09600 0.25169
0.74641 0.47181 0.04567
0.15733 0.02805 0.55394
0.75106 0.51360 0.04366
0.29743 0.06237 0.31884
0.73315 0.39191 0.04532
0.30073 0.05678 0.29529
0.74861 0.37110 0.04147
0.28937 0.04137 0.30859
0.77101 0.40160 0.03275
0.27732 0.04144 0.24025
0.80847 0.33468 0.02669
0.12904 0.00860 0.25686
0.87781 0.40312 0.01607
0.20910 0.02116 0.26100
0.83381 0.52741 0.02577
0.10652 0.01021 0.52934
0.76883 0.44684 0.01924
0.29138 0.02275 0.22888
0.75917 0.27827 0.01765
0.27473 0.01619 0.19967
0.73431 0.21495 0.01675
0.12723 0.00597 0.34687
0.90117 0.27179 0.00369
0.14994 0.00517 0.10498
0.90183 0.18802 0.00323
0.08250 0.00196 0.10098
0.87784 0.19753 0.00413
0.08555 0.00223 0.13071
0.86785 0.20861 0.00497
0.12745 0.00409 0.16548
0.86088 0.22499 0.00709
0.14591 0.00626 0.18832
0.88501 0.12944 0.00180
0.03449 0.00046 0.14695
0.99831 0.08246 0.00006
0.00237 0.00004 0.02019
0.99945 0.03284 0.00002
0.00133 0.00004 0.02260
0.99974 0.06328 0.00001
0.00118 0.00008 0.09787
0.99941 0.02782 0.00002
0.00315 0.00006 0.00709
0.99571 0.00177 0.00002
0.00529 0.00004 0.00157
0.99696 0.00172 0.00003
0.00433 0.00004 0.00169
0.99749 0.00127 0.00003
0.00333 0.00004 0.00200
1.00000 0.00000 0.00000
0.47929 0.19812 0.16500
0.59098 0.26272 0.13526
0.45370 0.22105 0.21077
0.61134 0.32273 0.16573
0.39611 0.21394 0.27394
0.41243 0.18185 0.36724
0.52977 0.24729 0.17758
0.60769 0.29597 0.17305
0.47922 0.19908 0.17277
0.67086 0.32460 0.12776
0.65787 0.35491 0.10551
0.35871 0.08997 0.23082
0.77812 0.54203 0.06207
0.32772 0.10585 0.37403
0.84399 0.55590 0.04797
0.27619 0.04094 0.38406
0.84509 0.40698 0.03729
0.30147 0.02854 0.26108
0.85722 0.47963 0.02472
0.29149 0.05917 0.26506
0.74627 0.48612 0.08730
0.27055 0.07760 0.52632
0.81248 0.61831 0.02197
0.11546 0.01754 0.62420
0.80209 0.47186 0.00865
0.40584 0.06359 0.27985
0.80599 0.62891 0.04372
0.64789 0.20998 0.17659
0.40985 0.20354 0.14026
0.40696 0.17924 0.25049
0.76018 0.43436 0.05066
0.26242 0.07034 0.47008
0.68684 0.55412 0.15364
0.14596 0.01675 0.65028
0.83083 0.67932 0.04991
0.04384 0.00332 0.81372
0.92004 0.67398 0.01455
0.10204 0.00579 0.61706
0.95936 0.70660 0.00473
0.11718 0.00471 0.53011
0.94542 0.65446 0.00431
0.01362 0.00069 0.77675
0.90910 0.71507 0.00865
0.06022 0.00276 0.71533
0.91715 0.70941 0.00543
0.02138 0.00087 0.87701
0.91965 0.81909 0.00379
0.07871 0.00407 0.75769
0.92812 0.74587 0.00237
0.14925 0.00779 0.68537
0.98822 0.92685 0.00012
0.05091 0.00082 0.75401
0.99681 0.94080 0.00001
0.00003 0.00002 0.97289
0.99999 0.99340 0.00000
0.00002 0.00002 0.98590
0.99999 0.99349 0.00000
0.00002 0.00001 0.99135
0.99999 0.99584 0.00000
0.00000 0.00000 0.99957
1.00000 0.99646 0.00000
0.00000 0.00000 0.99974
1.00000 1.00000 0.00000
0.50410 0.17423 0.13707
0.47186 0.14159 0.16773
0.42571 0.12678 0.17785
0.54655 0.18315 0.12998
0.32775 0.06651 0.20113
0.57112 0.15645 0.10538
0.29934 0.06767 0.22524
0.67172 0.23554 0.07554
0.26186 0.05464 0.25087
0.69321 0.22355 0.10635
0.26113 0.04923 0.24540
0.67068 0.15996 0.09512
0.26103 0.04805 0.19362
0.72880 0.15895 0.06311
0.22265 0.03524 0.15018
0.79330 0.16965 0.03648
0.14731 0.01308 0.14449
0.87465 0.15654 0.02491
0.22478 0.02546 0.17228
0.80997 0.12719 0.03476
0.23066 0.01209 0.15209
0.72613 0.08980 0.05293
0.22313 0.01065 0.09145
0.88664 0.09148 0.01043
0.31325 0.03025 0.08824
0.77308 0.08134 0.02429
0.22071 0.00452 0.09974
0.84443 0.16041 0.00869
0.15705 0.00142 0.07162
0.84383 0.06779 0.00201
0.11906 0.00048 0.05055
0.87425 0.00142 0.00008
0.09972 0.00009 0.00096
0.87963 0.00067 0.00007
0.24260 0.00012 0.00038
0.88918 0.00052 0.00007
0.08755 0.00008 0.00066
0.94283 0.00042 0.00004
0.06828 0.00008 0.00074
0.94171 0.00034 0.00005
0.01015 0.00004 0.00096
0.98436 0.00036 0.00003
0.00648 0.00004 0.00127
0.64116 0.27464 0.09066
0.37889 0.10342 0.28246
0.57948 0.21421 0.09414
0.30532 0.06449 0.29063
0.68975 0.28684 0.05914
0.31427 0.06136 0.29773
0.58303 0.21377 0.10717
0.35024 0.07354 0.26117
0.60556 0.28779 0.09699
0.33031 0.05578 0.35497
0.73501 0.40697 0.03687
0.12490 0.01974 0.62920
0.87829 0.57676 0.01092
0.04750 0.00432 0.65625
0.94107 0.66978 0.00321
0.00924 0.00024 0.73131
0.92878 0.77111 0.00058
0.00710 0.00007 0.73551
0.93539 0.76841 0.00018
0.00376 0.00005 0.82705
0.93286 0.79718 0.00016
0.00246 0.00003 0.84870
0.96688 0.73609 0.00005
0.05995 0.00038 0.58698
0.98441 0.83792 0.00003
0.00395 0.00002 0.69022
0.98844 0.84789 0.00002
0.03552 0.00017 0.55554
0.97527 0.74860 0.00003
0.00253 0.00001 0.65259
0.97776 0.80378 0.00003
0.00404 0.00003 0.68285
0.98402 0.82948 0.00001
0.00134 0.00001 0.75100
0.99996 0.97592 0.00001
0.00002 0.00002 0.99442
0.99998 0.99022 0.00001
0.38623 0.08654 0.16621
0.54679 0.19756 0.11371
0.51148 0.17939 0.14745
0.66883 0.32884 0.07093
0.32617 0.06504 0.19565
0.73343 0.39949 0.04480
0.36035 0.09346 0.24908
0.70318 0.32321 0.05246
0.33671 0.06717 0.23657
0.66221 0.27078 0.05200
0.34364 0.09854 0.31988
0.58065 0.29909 0.08749
0.47582 0.18290 0.26665
0.61188 0.32913 0.10894
0.54578 0.20789 0.16433
0.59893 0.22469 0.08764
0.36645 0.12285 0.28544
0.41667 0.14106 0.28220
0.60165 0.26710 0.14093
0.42552 0.09265 0.17618
0.49979 0.11323 0.08358
0.56198 0.09790 0.07291
0.39067 0.03626 0.07647
0.36924 0.05765 0.12264
0.44768 0.09980 0.09466
0.44211 0.05632 0.16658
0.49887 0.11790 0.08082
0.44978 0.03926 0.15409
0.41531 0.05314 0.08004
0.70423 0.07028 0.03318
0.51860 0.03119 0.02981
0.67662 0.04953 0.01607
0.18469 0.00526 0.05265
0.70971 0.05496 0.01381
0.44364 0.00307 0.01825
0.75823 0.04055 0.00712
0.41965 0.00280 0.01718
0.62633 0.01559 0.00439
0.67216 0.01009 0.00446
0.36707 0.00023 0.00027
0.80228 0.00056 0.00010
0.28342 0.00015 0.00035
0.44760 0.00017 0.00019
0.45296 0.00016 0.00020
0.50098 0.00016 0.00017
0.47405 0.00013 0.00022
0.52639 0.00014 0.00018
0.13052 0.00007 0.00057
0.52791 0.00012 0.00021
0.42517 0.13763 0.18840
0.56191 0.21835 0.14436
0.34902 0.10995 0.21474
0.56346 0.18918 0.15749
0.37400 0.11815 0.20946
0.57297 0.18047 0.15351
0.35745 0.12346 0.18071
0.50938 0.13357 0.19424
0.30651 0.08879 0.19243
0.69766 0.17065 0.10500
0.22531 0.05352 0.19302
0.76708 0.20249 0.06757
0.17596 0.02142 0.22576
0.91550 0.37029 0.01552
0.17934 0.01466 0.23794
0.89489 0.29231 0.01607
0.11363 0.00812 0.24099
0.94060 0.37586 0.00698
0.15320 0.00819 0.13745
0.92700 0.18342 0.00804
0.14690 0.00522 0.07318
0.92687 0.15202 0.00559
0.12289 0.00384 0.06946
0.92568 0.14668 0.00463
0.13551 0.00173 0.04443
0.89472 0.12574 0.00473
0.12710 0.00138 0.06227
0.87616 0.06575 0.00329
0.17552 0.00203 0.10465
0.86694 0.13418 0.00236
0.05110 0.00019 0.10657
0.94676 0.19866 0.00009
0.00285 0.00003 0.10057
0.99972 0.10691 0.00002
0.00083 0.00007 0.14486
0.99970 0.08070 0.00002
0.00113 0.00020 0.33640
0.99949 0.24961 0.00004
0.00140 0.00021 0.40059
0.99947 0.72581 0.00002
0.52818 0.22657 0.14311
0.51020 0.20362 0.15395
0.47739 0.15829 0.16269
0.49857 0.16751 0.15050
0.59091 0.27234 0.11860
0.38865 0.11729 0.25570
0.63939 0.29269 0.09659
0.20251 0.04604 0.33820
0.67779 0.22202 0.11038
0.27837 0.05353 0.19693
0.63342 0.20305 0.12005
0.31600 0.08542 0.26158
0.57974 0.27948 0.07397
0.37032 0.07004 0.39695
0.59884 0.19462 0.05493
0.27875 0.04691 0.26088
0.80316 0.25967 0.03300
0.10062 0.00703 0.25338
0.86745 0.29753 0.01812
0.19046 0.01170 0.25641
0.78776 0.23477 0.02522
0.27407 0.01444 0.16545
0.77696 0.16229 0.01850
0.32364 0.01091 0.13013
0.72402 0.08831 0.01641
0.20984 0.00622 0.16050
0.77536 0.15351 0.02513
0.18338 0.00482 0.17687
0.67392 0.06435 0.01162
0.38491 0.00667 0.14343
0.58783 0.00069 0.00021
0.31916 0.00021 0.00022
0.69955 0.00053 0.00010
0.23253 0.00016 0.00041
0.70953 0.00027 0.00011
0.20610 0.00011 0.00043
0.77088 0.00021 0.00009
0.06971 0.00006 0.00066
0.92089 0.00022 0.00005
0.03558 0.00005 0.00068
0.96174 0.00021 0.00004
0.02677 0.00005 0.00066
0.96629 0.00014 0.00003
0.05723 0.00006 0.00059
0.56119 0.26344 0.12739
0.51366 0.18119 0.19037
0.48316 0.19876 0.17328
0.62173 0.24862 0.12847
0.37015 0.13343 0.21698
0.80831 0.35958 0.06525
0.32694 0.13878 0.20146
0.65589 0.17902 0.12448
0.46282 0.20057 0.14482
0.60670 0.17499 0.15649
0.42249 0.12202 0.14382
0.68166 0.20739 0.10766
0.39930 0.08084 0.09135
0.71984 0.27032 0.07078
0.23794 0.03811 0.28190
0.67731 0.20661 0.06051
0.31837 0.04960 0.14232
0.75071 0.33845 0.08061
0.42857 0.08869 0.11829
0.75614 0.19430 0.02995
0.60269 0.14145 0.08010
0.64328 0.15271 0.05979
0.46725 0.03951 0.07142
0.64773 0.08186 0.01834
0.50688 0.00564 0.01083
0.40711 0.00035 0.00024
0.67411 0.00059 0.00017
0.10710 0.00011 0.00067
0.91235 0.00117 0.00007
0.11602 0.00012 0.00066
0.93942 0.00106 0.00005
0.09719 0.00010 0.00066
0.97990 0.00140 0.00003
0.02904 0.00008 0.00082
0.90255 0.00034 0.00006
0.01519 0.00005 0.00079
0.97848 0.00032 0.00003
0.01463 0.00005 0.00081
0.96555 0.00019 0.00004
0.02453 0.00005 0.00069
0.97519 0.00015 0.00003
0.01609 0.00004 0.00075
1.00000 0.00000 0.00000
0.57150 0.21446 0.08560
0.42525 0.10126 0.19329
0.55769 0.20552 0.09212
0.43333 0.12438 0.20567
0.58231 0.21231 0.07483
0.35087 0.06767 0.19927
0.64813 0.25317 0.06422
0.35567 0.05131 0.18662
0.64398 0.20072 0.05876
0.28678 0.03494 0.15553
0.78565 0.22387 0.03181
0.26099 0.01992 0.12233
0.79369 0.16777 0.03086
0.30406 0.05274 0.11140
0.70876 0.08207 0.05123
0.36878 0.05989 0.08971
0.59215 0.06491 0.09895
0.40520 0.03805 0.09206
0.76954 0.13823 0.02262
0.20214 0.00760 0.13102
0.79493 0.12967 0.00322
0.31397 0.01903 0.04573
0.84195 0.11536 0.00111
0.05679 0.00160 0.07911
0.82811 0.13837 0.00051
0.01888 0.00031 0.11570
0.89513 0.24583 0.00017
0.00575 0.00005 0.16031
0.90868 0.27693 0.00012
0.00259 0.00002 0.27352
0.95742 0.58821 0.00008
0.05972 0.00027 0.33419
0.99989 0.85429 0.00003
0.00027 0.00008 0.76609
0.99884 0.01591 0.00003
0.00211 0.00009 0.01169
1.00000 0.00000 0.00000
0.53951 0.24943 0.15597
0.57058 0.27100 0.15699
0.45799 0.16247 0.19598
0.50742 0.18124 0.16195
0.40963 0.09304 0.21596
0.59791 0.23220 0.10576
0.30986 0.07042 0.28793
0.68797 0.31802 0.07912
0.27784 0.06535 0.28761
0.72898 0.42108 0.05314
0.37633 0.08940 0.27729
0.46678 0.14306 0.11209
0.67021 0.24666 0.11091
0.36826 0.08646 0.16328
0.48682 0.06693 0.17034
0.33667 0.08463 0.10876
0.50818 0.04244 0.11786
0.25595 0.03643 0.08792
0.81269 0.23824 0.03472
0.19694 0.01324 0.10182
0.72336 0.07665 0.03973
0.22655 0.01860 0.11107
0.65015 0.08091 0.03350
0.38790 0.02160 0.06367
0.35035 0.02975 0.08282
0.24097 0.02034 0.08846
0.60751 0.06857 0.04338
0.51756 0.00910 0.02985
0.56627 0.05512 0.02113
0.22668 0.00427 0.10038
0.82864 0.14521 0.01985
0.14663 0.00207 0.13899
0.81745 0.07613 0.00690
0.24599 0.00447 0.07065
0.69438 0.04664 0.01124
0.61201 0.04151 0.02303
0.28413 0.01492 0.06477
0.71116 0.02572 0.00930
0.39891 0.02919 0.04434
0.32949 0.00017 0.00029
0.58651 0.00029 0.00014
0.31629 0.00013 0.00032
0.47972 0.00017 0.00018
0.45840 0.00014 0.00021
0.12354 0.00008 0.00044
0.86180 0.00016 0.00008
0.12337 0.00007 0.00048
0.94045 0.00016 0.00005
0.05841 0.00006 0.00059
0.50247 0.18020 0.13688
0.28593 0.06872 0.31290
0.55620 0.23759 0.11972
0.33011 0.07486 0.24065
0.64006 0.26261 0.07483
0.35024 0.12210 0.26225
0.59979 0.27603 0.12123
0.41604 0.21592 0.27582
0.52219 0.20127 0.21832
0.69841 0.44292 0.12723
0.42758 0.27802 0.33006
0.60464 0.40690 0.19541
0.63535 0.36645 0.22160
0.54448 0.31771 0.18124
0.55794 0.24580 0.21696
0.54806 0.34154 0.19214
0.60699 0.25413 0.21478
0.67590 0.36961 0.15780
0.42590 0.16051 0.33346
0.55757 0.25079 0.17622
0.57008 0.29470 0.18300
0.55922 0.26190 0.18331
0.45451 0.15531 0.23683
0.54625 0.24681 0.13629
0.35963 0.14167 0.28817
0.72686 0.31872 0.09646
0.46236 0.09233 0.21162
0.50382 0.17369 0.16358
0.46903 0.11768 0.16942
0.42704 0.14774 0.16881
0.59882 0.11736 0.10163
0.43945 0.10207 0.17575
0.54095 0.06733 0.12219
0.44511 0.11970 0.12000
0.65566 0.24777 0.10821
0.07377 0.02210 0.67207
0.86712 0.49724 0.03042
0.21358 0.03054 0.40367
0.85483 0.43983 0.03119
0.40032 0.15562 0.26029
0.71044 0.33057 0.07893
0.26308 0.06092 0.31106
0.61892 0.22852 0.06818
0.46678 0.06850 0.14332
0.48627 0.08610 0.05074
0.45767 0.06344 0.06993
0.54004 0.08125 0.09494
0.50309 0.05767 0.04008
0.75787 0.10490 0.02199
0.40094 0.02853 0.04079
0.67698 0.03936 0.01479
0.49328 0.03626 0.02356
0.78450 0.08918 0.01275
0.43133 0.01679 0.02893
0.63319 0.01279 0.00527
0.45558 0.00034 0.00016
0.55126 0.00041 0.00017
0.55232 0.00036 0.00017
0.42971 0.00020 0.00023
0.75112 0.00049 0.00010
0.32826 0.00015 0.00033
0.69454 0.00029 0.00011
0.40090 0.00016 0.00023
0.72705 0.00035 0.00010
0.33150 0.00015 0.00028
0.59905 0.00024 0.00013
0.64277 0.00022 0.00013
0.32431 0.00013 0.00028
0.65110 0.00018 0.00014
0.33940 0.00012 0.00029
0.65585 0.00015 0.00015
0.32836 0.00011 0.00033
0.69397 0.00015 0.00014
0.28151 0.00010 0.00037
0.73438 0.00015 0.00013
0.26868 0.00009 0.00037
0.77681 0.00012 0.00011
0.31441 0.00007 0.00033
1.00000 0.00000 0.00000
0.47339 0.14852 0.13689
0.52937 0.18369 0.12764
0.42746 0.11710 0.19110
0.38289 0.13487 0.19519
0.57109 0.16394 0.13305
0.30493 0.10146 0.20735
0.68836 0.21921 0.10928
0.53488 0.34137 0.11172
0.69529 0.22259 0.12123
0.22701 0.08378 0.18759
0.62270 0.13164 0.13018
0.22385 0.04832 0.18938
0.70526 0.14968 0.10228
0.28818 0.06832 0.13379
0.66136 0.12236 0.08200
0.45356 0.09683 0.10186
0.44623 0.04482 0.11705
0.59225 0.13995 0.04824
0.37385 0.02231 0.11864
0.40015 0.02933 0.10283
0.55167 0.05128 0.04712
0.30613 0.01828 0.11183
0.75318 0.12679 0.02818
0.14692 0.01038 0.21789
0.87391 0.23015 0.01349
0.09120 0.00459 0.28007
0.90335 0.27936 0.01219
0.07803 0.00553 0.33698
0.77968 0.15949 0.00918
0.08270 0.00400 0.43902
0.88409 0.21438 0.00326
0.01095 0.00021 0.48741
0.92250 0.48891 0.00027
0.00640 0.00012 0.41165
0.96297 0.43779 0.00004
0.00317 0.00003 0.34494
0.95535 0.39214 0.00003
0.00181 0.00001 0.44855
0.95247 0.40002 0.00004
0.00188 0.00002 0.40628
0.99980 0.48286 0.00003
0.00046 0.00008 0.45659
0.99979 0.66016 0.00004
0.00013 0.00005 0.95492
0.99989 0.95059 0.00003
0.00016 0.00004 0.94267
1.00000 1.00000 0.00000
0.43271 0.12253 0.20264
0.50769 0.15653 0.13650
0.42759 0.11574 0.17516
0.52664 0.16278 0.12765
0.45480 0.13153 0.15438
0.44293 0.10874 0.13587
0.47882 0.12585 0.17962
0.63354 0.25280 0.07366
0.16213 0.02140 0.39832
0.91695 0.60161 0.01121
0.13130 0.01254 0.42630
0.89033 0.52618 0.01189
0.24461 0.05659 0.31496
0.74775 0.24889 0.01072
0.27894 0.01527 0.15886
0.71655 0.20172 0.00735
0.21791 0.02054 0.15842
0.86908 0.19620 0.00753
0.13559 0.00475 0.16833
0.80096 0.19446 0.00177
0.11180 0.00164 0.11182
0.81213 0.16524 0.00055
0.10508 0.00050 0.07262
0.79111 0.08151 0.00068
0.05659 0.00025 0.06377
0.89276 0.17566 0.00011
0.02090 0.00007 0.12683
0.88679 0.18163 0.00024
0.06116 0.00026 0.26022
0.92408 0.43329 0.00017
0.02129 0.00006 0.62098
0.84350 0.53370 0.00020
0.20970 0.00115 0.44235
0.69725 0.34355 0.00016
0.40284 0.00137 0.11169
0.79923 0.26227 0.00010
0.38185 0.00138 0.09658
0.88171 0.18835 0.00008
0.13227 0.00032 0.17450
0.95097 0.20214 0.00006
0.02189 0.00016 0.16706
0.96098 0.13681 0.00006
0.01088 0.00005 0.18795
0.97687 0.16362 0.00003
0.00380 0.00012 0.18574
0.98454 0.22545 0.00006
0.06314 0.00006 0.08761
0.90671 0.18902 0.00021
0.04609 0.00008 0.15707
0.97374 0.36030 0.00010
0.02350 0.00007 0.32119
0.98777 0.37919 0.00003
0.00029 0.00008 0.76324
0.99979 0.69132 0.00004
0.00037 0.00012 0.85253
0.99946 0.65259 0.00007
0.00081 0.00008 0.63778
1.00000 1.00000 0.00000
0.56652 0.22168 0.11635
0.34344 0.08958 0.26361
0.51798 0.19062 0.14506
0.36138 0.11952 0.26170
0.92592 0.64606 0.01697
0.11827 0.02897 0.54155
0.88253 0.66428 0.02791
0.25579 0.07922 0.44171
0.92188 0.61732 0.01740
0.08539 0.01086 0.55243
0.94850 0.72834 0.01124
0.09246 0.00781 0.53956
0.95234 0.75443 0.00774
0.10986 0.00860 0.52755
0.92878 0.63633 0.01626
0.10829 0.00616 0.39398
0.91166 0.51592 0.02365
0.15557 0.03507 0.30251
0.87505 0.39153 0.02182
0.17755 0.01479 0.14028
0.84436 0.26308 0.00538
0.08419 0.00224 0.14847
0.86757 0.17832 0.00245
0.10637 0.00287 0.13893
0.84591 0.13557 0.00259
0.03980 0.00048 0.20591
0.90332 0.41872 0.00029
0.01420 0.00014 0.25271
0.88621 0.28264 0.00036
0.13157 0.00093 0.13558
0.91520 0.29348 0.00010
0.07930 0.00034 0.23749
0.97198 0.62223 0.00003
0.02630 0.00006 0.45843
0.97758 0.70935 0.00002
0.00112 0.00001 0.68161
0.98900 0.82170 0.00002
0.00044 0.00002 0.75256
0.99992 0.96256 0.00002
0.00009 0.00005 0.98186
1.00000 1.00000 0.00000
0.50604 0.17984 0.12711
0.51926 0.17242 0.14906
0.36362 0.12139 0.23479
0.58394 0.20169 0.11384
0.37846 0.10419 0.16044
0.60598 0.21655 0.11263
0.33165 0.09637 0.17751
0.60370 0.16385 0.08839
0.31912 0.07532 0.16704
0.69180 0.20250 0.11437
0.40214 0.18217 0.13228
0.53244 0.13832 0.21262
0.36836 0.11383 0.16450
0.76322 0.33050 0.08152
0.29878 0.12175 0.22408
0.65022 0.19531 0.13383
0.40980 0.09158 0.10462
0.62332 0.13588 0.09199
0.45192 0.08091 0.06850
0.51266 0.05895 0.10787
0.50378 0.08089 0.07773
0.50645 0.03947 0.10907
0.63271 0.13123 0.07936
0.55278 0.12643 0.09032
0.72485 0.25327 0.06692
0.32888 0.02179 0.12198
0.73291 0.11417 0.05194
0.34606 0.03031 0.09565
0.58870 0.04280 0.03518
0.46851 0.00863 0.03387
0.27285 0.00029 0.00042
0.75532 0.00124 0.00016
0.29922 0.00024 0.00022
0.74243 0.00075 0.00013
0.40118 0.00028 0.00019
0.69181 0.00044 0.00012
0.35806 0.00020 0.00026
0.59661 0.00026 0.00014
0.46875 0.00021 0.00016
0.39442 0.00016 0.00024
0.32915 0.00012 0.00025
0.33019 0.00010 0.00035
0.69537 0.00017 0.00013
0.06299 0.00006 0.00061
0.94901 0.00015 0.00004
0.05686 0.00005 0.00057
0.52130 0.18055 0.12415
0.51024 0.15369 0.12002
0.49310 0.16668 0.15020
0.61026 0.28524 0.10609
0.45056 0.13560 0.19044
0.66655 0.30793 0.11375
0.19170 0.06283 0.47430
0.88232 0.51678 0.03024
0.19063 0.05171 0.42292
0.70168 0.39395 0.09002
0.24920 0.05094 0.33502
0.65393 0.33748 0.07866
0.32874 0.08275 0.27901
0.62252 0.22200 0.05620
0.38377 0.05564 0.11175
0.69631 0.32498 0.03153
0.46654 0.05655 0.14391
0.62259 0.29952 0.05031
0.48697 0.04864 0.17642
0.66354 0.20031 0.09859
0.14156 0.00555 0.24341
0.87555 0.39002 0.02389
0.11033 0.00947 0.39291
0.92172 0.44970 0.01303
0.08016 0.00225 0.37732
0.90200 0.45958 0.01709
0.07657 0.00281 0.41090
0.91630 0.28850 0.00681
0.07708 0.00274 0.28384
0.89227 0.18931 0.00209
0.13120 0.00429 0.18235
0.81676 0.09906 0.00677
0.25931 0.02021 0.13989
0.87462 0.09368 0.00292
0.14135 0.00537 0.16845
0.96989 0.02576 0.00049
0.02978 0.00007 0.00376
0.98240 0.01179 0.00009
0.04688 0.00010 0.00487
0.97991 0.00377 0.00004
0.03054 0.00008 0.00263
0.99322 0.00621 0.00003
0.00451 0.00004 0.00404
0.99871 0.01145 0.00002
0.00315 0.00005 0.00598
0.99332 0.00139 0.00002
0.00761 0.00005 0.00122
0.99446 0.00142 0.00003
0.00605 0.00005 0.00127
0.99253 0.00079 0.00003
0.00370 0.00004 0.00192
1.00000 0.00000 0.00000
0.49898 0.16374 0.13020
0.50653 0.17650 0.12926
0.48578 0.13732 0.15100
0.49246 0.17386 0.13485
0.58240 0.22735 0.10000
0.44832 0.14406 0.15544
0.61211 0.23685 0.07472
0.36505 0.07256 0.19158
0.75547 0.43486 0.05063
0.23835 0.03968 0.31395
0.79043 0.34861 0.02909
0.29622 0.08866 0.33317
0.85735 0.42942 0.01541
0.27481 0.06724 0.34077
0.90217 0.48955 0.00703
0.25267 0.04527 0.36686
0.86841 0.50096 0.01174
0.31718 0.09668 0.31941
0.52688 0.26074 0.16545
0.26041 0.07514 0.40512
0.59210 0.33153 0.13067
0.49832 0.20947 0.25015
0.56934 0.28868 0.14826
0.31331 0.06471 0.30156
0.79007 0.27583 0.02146
0.26379 0.02405 0.17798
0.79133 0.24870 0.01655
0.16619 0.00910 0.16056
0.78264 0.16871 0.01644
0.24149 0.02935 0.16921
0.83344 0.13591 0.01229
0.16614 0.00528 0.05772
0.82187 0.10140 0.00960
0.22697 0.01145 0.06253
0.88783 0.16083 0.00153
0.17142 0.00658 0.12312
0.86275 0.08409 0.00086
0.04048 0.00023 0.14517
0.91982 0.12829 0.00010
0.01655 0.00009 0.23127
0.93793 0.13560 0.00008
0.01810 0.00009 0.20349
0.94993 0.18228 0.00006
0.00251 0.00003 0.25377
0.97739 0.17472 0.00002
0.02829 0.00018 0.14958
0.98191 0.27435 0.00002
0.00131 0.00006 0.07184
0.99962 0.07358 0.00002
0.00195 0.00011 0.06472
0.99949 0.09628 0.00003
0.00104 0.00026 0.59328
0.99953 0.77390 0.00003
0.00214 0.00010 0.01490
1.00000 0.00000 0.00000
0.44864 0.12957 0.16774
0.56463 0.22355 0.10740
0.47422 0.13935 0.18624
0.67759 0.37804 0.07669
0.46057 0.13264 0.21474
0.53432 0.22062 0.12412
0.41826 0.05841 0.21726
0.54136 0.20396 0.08209
0.67889 0.21172 0.09917
0.23796 0.05974 0.20940
0.69696 0.09952 0.09430
0.22094 0.04301 0.17294
0.80759 0.05648 0.03426
0.19418 0.01743 0.15642
0.80062 0.10721 0.03320
0.15766 0.02059 0.16564
0.80844 0.12366 0.02944
0.22749 0.01652 0.11014
0.79893 0.09241 0.02395
0.17392 0.00266 0.06624
0.87791 0.07756 0.00336
0.18592 0.00312 0.09554
0.86696 0.07361 0.00255
0.13101 0.00216 0.14706
0.86076 0.11297 0.00117
0.24066 0.01118 0.11575
0.87140 0.09750 0.00117
0.09211 0.00084 0.17584
0.63258 0.04430 0.00126
0.17564 0.00154 0.12574
0.82914 0.03759 0.00029
0.26985 0.00166 0.04962
0.76854 0.04295 0.00085
0.07267 0.00008 0.00133
0.91808 0.00134 0.00007
0.06205 0.00010 0.00105
0.94219 0.00055 0.00005
0.05070 0.00007 0.00081
0.94945 0.00036 0.00005
0.03374 0.00006 0.00075
0.97984 0.00037 0.00003
0.01647 0.00005 0.00087
0.97851 0.00029 0.00003
0.01689 0.00004 0.00080
0.97947 0.00020 0.00003
0.01722 0.00004 0.00076
0.55255 0.19205 0.12205
0.39142 0.12005 0.21433
0.57124 0.19332 0.11043
0.40453 0.12588 0.20863
0.61015 0.20476 0.07867
0.42127 0.14793 0.14935
0.66718 0.23873 0.06313
0.30808 0.07050 0.19775
0.60923 0.18008 0.09883
0.33965 0.07576 0.18467
0.46887 0.09716 0.15693
0.56470 0.17400 0.08952
0.53997 0.11114 0.10311
0.27979 0.03359 0.14055
0.61929 0.09554 0.05727
0.24030 0.03123 0.12791
0.77213 0.14399 0.03369
0.50278 0.17310 0.08676
0.38172 0.02742 0.13606
0.31358 0.03780 0.12316
0.83137 0.37874 0.02511
0.17972 0.01414 0.18621
0.67961 0.12338 0.06071
0.23025 0.01599 0.10714
0.61871 0.05588 0.08239
0.33834 0.03704 0.07327
0.50608 0.02762 0.10477
0.41751 0.05708 0.08002
0.50987 0.04474 0.05913
0.81461 0.07890 0.01867
0.05007 0.00167 0.35693
0.87032 0.10814 0.01124
0.12697 0.00774 0.20022
0.89732 0.04715 0.00371
0.14557 0.00779 0.08364
0.90684 0.03163 0.00307
0.11079 0.00430 0.04325
0.54058 0.09246 0.00410
0.14295 0.00300 0.04961
0.81466 0.03665 0.00118
0.33679 0.00374 0.03043
0.47948 0.04148 0.00331
0.68817 0.01064 0.01681
0.32581 0.00947 0.00380
0.59869 0.00438 0.00815
0.40913 0.00024 0.00022
0.48981 0.00020 0.00017
0.43641 0.00018 0.00019
0.44133 0.00016 0.00019
0.61432 0.00019 0.00014
0.30299 0.00011 0.00031
0.65295 0.00017 0.00014
0.30832 0.00010 0.00033
0.69391 0.00015 0.00014
0.28724 0.00010 0.00036
0.70999 0.00014 0.00014
0.53474 0.00013 0.00020
0.13183 0.00007 0.00048
1.00000 0.00000 0.00000
0.58698 0.28527 0.13385
0.46294 0.15886 0.19406
0.73946 0.47997 0.07223
0.45784 0.18046 0.24080
0.65833 0.37339 0.13325
0.46660 0.14933 0.15084
0.37691 0.09682 0.25930
0.47119 0.12664 0.13358
0.43253 0.11918 0.22657
0.53979 0.17908 0.14507
0.57757 0.13089 0.15093
0.34211 0.04639 0.12154
0.55228 0.14267 0.16146
0.24358 0.04569 0.24332
0.75159 0.22940 0.06395
0.18647 0.01177 0.16725
0.83333 0.14179 0.02265
0.33465 0.06269 0.10625
0.84072 0.12054 0.02121
0.51091 0.19431 0.07440
0.82864 0.12231 0.01470
0.32898 0.05088 0.08865
0.84522 0.09168 0.00618
0.22146 0.00837 0.08351
0.85031 0.10651 0.00648
0.23621 0.00515 0.05906
0.83098 0.08664 0.00992
0.23301 0.00514 0.06494
0.87338 0.11045 0.00565
0.12166 0.00144 0.08833
0.86964 0.10739 0.00406
0.11030 0.00210 0.11054
0.90966 0.09823 0.00155
0.11746 0.00353 0.08537
0.95422 0.07052 0.00017
0.00984 0.00006 0.04285
0.96130 0.12994 0.00010
0.00240 0.00004 0.05220
0.97511 0.08633 0.00003
0.05889 0.00018 0.05503
0.99900 0.01383 0.00002
0.00210 0.00009 0.02588
0.99955 0.12484 0.00003
0.00184 0.00014 0.09566
0.99866 0.14711 0.00004
0.00222 0.00004 0.00273
0.99831 0.00195 0.00002
0.00306 0.00004 0.00213
1.00000 0.00000 0.00000
0.53670 0.20050 0.11915
0.43690 0.12070 0.16872
0.41039 0.12513 0.16968
0.53499 0.15145 0.16212
0.42666 0.14654 0.17000
0.53789 0.15296 0.16173
0.37479 0.11398 0.20163
0.62147 0.22501 0.13564
0.68083 0.43327 0.08672
0.35810 0.06307 0.47415
0.72281 0.47388 0.06856
0.45330 0.06783 0.35521
0.54644 0.23083 0.11747
0.50780 0.10782 0.20696
0.42427 0.12419 0.10316
0.38065 0.02435 0.21128
0.37621 0.11165 0.11742
0.54992 0.03687 0.14914
0.37647 0.06770 0.12032
0.50438 0.07112 0.13167
0.68166 0.35917 0.04873
0.07769 0.00537 0.66335
0.87223 0.69947 0.01710
0.13163 0.00456 0.58675
0.86506 0.67436 0.01272
0.02430 0.00092 0.79962
0.96442 0.85952 0.00529
0.00728 0.00024 0.80543
0.98072 0.92814 0.00029
0.00330 0.00004 0.85385
0.98077 0.93816 0.00008
0.00475 0.00002 0.86662
0.99279 0.94142 0.00002
0.00064 0.00001 0.90294
0.99657 0.96314 0.00001
0.00053 0.00001 0.91802
0.99638 0.96219 0.00001
0.00069 0.00001 0.94175
0.99756 0.97013 0.00000
0.00049 0.00001 0.97338
0.99762 0.97351 0.00000
0.00007 0.00000 0.99790
0.99818 0.98207 0.00000
0.51775 0.18021 0.14673
0.36464 0.10185 0.25655
0.52442 0.14282 0.18780
0.41933 0.18813 0.19504
0.57775 0.15985 0.16077
0.38101 0.12668 0.19771
0.63706 0.16611 0.10233
0.35918 0.08088 0.12332
0.79768 0.27453 0.04136
0.32520 0.04401 0.11906
0.75355 0.18933 0.04598
0.34247 0.03700 0.10961
0.70292 0.11951 0.04588
0.33754 0.02318 0.08564
0.71933 0.08474 0.04057
0.38934 0.06923 0.06665
0.84175 0.11656 0.03023
0.21007 0.00834 0.10401
0.91713 0.16018 0.00677
0.29598 0.01030 0.08569
0.83460 0.10582 0.02045
0.29304 0.00724 0.08218
0.58490 0.05039 0.01507
0.56052 0.00202 0.01053
0.12550 0.00013 0.00083
0.92124 0.00126 0.00006
0.13808 0.00013 0.00049
0.93169 0.00091 0.00005
0.08735 0.00010 0.00063
0.93492 0.00045 0.00005
0.10153 0.00010 0.00048
0.93439 0.00027 0.00005
0.07827 0.00008 0.00048
0.83489 0.00020 0.00009
0.14310 0.00008 0.00047
0.92666 0.00019 0.00005
0.05946 0.00006 0.00062
0.96500 0.00021 0.00004
0.01347 0.00004 0.00080
1.00000 0.00000 0.00000
0.48965 0.18142 0.16279
0.53283 0.18756 0.11909
0.48916 0.19918 0.16100
0.56347 0.23244 0.11187
0.41518 0.13368 0.19542
0.49878 0.18682 0.16199
0.49131 0.21970 0.15266
0.54196 0.26200 0.15093
0.47083 0.19976 0.17418
0.52721 0.14453 0.12254
0.53364 0.21911 0.12475
0.50830 0.18611 0.14392
0.65718 0.25051 0.05294
0.44795 0.08828 0.14001
0.42892 0.06692 0.12226
0.60252 0.14819 0.06485
0.52857 0.14572 0.13443
0.66251 0.31967 0.08038
0.34077 0.02588 0.16620
0.64449 0.14893 0.01836
0.58767 0.03758 0.03178
0.51969 0.01991 0.01272
0.44268 0.02181 0.02544
0.64040 0.01683 0.00772
0.34049 0.01641 0.03412
0.72124 0.02366 0.00546
0.44095 0.01413 0.03654
0.66124 0.00069 0.00017
0.32995 0.00027 0.00024
0.66480 0.00053 0.00014
0.54327 0.00044 0.00017
0.41531 0.00025 0.00022
0.52973 0.00023 0.00014
0.45658 0.00021 0.00020
0.60898 0.00023 0.00013
0.36306 0.00015 0.00025
0.80248 0.00040 0.00010
0.15317 0.00009 0.00061
0.91400 0.00043 0.00006
0.14523 0.00008 0.00064
0.87611 0.00029 0.00007
0.22043 0.00009 0.00046
0.79699 0.00019 0.00011
0.31690 0.00010 0.00036
0.70318 0.00015 0.00014
0.32764 0.00010 0.00034
0.73082 0.00014 0.00013
0.28765 0.00010 0.00036
0.77681 0.00012 0.00011
0.53059 0.18465 0.11650
0.56394 0.23179 0.12400
0.34636 0.10035 0.31060
0.63015 0.32073 0.08905
0.36147 0.09375 0.28936
0.65601 0.29232 0.08528
0.32254 0.07547 0.30512
0.72541 0.36674 0.06262
0.26886 0.06595 0.38439
0.77838 0.46467 0.05172
0.27552 0.05085 0.35629
0.75000 0.36585 0.05660
0.24844 0.03789 0.38635
0.76478 0.39063 0.05168
0.33515 0.04451 0.27327
0.61745 0.25841 0.11049
0.21858 0.02649 0.20122
0.64315 0.29705 0.10473
0.15824 0.02282 0.40484
0.79501 0.31248 0.03160
0.17979 0.01446 0.22411
0.80709 0.30903 0.04357
0.26407 0.04879 0.25559
0.46279 0.18413 0.22124
0.34416 0.09060 0.25648
0.62009 0.18927 0.13289
0.20189 0.02336 0.22266
0.77031 0.30885 0.06793
0.20177 0.01386 0.17441
0.72859 0.23647 0.08003
0.24076 0.01442 0.17266
0.64169 0.12841 0.11933
0.17781 0.02223 0.33333
0.81379 0.16620 0.02166
0.21382 0.01396 0.16758
0.90813 0.41559 0.00947
0.04367 0.00265 0.49884
0.93491 0.58846 0.00761
0.04699 0.00237 0.56665
0.94731 0.64133 0.00793
0.00872 0.00031 0.85893
0.97723 0.79588 0.00217
0.01346 0.00044 0.75422
0.98209 0.84851 0.00101
0.00262 0.00011 0.81714
0.97875 0.87325 0.00039
0.03753 0.00108 0.70487
0.98486 0.90628 0.00012
0.00088 0.00009 0.93602
0.98563 0.93029 0.00009
0.00013 0.00001 0.97417
0.99462 0.96306 0.00002
0.00007 0.00001 0.97799
0.99567 0.97098 0.00002
0.00004 0.00001 0.98698
0.99708 0.98023 0.00001
0.00468 0.00001 0.96297
0.99761 0.98138 0.00000
0.00010 0.00000 0.99438
0.99834 0.98810 0.00000
0.00314 0.00001 0.96919
0.99709 0.97903 0.00001
0.00001 0.00001 0.99743
0.99999 0.99565 0.00000
0.54350 0.19662 0.12266
0.40549 0.11356 0.19196
0.53371 0.21045 0.11831
0.38116 0.10674 0.25133
0.53052 0.23675 0.09154
0.44192 0.15735 0.24247
0.49361 0.24750 0.14805
0.33193 0.11194 0.35111
0.66105 0.30629 0.08094
0.30425 0.06089 0.24078
0.70501 0.33119 0.05919
0.27891 0.02965 0.20192
0.77673 0.26518 0.02532
0.22099 0.01156 0.22529
0.86935 0.33846 0.00802
0.20164 0.01026 0.22683
0.87326 0.32841 0.00515
0.22812 0.01149 0.19004
0.90035 0.34121 0.00367
0.11035 0.00247 0.22209
0.90701 0.28657 0.00330
0.11538 0.00214 0.14796
0.83941 0.16553 0.00796
0.09853 0.00086 0.07206
0.84639 0.13641 0.00057
0.17049 0.00109 0.05108
0.90379 0.31822 0.00028
0.01164 0.00010 0.16091
0.91698 0.41290 0.00023
0.12354 0.00071 0.12754
0.94043 0.47290 0.00013
0.00360 0.00005 0.12897
0.99966 0.06035 0.00002
0.00208 0.00009 0.04261
0.99952 0.04408 0.00002
0.00229 0.00008 0.02621
0.99312 0.00053 0.00003
0.00490 0.00004 0.00154
0.99854 0.00024 0.00001
0.43675 0.14400 0.19236
0.56120 0.21473 0.13263
0.46864 0.17736 0.17123
0.40831 0.10386 0.17069
0.58867 0.17447 0.10133
0.41820 0.12760 0.14938
0.60394 0.17996 0.09743
0.27015 0.06896 0.19543
0.61121 0.15324 0.09116
0.60691 0.41864 0.05796
0.30254 0.09685 0.47207
0.66956 0.49105 0.03212
0.62502 0.29414 0.24706
0.21636 0.13582 0.34915
0.53780 0.26603 0.32263
0.54253 0.42659 0.07549
0.48167 0.19597 0.34428
0.35581 0.27721 0.17460
0.78864 0.34599 0.11779
0.25329 0.11346 0.11752
0.71808 0.26092 0.08920
0.10453 0.02155 0.15555
0.80780 0.31816 0.03825
0.61763 0.41065 0.09399
0.61086 0.14654 0.12041
0.67904 0.29472 0.06975
0.26293 0.09226 0.34516
0.76280 0.33471 0.04335
0.24757 0.04814 0.34255
0.60103 0.20832 0.07728
0.32205 0.05944 0.08467
0.37161 0.03179 0.11106
0.83006 0.26869 0.02862
0.11197 0.00421 0.12761
0.62163 0.10647 0.03569
0.35444 0.02103 0.10556
0.59804 0.08163 0.04154
0.36978 0.02226 0.09370
0.52708 0.05723 0.04841
0.12069 0.00577 0.18356
0.85828 0.23811 0.02538
0.15454 0.00806 0.20228
0.82038 0.35016 0.00700
0.18181 0.01130 0.17040
0.86690 0.17984 0.00067
0.03399 0.00079 0.11583
0.95552 0.49027 0.00032
0.00045 0.00005 0.60217
0.99982 0.37099 0.00003
0.00035 0.00006 0.39462
0.99982 0.52623 0.00003
0.00043 0.00006 0.35275
0.99979 0.42416 0.00003
0.00045 0.00008 0.45418
0.99978 0.66581 0.00004
0.00056 0.00010 0.45549
0.99973 0.58855 0.00004
0.00081 0.00018 0.52915
0.99958 0.66139 0.00006
0.00057 0.00017 0.83584
1.00000 1.00000 0.00000
0.52353 0.19729 0.15011
0.53001 0.20230 0.16798
0.37779 0.13831 0.23048
0.58471 0.21863 0.15382
0.39379 0.13983 0.24122
0.38254 0.09130 0.23401
0.65374 0.29551 0.07680
0.37344 0.08952 0.25838
0.60677 0.24152 0.08393
0.57164 0.22318 0.13725
0.48321 0.16988 0.17666
0.48920 0.14395 0.16078
0.60503 0.19065 0.08165
0.41429 0.09689 0.16305
0.40931 0.14976 0.15890
0.47684 0.12742 0.13347
0.36730 0.08529 0.20676
0.48000 0.06950 0.08333
0.33457 0.05025 0.17747
0.38643 0.04078 0.07015
0.30916 0.03686 0.18562
0.56441 0.13459 0.05334
0.43510 0.03020 0.10361
0.39351 0.03205 0.03511
0.23705 0.01257 0.08958
0.73980 0.14745 0.01223
0.33119 0.01103 0.05509
0.68312 0.07648 0.00587
0.48862 0.01358 0.02018
0.54666 0.01209 0.00573
0.49827 0.00703 0.02449
0.49284 0.02847 0.00734
0.52753 0.00030 0.00017
0.24455 0.00013 0.00035
0.74367 0.00028 0.00010
0.27265 0.00011 0.00034
0.69733 0.00021 0.00011
0.35900 0.00012 0.00025
0.80584 0.00022 0.00008
0.28543 0.00011 0.00029
0.79376 0.00021 0.00011
0.06649 0.00006 0.00057
0.92105 0.00020 0.00006
0.07823 0.00006 0.00056
0.93193 0.00017 0.00006
0.06671 0.00006 0.00058
0.57303 0.23367 0.11794
0.41895 0.14314 0.18966
0.65142 0.34001 0.08432
0.45934 0.23066 0.23845
0.59245 0.25501 0.13564
0.38534 0.16621 0.33977
0.70125 0.42851 0.08382
0.27597 0.06453 0.39149
0.81675 0.51363 0.03744
0.22464 0.03500 0.38246
0.82206 0.51318 0.04366
0.20452 0.02698 0.36618
0.85425 0.52040 0.03945
0.41542 0.08617 0.30386
0.65189 0.42090 0.09714
0.34078 0.04271 0.34202
0.71610 0.45704 0.07690
0.28829 0.04961 0.45261
0.72265 0.54779 0.06365
0.40200 0.04469 0.31608
0.53827 0.36208 0.09163
0.25471 0.04128 0.54852
0.86174 0.77045 0.02832
0.23765 0.03219 0.63905
0.76298 0.60677 0.03639
0.36233 0.02343 0.35289
0.87413 0.56238 0.01779
0.15523 0.00891 0.44471
0.94691 0.60150 0.00644
0.08272 0.00406 0.47590
0.92878 0.53087 0.00919
0.10328 0.00432 0.44029
0.85933 0.42323 0.01043
0.13603 0.00746 0.24951
0.80945 0.25082 0.02464
0.22090 0.01685 0.22060
0.51788 0.12622 0.08440
0.48303 0.05181 0.11321
0.58802 0.22613 0.08816
0.32033 0.06134 0.26077
0.58071 0.11099 0.01672
0.47129 0.05474 0.07348
0.23745 0.02368 0.03063
0.65280 0.09598 0.04026
0.35502 0.01473 0.02865
0.64971 0.05373 0.02531
0.27219 0.00615 0.02607
0.62892 0.03227 0.01097
0.34931 0.02056 0.02989
0.65691 0.03622 0.01329
0.46790 0.00548 0.01402
0.55335 0.00042 0.00013
0.17109 0.00012 0.00056
0.69964 0.00026 0.00011
0.38579 0.00015 0.00024
0.62150 0.00024 0.00013
0.33542 0.00011 0.00030
0.64141 0.00017 0.00013
0.44398 0.00014 0.00021
0.63674 0.00019 0.00013
0.44996 0.00013 0.00021
0.53128 0.00014 0.00018
0.45133 0.00012 0.00023
0.54422 0.00013 0.00019
0.66772 0.00015 0.00015
0.73912 0.00015 0.00012
0.31441 0.00007 0.00033
0.39928 0.10611 0.23345
0.71008 0.41100 0.05702
0.53148 0.21610 0.17207
0.58210 0.35885 0.10705
0.39628 0.11309 0.29488
0.65512 0.38556 0.07208
0.43295 0.15481 0.30246
0.67177 0.49320 0.08690
0.42727 0.23099 0.24364
0.58796 0.28642 0.14886
0.53858 0.27492 0.13828
0.60037 0.28821 0.18740
0.43398 0.17975 0.13911
0.39274 0.13551 0.39522
0.60497 0.30114 0.12986
0.13711 0.06838 0.48611
0.65905 0.45639 0.15482
0.25794 0.11225 0.49022
0.79570 0.49227 0.06406
0.62586 0.23487 0.16367
0.28717 0.12254 0.24434
0.74598 0.27832 0.14293
0.43059 0.12740 0.41594
0.46200 0.28593 0.15313
0.49060 0.11227 0.32627
0.33079 0.11953 0.12534
0.77905 0.23744 0.08319
0.53715 0.34178 0.08876
0.63929 0.13083 0.14980
0.27452 0.04572 0.10632
0.81159 0.16447 0.06167
0.26573 0.02808 0.15127
0.88595 0.22750 0.02907
0.22639 0.01270 0.12367
0.88810 0.22603 0.02287
0.26016 0.02787 0.11422
0.53468 0.06970 0.20344
0.53443 0.06775 0.04684
0.53726 0.05736 0.24302
0.50031 0.07946 0.06218
0.50555 0.07777 0.10037
0.29461 0.11549 0.18707
0.48310 0.08669 0.28148
0.35979 0.16783 0.11410
0.62973 0.13020 0.13926
0.19703 0.03087 0.15578
0.81232 0.15435 0.04695
0.32116 0.14139 0.12762
0.17436 0.02132 0.59505
0.73425 0.40285 0.05884
0.05532 0.00768 0.79265
0.89888 0.75692 0.03226
0.06709 0.00716 0.73211
0.86796 0.59979 0.00985
0.03648 0.00374 0.80218
0.74788 0.62224 0.04808
0.07469 0.00928 0.72846
0.89261 0.44311 0.01427
0.15616 0.01036 0.47810
0.97316 0.74381 0.00110
0.00079 0.00010 0.65759
0.99998 0.89343 0.00001
0.00024 0.00007 0.72857
0.99998 0.85697 0.00001
0.00046 0.00009 0.55807
0.99996 0.69017 0.00002
0.00056 0.00011 0.49844
0.99989 0.70830 0.00003
0.00019 0.00006 0.73505
0.99988 0.80393 0.00003
0.00013 0.00007 0.93578
0.99995 0.97516 0.00002
0.47830 0.15054 0.19210
0.51253 0.21182 0.14297
0.49122 0.13171 0.22449
0.47041 0.16458 0.13800
0.31026 0.04610 0.34699
0.39917 0.12125 0.18207
0.52862 0.11478 0.16503
0.36216 0.09809 0.13730
0.55490 0.09352 0.13835
0.43180 0.10027 0.10057
0.56487 0.08486 0.10393
0.36377 0.06734 0.11207
0.67704 0.18725 0.07220
0.37654 0.04450 0.08278
0.74981 0.20859 0.04975
0.31164 0.02875 0.12514
0.58163 0.08027 0.03732
0.38109 0.01056 0.04698
0.76481 0.12502 0.01172
0.14429 0.01093 0.19768
0.86225 0.16425 0.00751
0.06275 0.00340 0.37620
0.91290 0.28997 0.00564
0.04450 0.00206 0.38054
0.89951 0.29048 0.00366
0.02413 0.00021 0.30832
0.81502 0.23873 0.00047
0.01247 0.00012 0.33591
0.81974 0.25610 0.00038
0.01728 0.00011 0.39014
0.82518 0.29341 0.00037
0.11416 0.00047 0.34633
0.85629 0.39830 0.00037
0.00237 0.00002 0.47673
0.89960 0.50242 0.00019
0.00125 0.00002 0.61859
0.91969 0.59196 0.00013
0.00164 0.00004 0.62877
0.99996 0.69818 0.00002
0.00018 0.00006 0.75198
0.99983 0.74439 0.00004
0.00038 0.00010 0.68784
0.99992 0.95133 0.00002
0.00003 0.00002 0.99807
1.00000 1.00000 0.00000
0.44513 0.13896 0.15570
0.56026 0.19748 0.12924
0.45206 0.16760 0.16443
0.54456 0.16709 0.15028
0.43553 0.12860 0.17586
0.53691 0.19631 0.14639
0.29911 0.04975 0.21458
0.59812 0.15034 0.11375
0.45756 0.18750 0.15811
0.60256 0.15771 0.11913
0.40290 0.08234 0.08552
0.66288 0.12066 0.11243
0.51372 0.09298 0.08417
0.66616 0.14781 0.07330
0.28433 0.02402 0.13174
0.81001 0.19847 0.01970
0.26110 0.01407 0.09376
0.79454 0.18592 0.01890
0.32353 0.02929 0.07529
0.86623 0.15393 0.00455
0.14972 0.00144 0.05094
0.85223 0.08907 0.00166
0.02314 0.00064 0.22906
0.89653 0.11291 0.00131
0.15791 0.00262 0.17563
0.87900 0.08798 0.00032
0.00399 0.00003 0.23108
0.92464 0.15965 0.00007
0.00087 0.00003 0.19915
0.95126 0.27570 0.00004
0.00061 0.00005 0.26218
0.96705 0.40493 0.00003
0.00044 0.00006 0.47308
0.99981 0.57500 0.00004
0.00017 0.00007 0.89800
0.99992 0.96007 0.00002
0.47850 0.15015 0.13666
0.41730 0.12325 0.17292
0.41295 0.09759 0.24382
0.42159 0.09398 0.12938
0.64708 0.31942 0.09855
0.32634 0.06969 0.27210
0.58056 0.19006 0.06886
0.44393 0.05520 0.13074
0.64949 0.22450 0.05531
0.39117 0.07480 0.19126
0.58468 0.12245 0.05097
0.61688 0.21760 0.09541
0.40581 0.08852 0.25843
0.59819 0.15186 0.07675
0.50733 0.09401 0.11916
0.68822 0.22046 0.06440
0.40798 0.08358 0.12115
0.77772 0.27953 0.04375
0.38921 0.07708 0.12570
0.81323 0.26636 0.02987
0.56681 0.18363 0.09964
0.37489 0.11089 0.22545
0.72943 0.25833 0.04503
0.15251 0.02257 0.36008
0.77609 0.34341 0.05668
0.44473 0.12221 0.15319
0.69076 0.17717 0.04840
0.43235 0.09179 0.16128
0.64358 0.12737 0.06045
0.52208 0.11878 0.11480
0.47835 0.11529 0.11585
0.31227 0.04414 0.21377
0.74267 0.30230 0.11058
0.13605 0.02649 0.37957
0.88619 0.33370 0.02160
0.38125 0.03607 0.18627
0.76095 0.20614 0.03086
0.50406 0.07780 0.13811
0.56363 0.11057 0.05507
0.57677 0.01954 0.05391
0.71952 0.22410 0.02501
0.55471 0.01257 0.05114
0.60042 0.13161 0.01451
0.73344 0.00769 0.02570
0.18007 0.02079 0.01628
0.86170 0.02628 0.01586
0.06917 0.00440 0.01609
0.91320 0.03438 0.00770
0.00843 0.00051 0.00873
0.99869 0.01273 0.00002
0.00283 0.00003 0.00458
0.99862 0.01003 0.00002
0.00350 0.00004 0.00386
0.99759 0.00504 0.00002
0.00354 0.00005 0.00293
0.99829 0.00497 0.00003
0.00435 0.00005 0.00206
0.99826 0.00555 0.00003
0.00279 0.00005 0.00256
0.99887 0.17556 0.00003
0.00226 0.00005 0.00374
1.00000 0.00000 0.00000
0.53736 0.21842 0.12972
0.54421 0.24904 0.13564
0.51841 0.18251 0.16189
0.55361 0.27473 0.12804
0.53113 0.22527 0.19078
0.54008 0.28444 0.14448
0.59150 0.29496 0.16478
0.34882 0.13189 0.26775
0.69944 0.21334 0.13408
0.36749 0.10886 0.15643
0.75925 0.16585 0.07182
0.26074 0.02761 0.22781
0.84830 0.24563 0.04249
0.19441 0.01679 0.22468
0.86750 0.31468 0.02938
0.24885 0.01790 0.23281
0.74283 0.15585 0.06194
0.51062 0.05144 0.07290
0.62591 0.06834 0.09112
0.37851 0.02823 0.08501
0.72837 0.07560 0.04054
0.33526 0.01222 0.08307
0.77409 0.10680 0.02149
0.54873 0.06968 0.06490
0.68921 0.05156 0.02361
0.59101 0.01173 0.02620
0.15125 0.00747 0.05492
0.82268 0.02776 0.01127
0.12059 0.00358 0.05314
0.86707 0.04918 0.00981
0.11372 0.00409 0.04613
0.94476 0.07957 0.00053
0.00903 0.00024 0.05601
0.99735 0.00576 0.00001
0.00296 0.00004 0.00505
0.99908 0.01384 0.00001
0.00202 0.00004 0.00753
0.99934 0.01985 0.00001
0.00238 0.00005 0.00672
0.99874 0.00904 0.00002
0.00287 0.00006 0.00700
0.99688 0.00260 0.00002
0.00400 0.00004 0.00195
0.99708 0.00210 0.00003
0.00266 0.00004 0.00238
1.00000 0.00000 0.00000
0.55550 0.20846 0.12697
0.40414 0.12235 0.24676
0.59551 0.25962 0.10386
0.44569 0.12764 0.21069
0.44384 0.14884 0.17182
0.55620 0.10735 0.18785
0.47003 0.13422 0.12811
0.53015 0.08651 0.15135
0.52167 0.12742 0.10464
0.35578 0.03190 0.20156
0.47817 0.08356 0.11878
0.54456 0.04486 0.06703
0.40225 0.02542 0.09963
0.34655 0.04208 0.08379
0.13389 0.01307 0.32927
0.66926 0.18722 0.03663
0.18964 0.01267 0.29582
0.62840 0.14009 0.03400
0.67168 0.13930 0.08096
0.38384 0.05618 0.08604
0.60901 0.06759 0.09886
0.30034 0.01927 0.07876
0.64342 0.06669 0.03093
0.59463 0.08328 0.05055
0.68863 0.03860 0.01709
0.45841 0.01595 0.02265
0.75782 0.02580 0.01720
0.55710 0.03492 0.01943
0.27615 0.00990 0.09954
0.83033 0.06291 0.00709
0.21756 0.00823 0.13070
0.82029 0.02924 0.00307
0.15783 0.00506 0.13275
0.90430 0.07922 0.00225
0.08273 0.00164 0.13562
0.92465 0.07801 0.00112
0.02560 0.00016 0.05567
0.99436 0.00995 0.00004
0.00639 0.00005 0.00381
0.99857 0.00967 0.00002
0.00549 0.00006 0.00304
0.99793 0.00554 0.00002
0.00344 0.00006 0.00555
0.99899 0.01528 0.00003
0.00254 0.00005 0.00310
0.99846 0.00268 0.00002
0.00280 0.00004 0.00232
1.00000 0.00000 0.00000
0.45014 0.15595 0.17513
0.55293 0.18565 0.13426
0.40600 0.13383 0.17141
0.63737 0.25857 0.11764
0.40826 0.14423 0.18637
0.48584 0.14362 0.18724
0.45950 0.16785 0.18162
0.56994 0.10433 0.17119
0.39547 0.17695 0.13388
0.74451 0.31231 0.18994
0.35863 0.21330 0.13349
0.57618 0.13602 0.35475
0.50270 0.35140 0.09036
0.67529 0.24472 0.27885
0.46845 0.36397 0.11766
0.63267 0.18880 0.32024
0.42014 0.24875 0.11402
0.62796 0.11165 0.32274
0.29679 0.12613 0.18695
0.79765 0.19295 0.07784
0.16431 0.06109 0.17986
0.87818 0.25509 0.04570
0.45463 0.32219 0.07270
0.35832 0.04888 0.52646
0.72769 0.55906 0.04442
0.66755 0.19215 0.20741
0.51952 0.20695 0.08490
0.47191 0.07401 0.17301
0.60763 0.18231 0.03257
0.58440 0.09487 0.11684
0.79919 0.36129 0.01752
0.47765 0.04947 0.09580
0.76176 0.19356 0.01970
0.24851 0.01818 0.09049
0.95261 0.08868 0.00572
0.53653 0.07119 0.10795
0.90325 0.37191 0.00118
0.28591 0.00695 0.16685
0.97307 0.20774 0.00007
0.22912 0.00585 0.06255
0.99964 0.04351 0.00001
0.00216 0.00004 0.01528
0.99927 0.01877 0.00001
0.00557 0.00005 0.00405
0.99760 0.00436 0.00002
0.00733 0.00005 0.00135
0.99824 0.00529 0.00002
0.00398 0.00005 0.00246
0.99864 0.01045 0.00003
0.00269 0.00005 0.00280
0.99818 0.00203 0.00002
0.00299 0.00004 0.00221
1.00000 0.00000 0.00000
0.54563 0.18438 0.12327
0.44125 0.13183 0.16750
0.51134 0.17074 0.16302
0.47663 0.15457 0.15304
0.51129 0.18322 0.15834
0.48527 0.14305 0.15022
0.46114 0.10589 0.14515
0.48878 0.15012 0.12684
0.40045 0.08618 0.18500
0.48868 0.15133 0.12540
0.51630 0.14765 0.14087
0.48417 0.12845 0.11967
0.30037 0.04096 0.15519
0.87299 0.48744 0.01453
0.13956 0.01009 0.36080
0.93322 0.66863 0.00528
0.12525 0.01403 0.41441
0.94352 0.72668 0.00428
0.03399 0.00212 0.64418
0.98686 0.89847 0.00222
0.01199 0.00037 0.83202
0.99554 0.94514 0.00069
0.00622 0.00017 0.91358
0.98651 0.95979 0.00031
0.00224 0.00005 0.96293
0.98904 0.96610 0.00010
0.00048 0.00001 0.98118
0.98834 0.96475 0.00004
0.01564 0.00009 0.93508
0.98586 0.96207 0.00005
0.00020 0.00000 0.98865
0.99179 0.97254 0.00003
0.00015 0.00000 0.99562
0.99901 0.98945 0.00000
0.00004 0.00000 0.99845
0.99886 0.98543 0.00000
0.00003 0.00000 0.99842
0.99854 0.98072 0.00000
0.00003 0.00000 0.99778
0.99913 0.98977 0.00000
0.00740 0.00001 0.97290
0.99986 0.99845 0.00000
0.55993 0.23643 0.11501
0.36770 0.09307 0.26570
0.64899 0.29679 0.07566
0.49004 0.13436 0.16632
0.44596 0.13508 0.15438
0.49866 0.17822 0.15009
0.56348 0.23643 0.12123
0.45166 0.12537 0.21768
0.55375 0.31736 0.11436
0.59291 0.21246 0.15797
0.34427 0.14563 0.19268
0.56901 0.11920 0.26618
0.52603 0.32966 0.14091
0.26304 0.04663 0.30059
0.66727 0.29676 0.06269
0.30309 0.05446 0.24202
0.64903 0.24603 0.07210
0.34344 0.08813 0.23306
0.37771 0.13999 0.20398
0.54028 0.17545 0.17957
0.52790 0.11674 0.13742
0.38972 0.05606 0.12925
0.54600 0.10709 0.11282
0.45715 0.04792 0.07267
0.66416 0.13260 0.06209
0.40129 0.04588 0.08495
0.56558 0.08532 0.11490
0.59546 0.16194 0.09185
0.57036 0.06806 0.04891
0.58418 0.15697 0.06543
0.55155 0.04572 0.04321
0.36308 0.02327 0.02625
0.61491 0.02792 0.05989
0.24807 0.01964 0.04704
0.76209 0.02321 0.02496
0.45795 0.04217 0.03347
0.97303 0.00425 0.00006
0.01390 0.00005 0.00252
0.99719 0.00924 0.00002
0.00646 0.00005 0.00292
0.99781 0.00679 0.00002
0.00479 0.00006 0.00312
0.99248 0.00123 0.00003
0.00604 0.00005 0.00145
0.99078 0.00073 0.00003
0.00629 0.00004 0.00134
0.99328 0.00084 0.00003
0.00546 0.00004 0.00144
0.99048 0.00038 0.00003
0.00581 0.00004 0.00136
1.00000 0.00000 0.00000
0.46628 0.14493 0.15651
0.49562 0.15261 0.12812
0.54284 0.19800 0.12081
0.48309 0.15089 0.14387
0.42515 0.11490 0.16916
0.65370 0.31028 0.07179
0.41713 0.13683 0.21026
0.71533 0.40314 0.06240
0.45835 0.29043 0.31008
0.54590 0.31309 0.17246
0.61118 0.42834 0.22758
0.26878 0.12167 0.43972
0.77939 0.60632 0.06604
0.23718 0.06119 0.41503
0.79925 0.60790 0.04829
0.28163 0.07923 0.34183
0.84171 0.67142 0.06503
0.16359 0.04653 0.61214
0.85541 0.75646 0.05623
0.11147 0.02253 0.81041
0.97193 0.95176 0.01017
0.35224 0.04584 0.63095
0.96875 0.95347 0.01440
0.24926 0.03319 0.68632
0.97141 0.95606 0.01342
0.13054 0.02271 0.79868
0.97964 0.96170 0.00791
0.10213 0.00770 0.80655
0.99306 0.97502 0.00280
0.03320 0.00285 0.92557
0.99475 0.98136 0.00250
0.02599 0.00141 0.94065
0.99668 0.98259 0.00116
0.00544 0.00047 0.97659
0.99851 0.99179 0.00048
0.00208 0.00018 0.98644
0.99815 0.99082 0.00026
0.00089 0.00008 0.99229
0.99788 0.98796 0.00019
0.00086 0.00008 0.99225
0.99820 0.98897 0.00021
0.00047 0.00005 0.99554
0.99673 0.98026 0.00011
0.02949 0.00131 0.94773
0.99371 0.97933 0.00062
0.01735 0.00101 0.96826
0.99601 0.98263 0.00042
0.02486 0.00093 0.94952
0.99422 0.97654 0.00050
0.00255 0.00021 0.98469
0.99087 0.96202 0.00119
0.00318 0.00018 0.97309
0.99004 0.96144 0.00031
0.00434 0.00024 0.92703
0.98260 0.93761 0.00022
0.05827 0.00267 0.78886
0.97717 0.90893 0.00022
0.09637 0.00252 0.74117
0.94285 0.86875 0.00047
0.01353 0.00040 0.92418
0.98141 0.94099 0.00017
0.11476 0.00220 0.74795
0.96170 0.85127 0.00021
0.04883 0.00086 0.81477
0.97381 0.91367 0.00022
0.14307 0.00192 0.64790
0.98619 0.95277 0.00012
0.08209 0.00115 0.70185
0.99343 0.94995 0.00006
0.06754 0.00055 0.82617
0.99387 0.94072 0.00003
0.00227 0.00004 0.92148
0.99068 0.95774 0.00002
0.00032 0.00002 0.96556
0.99188 0.96546 0.00002
0.10595 0.00058 0.79403
0.91269 0.82749 0.00010
0.22375 0.00151 0.53495
0.77694 0.73114 0.00007
0.19023 0.00081 0.66413
0.93947 0.87743 0.00003
0.11705 0.00059 0.72546
0.95528 0.89781 0.00005
0.00227 0.00001 0.96739
0.97295 0.92068 0.00004
0.05765 0.00015 0.79994
0.98301 0.94960 0.00004
0.01463 0.00005 0.91273
0.99232 0.94023 0.00001
0.01066 0.00003 0.90855
0.99427 0.95798 0.00001
0.00001 0.00001 0.99370
1.00000 0.99721 0.00000
0.00000 0.00000 0.99962
1.00000 0.99755 0.00000
0.00000 0.00000 0.99975
1.00000 1.00000 0.00000
0.51660 0.15099 0.13744
0.42915 0.14356 0.14052
0.42681 0.09277 0.18789
0.50336 0.18478 0.10030
0.45764 0.13497 0.16925
0.45319 0.16800 0.12296
0.44794 0.11383 0.18970
0.39267 0.14172 0.16577
0.52985 0.16684 0.15275
0.41187 0.12753 0.15438
0.62557 0.22733 0.09830
0.25153 0.04908 0.32929
0.68612 0.20328 0.06040
0.24161 0.08719 0.16890
0.46810 0.12010 0.28952
0.51032 0.27949 0.07947
0.51465 0.10793 0.21004
0.53675 0.33332 0.05796
0.30702 0.04400 0.34674
0.50458 0.23802 0.08141
0.58463 0.11268 0.15843
0.54044 0.33606 0.05392
0.46129 0.05918 0.27446
0.36719 0.16744 0.09099
0.40222 0.02207 0.28322
0.59154 0.27952 0.04209
0.36790 0.02013 0.33006
0.69593 0.26107 0.04480
0.35325 0.01832 0.25475
0.55875 0.16410 0.05422
0.60867 0.04005 0.11376
0.29762 0.05083 0.12123
0.64600 0.13114 0.06982
0.43766 0.08490 0.10709
0.24249 0.01193 0.04637
0.81672 0.06131 0.00962
0.10900 0.00248 0.04403
0.87858 0.09931 0.00310
0.04932 0.00066 0.07498
0.89745 0.15924 0.00042
0.03205 0.00050 0.12496
0.87249 0.24202 0.00034
0.00886 0.00013 0.23685
0.90793 0.42214 0.00020
0.10110 0.00025 0.30968
0.76969 0.23854 0.00022
0.30739 0.00062 0.04721
0.79496 0.09360 0.00016
0.31806 0.00045 0.03233
0.79265 0.12064 0.00016
0.36112 0.00054 0.02884
0.78841 0.04006 0.00012
0.41171 0.00059 0.01266
0.69163 0.02790 0.00014
0.32319 0.00043 0.01178
0.82709 0.00403 0.00006
0.29205 0.00034 0.00019
0.73809 0.00023 0.00011
0.20450 0.00011 0.00032
0.79682 0.00019 0.00010
0.16926 0.00008 0.00050
0.80265 0.00017 0.00010
0.26633 0.00009 0.00038
0.83749 0.00017 0.00009
0.14213 0.00007 0.00049
0.88114 0.00016 0.00008
0.26407 0.00009 0.00038
0.75744 0.00012 0.00012
0.31518 0.00007 0.00033
0.52562 0.20488 0.13605
0.49681 0.15699 0.15938
0.42763 0.10737 0.12125
0.54807 0.14323 0.10968
0.28654 0.03383 0.17873
0.64837 0.24130 0.07882
0.31711 0.03132 0.12702
0.72341 0.25563 0.02945
0.34025 0.02424 0.10118
0.76875 0.23508 0.01683
0.38355 0.04606 0.12914
0.74079 0.24813 0.02393
0.33819 0.02139 0.14199
0.71831 0.15113 0.02042
0.26614 0.01134 0.18404
0.74471 0.24962 0.02951
0.06510 0.00259 0.29454
0.94401 0.48255 0.00566
0.15708 0.02507 0.21216
0.87955 0.45362 0.02409
0.18262 0.03460 0.23336
0.86437 0.32835 0.01295
0.06878 0.00261 0.22974
0.86277 0.10082 0.00352
0.08896 0.00242 0.12612
0.86371 0.08626 0.00247
0.09526 0.00547 0.09963
0.88519 0.05355 0.00302
0.07094 0.00293 0.06777
0.96465 0.03681 0.00130
0.11585 0.00955 0.17063
0.95681 0.14481 0.00038
0.00586 0.00012 0.13668
0.99932 0.06001 0.00003
0.00144 0.00005 0.02973
0.99975 0.16607 0.00002
0.00039 0.00007 0.44823
0.99986 0.74847 0.00003
0.00020 0.00006 0.76029
0.99984 0.83478 0.00004
0.00034 0.00010 0.79282
0.99988 0.94012 0.00003
0.00017 0.00005 0.93798
1.00000 1.00000 0.00000
0.47032 0.17525 0.17312
0.62133 0.29888 0.09809
0.44574 0.16997 0.23466
0.31777 0.10097 0.32393
0.71615 0.39365 0.09720
0.31136 0.12220 0.37306
0.77733 0.49009 0.07736
0.26744 0.07815 0.40030
0.67323 0.34602 0.09428
0.36966 0.11764 0.32497
0.85162 0.49010 0.03852
0.26186 0.11994 0.42647
0.86976 0.55552 0.03308
0.25150 0.09126 0.44537
0.85872 0.59006 0.02970
0.13008 0.04735 0.63382
0.93498 0.75865 0.01444
0.05637 0.00711 0.75638
0.92893 0.72776 0.00934
0.09284 0.01373 0.70314
0.67213 0.50359 0.08048
0.25802 0.05698 0.49355
0.76937 0.47295 0.03684
0.18221 0.02081 0.40567
0.78142 0.32440 0.03355
0.17987 0.01420 0.42535
0.84995 0.48608 0.02456
0.09815 0.01121 0.61076
0.96320 0.81402 0.00788
0.04471 0.00181 0.68271
0.94281 0.59020 0.00543
0.18314 0.00685 0.42016
0.94972 0.64129 0.00155
0.08082 0.00288 0.34043
0.91601 0.42374 0.00089
0.01164 0.00022 0.50612
0.98507 0.87519 0.00007
0.00972 0.00012 0.49258
0.98288 0.90905 0.00004
0.08845 0.00049 0.64721
0.98540 0.89690 0.00002
0.00076 0.00001 0.92213
0.99191 0.91471 0.00001
0.01184 0.00001 0.83125
0.99999 0.98162 0.00001
0.00002 0.00002 0.99775
1.00000 1.00000 0.00000
0.49937 0.18871 0.15690
0.52351 0.18951 0.15771
0.34602 0.11310 0.22810
0.60482 0.21172 0.11646
0.35354 0.11439 0.22115
0.59819 0.21961 0.14788
0.38024 0.13215 0.24527
0.61843 0.22554 0.14267
0.30891 0.09124 0.29275
0.65139 0.23588 0.11931
0.24876 0.03725 0.23987
0.64856 0.10466 0.09973
0.36260 0.10549 0.11420
0.50450 0.06110 0.15933
0.27138 0.02553 0.11510
0.79986 0.11924 0.03722
0.21487 0.03621 0.17103
0.91049 0.22073 0.01776
0.22516 0.02904 0.15517
0.41963 0.07546 0.06633
0.62340 0.07027 0.13435
0.46228 0.07820 0.04724
0.43513 0.03275 0.17636
0.57043 0.09202 0.03903
0.44398 0.01832 0.18246
0.65169 0.13724 0.01341
0.20957 0.00529 0.20641
0.75047 0.10928 0.00948
0.16513 0.00422 0.24196
0.77650 0.12435 0.01043
0.12688 0.00445 0.29528
0.86923 0.16197 0.00568
0.10064 0.00270 0.24188
0.94429 0.15321 0.00177
0.06626 0.00144 0.23397
0.96976 0.17644 0.00025
0.01820 0.00014 0.21515
0.98075 0.16437 0.00004
0.01380 0.00007 0.16014
0.97733 0.15475 0.00004
0.04655 0.00031 0.19067
0.89077 0.07017 0.00008
0.08654 0.00033 0.09450
0.96066 0.06792 0.00004
0.06040 0.00023 0.08036
0.96841 0.08688 0.00005
0.09212 0.00029 0.03058
0.87008 0.04683 0.00009
0.14516 0.00028 0.02447
0.88156 0.03592 0.00012
0.24313 0.00053 0.00590
0.88984 0.00105 0.00008
0.28269 0.00031 0.00026
0.70724 0.00030 0.00011
0.26901 0.00012 0.00039
0.53282 0.00017 0.00017
0.53344 0.00015 0.00020
0.40977 0.00012 0.00025
0.50560 0.00013 0.00022
0.51942 0.00013 0.00021
0.50043 0.00012 0.00022
0.13290 0.00007 0.00049
0.89957 0.00012 0.00006
0.19722 0.00005 0.00044
0.55261 0.23217 0.12073
0.37115 0.10992 0.23557
0.57106 0.21977 0.09419
0.44296 0.12288 0.18257
0.56056 0.23980 0.10538
0.51659 0.20968 0.19840
0.52525 0.18873 0.13389
0.36224 0.11140 0.20344
0.62485 0.18904 0.11005
0.33472 0.10612 0.20089
0.32372 0.05670 0.33174
0.60056 0.33056 0.08869
0.23360 0.05130 0.48222
0.62704 0.37544 0.07133
0.28191 0.03184 0.38582
0.71966 0.37918 0.05816
0.29720 0.03346 0.26594
0.75234 0.18141 0.04341
0.17894 0.02159 0.18557
0.81047 0.14861 0.03141
0.39812 0.06824 0.16231
0.78329 0.14221 0.03511
0.29483 0.03706 0.20853
0.70685 0.13992 0.08256
0.67132 0.14276 0.08615
0.82682 0.16907 0.02661
0.55525 0.05330 0.12078
0.29591 0.07101 0.11568
0.77527 0.06728 0.03637
0.55642 0.35657 0.04545
0.66697 0.07156 0.10541
0.72755 0.53055 0.02388
0.21193 0.01785 0.51172
0.84523 0.62770 0.02816
0.04448 0.00174 0.72652
0.95770 0.69765 0.00026
0.00220 0.00016 0.48871
0.99994 0.67750 0.00002
0.00063 0.00010 0.51309
0.99994 0.80266 0.00002
0.00018 0.00006 0.73095
0.99988 0.77274 0.00003
0.00012 0.00005 0.80340
0.99994 0.95834 0.00002
0.00005 0.00003 0.92008
0.99994 0.96768 0.00002
0.00004 0.00002 0.96117
0.99999 0.98986 0.00001
0.00002 0.00002 0.98823
0.99997 0.98134 0.00001
0.00002 0.00001 0.99828
1.00000 1.00000 0.00000
0.42743 0.13904 0.19090
0.48335 0.14743 0.16701
0.46436 0.17705 0.15709
0.50309 0.13814 0.16305
0.42490 0.12936 0.12755
0.62024 0.21194 0.13280
0.51783 0.24518 0.13141
0.58475 0.20006 0.15173
0.36461 0.10817 0.16850
0.56669 0.16859 0.14533
0.51577 0.23663 0.11959
0.44638 0.12090 0.25316
0.33239 0.11917 0.24186
0.35741 0.09041 0.38462
0.61443 0.36766 0.10368
0.41053 0.10387 0.37348
0.48037 0.20385 0.14093
0.76535 0.33095 0.11036
0.66532 0.42354 0.09364
0.22756 0.03862 0.48781
0.83167 0.60091 0.02449
0.43226 0.17386 0.33276
0.71550 0.50527 0.06614
0.11371 0.01433 0.70841
0.93344 0.75075 0.01600
0.06132 0.00467 0.73180
0.96041 0.77358 0.00789
0.02404 0.00153 0.82519
0.97502 0.53790 0.00289
0.07872 0.00269 0.49824
0.95894 0.58147 0.00330
0.13426 0.00458 0.48470
0.96983 0.61012 0.00099
0.02439 0.00069 0.43482
0.98377 0.78910 0.00019
0.07539 0.00228 0.72915
0.99993 0.86121 0.00002
0.00010 0.00004 0.75750
0.99995 0.91477 0.00002
0.00007 0.00004 0.83655
0.99996 0.91832 0.00002
0.00005 0.00003 0.90597
0.99988 0.78437 0.00003
0.00006 0.00004 0.89018
0.99995 0.93536 0.00002
0.00004 0.00003 0.97897
0.99994 0.97029 0.00002
0.00002 0.00002 0.99863
1.00000 1.00000 0.00000
0.41532 0.14229 0.19624
0.53738 0.19229 0.14643
0.43817 0.14252 0.19011
0.49533 0.17144 0.18034
0.49824 0.19359 0.14718
0.47828 0.15259 0.18785
0.44767 0.17326 0.20053
0.53369 0.17128 0.20152
0.37787 0.13195 0.23163
0.60698 0.16792 0.15697
0.32419 0.08812 0.26536
0.69549 0.19486 0.11973
0.20294 0.07721 0.33214
0.54066 0.11049 0.08911
0.46129 0.11613 0.25357
0.43974 0.04939 0.12219
0.57525 0.05427 0.09647
0.38153 0.02438 0.05295
0.66301 0.05582 0.06597
0.42754 0.01591 0.02641
0.68147 0.06876 0.03889
0.30924 0.01328 0.06059
0.61943 0.06599 0.05262
0.25636 0.00836 0.04123
0.78867 0.04621 0.00503
0.12912 0.00131 0.02741
0.97305 0.00295 0.00004
0.01532 0.00005 0.00209
0.99730 0.00610 0.00002
0.00522 0.00004 0.00247
0.99474 0.00238 0.00002
0.00546 0.00005 0.00229
0.99215 0.00131 0.00002
0.00722 0.00005 0.00141
0.98984 0.00076 0.00002
0.00402 0.00004 0.00186
0.98006 0.00027 0.00003
0.01185 0.00004 0.00085
0.98400 0.00021 0.00003
0.01073 0.00004 0.00091
1.00000 0.00000 0.00000
0.57095 0.24266 0.13516
0.52296 0.24548 0.17137
0.52190 0.20630 0.16128
0.46115 0.15619 0.18043
0.43944 0.13186 0.18028
0.49046 0.16648 0.14061
0.49427 0.12350 0.14531
0.45658 0.13409 0.14344
0.67900 0.23806 0.08180
0.34222 0.08163 0.20427
0.73467 0.27304 0.06728
0.33764 0.08386 0.21994
0.44763 0.11060 0.21820
0.45495 0.15910 0.14367
0.42685 0.10310 0.21715
0.46225 0.14710 0.15155
0.51537 0.10471 0.12893
0.32713 0.08008 0.15073
0.69796 0.27787 0.08162
0.28172 0.06001 0.17016
0.70235 0.28193 0.06941
0.25164 0.02263 0.12494
0.72310 0.23875 0.05291
0.32838 0.03259 0.16833
0.49214 0.16989 0.06072
0.53065 0.05603 0.11533
0.54777 0.16879 0.02942
0.40257 0.02163 0.20623
0.62753 0.16307 0.01986
0.42151 0.02710 0.17071
0.89998 0.23610 0.00990
0.17644 0.00442 0.11506
0.84301 0.11409 0.00731
0.31252 0.00816 0.06608
0.78335 0.08796 0.01131
0.15960 0.00120 0.09062
0.86360 0.06278 0.00038
0.08656 0.00040 0.12133
0.92945 0.09861 0.00033
0.12826 0.00082 0.10627
0.96197 0.23728 0.00012
0.00465 0.00002 0.36073
0.99200 0.50361 0.00004
0.00041 0.00011 0.64357
0.99967 0.38789 0.00004
0.00132 0.00019 0.26812
0.99951 0.52483 0.00006
0.00073 0.00010 0.67171
1.00000 1.00000 0.00000
0.49728 0.22071 0.14944
0.49250 0.15721 0.17643
0.57891 0.28911 0.10273
0.29660 0.05655 0.36017
0.71512 0.42188 0.04503
0.26591 0.04955 0.42888
0.60347 0.28338 0.07189
0.52256 0.17023 0.15340
0.63999 0.26644 0.04732
0.45167 0.05501 0.14752
0.58442 0.22210 0.04982
0.48427 0.11783 0.18399
0.66860 0.24011 0.05947
0.30434 0.02849 0.15414
0.80059 0.26714 0.01702
0.22249 0.01699 0.27447
0.85704 0.37734 0.00505
0.21140 0.01287 0.21064
0.87636 0.36556 0.00347
0.17373 0.00338 0.13701
0.79137 0.13217 0.00485
0.18989 0.00814 0.13218
0.83723 0.18431 0.00464
0.14355 0.00456 0.11170
0.82461 0.09899 0.00260
0.17950 0.00816 0.06021
0.78501 0.03626 0.00753
0.39617 0.05291 0.02039
0.75410 0.02036 0.00813
0.19851 0.01125 0.04826
0.82106 0.04393 0.00491
0.10339 0.00453 0.03503
0.98507 0.00954 0.00006
0.01750 0.00007 0.00208
0.99550 0.00615 0.00003
0.00652 0.00005 0.00221
0.98402 0.00072 0.00003
0.01263 0.00005 0.00083
0.94331 0.00023 0.00005
0.04566 0.00006 0.00064
0.80932 0.00016 0.00010
0.23493 0.00009 0.00041
0.80314 0.00013 0.00010
0.17661 0.00008 0.00044
0.92560 0.00004 0.00004
0.42554 0.10983 0.21730
0.55047 0.19802 0.08989
0.40782 0.07904 0.19421
0.54743 0.17707 0.12157
0.26982 0.04334 0.27477
0.58796 0.19816 0.10227
0.23311 0.07373 0.25997
0.63800 0.21538 0.09999
0.23566 0.08027 0.24785
0.73364 0.26042 0.05011
0.17356 0.02316 0.19885
0.81866 0.24233 0.02416
0.19433 0.00816 0.07640
0.79803 0.09774 0.01668
0.22353 0.00959 0.06638
0.81328 0.07068 0.01576
0.24359 0.00744 0.05110
0.80875 0.06825 0.01717
0.16422 0.00342 0.07106
0.84297 0.08246 0.00570
0.14420 0.00262 0.07869
0.86608 0.09994 0.00681
0.10810 0.00149 0.09965
0.87088 0.08627 0.00505
0.12439 0.00112 0.04498
0.96122 0.00581 0.00009
0.03651 0.00008 0.00336
0.96813 0.00453 0.00006
0.04316 0.00007 0.00230
0.98978 0.00698 0.00004
0.01247 0.00006 0.00335
0.99269 0.00271 0.00002
0.04724 0.00008 0.00122
0.99062 0.00176 0.00002
0.02099 0.00006 0.00100
0.97992 0.00054 0.00003
0.00593 0.00004 0.00136
0.99110 0.00064 0.00003
0.00743 0.00004 0.00117
0.99079 0.00037 0.00003
0.00851 0.00004 0.00110
1.00000 0.00000 0.00000
0.62234 0.27219 0.07492
0.41434 0.08836 0.21083
0.56489 0.23423 0.10259
0.46496 0.10145 0.17969
0.62378 0.24155 0.06441
0.48633 0.12309 0.18013
0.52676 0.27383 0.10696
0.39445 0.20091 0.28780
0.45577 0.22924 0.25435
0.73023 0.43862 0.07804
0.23459 0.07664 0.40648
0.79565 0.47117 0.04236
0.23376 0.07149 0.45234
0.79371 0.47322 0.03814
0.27963 0.05960 0.45158
0.77226 0.47232 0.04140
0.29622 0.06025 0.46484
0.81816 0.54335 0.02208
0.28653 0.05525 0.50189
0.75845 0.48375 0.03833
0.30513 0.03673 0.52354
0.64077 0.28380 0.06816
0.63601 0.11606 0.17882
0.56537 0.18873 0.09191
0.39510 0.05568 0.14326
0.52844 0.19878 0.08646
0.39598 0.05067 0.12605
0.51887 0.13392 0.08447
0.44487 0.06856 0.13520
0.63263 0.27098 0.04962
0.31970 0.03156 0.11843
0.47443 0.15541 0.07006
0.31838 0.03425 0.07929
0.51012 0.15733 0.05973
0.24010 0.01516 0.17053
0.61551 0.21650 0.03485
0.27284 0.01414 0.09547
0.61603 0.15483 0.02943
0.30433 0.02481 0.07539
0.83328 0.27608 0.00222
0.18442 0.01491 0.09076
0.86455 0.19625 0.00166
0.19871 0.01673 0.05493
0.36165 0.02764 0.05685
0.34182 0.04058 0.02510
0.74957 0.03448 0.02002
0.30508 0.03325 0.02618
0.90257 0.01483 0.00168
0.19497 0.01128 0.01643
0.87769 0.00081 0.00007
0.02001 0.00005 0.00118
0.99522 0.00251 0.00002
0.00413 0.00004 0.00195
0.99689 0.00286 0.00002
0.00332 0.00004 0.00228
0.99853 0.00284 0.00002
0.00311 0.00004 0.00221
1.00000 0.00000 0.00000
0.43554 0.15109 0.17304
0.57805 0.23500 0.11988
0.42817 0.14399 0.18858
0.61002 0.28434 0.09760
0.32197 0.10672 0.37520
0.62202 0.33668 0.07877
0.43618 0.15459 0.21941
0.67390 0.32986 0.09780
0.60099 0.29011 0.12743
0.73464 0.41139 0.09798
0.73053 0.43452 0.09773
0.26968 0.09444 0.50797
0.93150 0.78540 0.01694
0.11836 0.04069 0.63996
0.87205 0.61667 0.04952
0.19057 0.02364 0.37212
0.97920 0.71572 0.00478
0.01039 0.00085 0.77021
0.98379 0.83885 0.00573
0.01239 0.00082 0.72973
0.98967 0.89467 0.00337
0.01493 0.00049 0.72286
0.98115 0.81630 0.00357
0.03962 0.00081 0.55861
0.95487 0.75750 0.00795
0.04574 0.00102 0.50386
0.95163 0.72854 0.00546
0.05709 0.00144 0.52370
0.96510 0.60966 0.00363
0.03183 0.00053 0.45648
0.94982 0.41995 0.00036
0.07405 0.00109 0.18165
0.93548 0.29564 0.00042
0.08569 0.00126 0.10504
0.92344 0.14795 0.00075
0.06800 0.00063 0.09047
0.91247 0.08983 0.00032
0.01287 0.00012 0.09842
0.94012 0.16840 0.00009
0.00466 0.00006 0.15187
0.96070 0.18930 0.00003
0.00149 0.00005 0.21511
0.99989 0.26280 0.00002
0.00045 0.00007 0.32743
0.99976 0.42645 0.00004
0.00055 0.00006 0.17711
0.99975 0.14760 0.00002
0.00087 0.00008 0.12033
0.99975 0.33971 0.00003
0.00091 0.00015 0.29766
0.99956 0.28914 0.00005
0.00147 0.00026 0.45091
0.99834 0.18457 0.00006
0.00231 0.00007 0.00966
1.00000 0.00000 0.00000
0.45589 0.15463 0.18906
0.56189 0.25201 0.13687
0.47956 0.18047 0.17512
0.46267 0.14813 0.20374
0.50218 0.19063 0.16537
0.35975 0.09117 0.26982
0.47680 0.10748 0.17653
0.45958 0.13992 0.12341
0.49835 0.14555 0.15959
0.45244 0.14316 0.11864
0.68398 0.19851 0.09478
0.29597 0.07303 0.11599
0.32348 0.02115 0.13551
0.49518 0.04264 0.06338
0.34211 0.01817 0.04737
0.67047 0.04987 0.03170
0.21738 0.00553 0.04001
0.68071 0.02042 0.03366
0.41272 0.02381 0.01676
0.20097 0.00621 0.07533
0.82185 0.07439 0.00926
0.13713 0.00227 0.07590
0.86491 0.07130 0.00345
0.07379 0.00091 0.07639
0.88892 0.07121 0.00113
0.00203 0.00002 0.17957
0.99949 0.03936 0.00002
0.00119 0.00003 0.01943
0.99903 0.01438 0.00001
0.00225 0.00004 0.00631
0.99889 0.01188 0.00001
0.00295 0.00006 0.00780
0.99906 0.01540 0.00002
0.00351 0.00008 0.00965
0.99786 0.00444 0.00003
0.00318 0.00004 0.00229
0.99692 0.00112 0.00003
0.00346 0.00004 0.00196
1.00000 0.00000 0.00000
0.48031 0.15732 0.14542
0.46979 0.12571 0.16206
0.52989 0.22780 0.13288
0.56159 0.25655 0.13368
0.48473 0.17395 0.16968
0.44681 0.13298 0.18317
0.50102 0.12578 0.15503
0.46473 0.13757 0.15159
0.58596 0.16423 0.11068
0.47036 0.07575 0.11594
0.57118 0.09716 0.09860
0.43865 0.05177 0.06740
0.57292 0.08032 0.08083
0.50897 0.03048 0.03625
0.38006 0.01363 0.02311
0.59900 0.02922 0.01548
0.45043 0.02464 0.02510
0.56789 0.04660 0.02890
0.57439 0.03283 0.02531
0.72016 0.01130 0.00526
0.49594 0.02663 0.02592
0.76661 0.00464 0.00087
0.48580 0.02286 0.02755
0.81762 0.02820 0.00181
0.11896 0.00885 0.09029
0.87801 0.08310 0.00080
0.02082 0.00073 0.09755
0.98974 0.00388 0.00003
0.00428 0.00004 0.00368
0.99726 0.00503 0.00002
0.00408 0.00005 0.00374
0.99809 0.00582 0.00002
0.00482 0.00005 0.00203
0.99229 0.00095 0.00002
0.00397 0.00004 0.00184
0.99507 0.00073 0.00003
0.00511 0.00004 0.00150
1.00000 0.00000 0.00000
0.53535 0.20386 0.12293
0.43726 0.11631 0.17698
0.48264 0.16198 0.12546
0.42999 0.09160 0.16166
0.47128 0.14431 0.12001
0.41869 0.09315 0.14696
0.46769 0.12566 0.15953
0.54018 0.21673 0.11423
0.30520 0.07928 0.31919
0.65082 0.23934 0.07295
0.45141 0.12968 0.15684
0.47857 0.19754 0.16836
0.45064 0.14391 0.26547
0.67682 0.39504 0.06627
0.46163 0.11600 0.28353
0.69694 0.40659 0.05301
0.36073 0.14678 0.38626
0.42599 0.14119 0.22755
0.51516 0.26895 0.17136
0.46560 0.11184 0.18781
0.72627 0.45012 0.09516
0.49592 0.22610 0.20896
0.55901 0.35074 0.21222
0.45616 0.15299 0.21392
0.50403 0.21583 0.19334
0.27199 0.08686 0.36333
0.83133 0.49438 0.06352
0.26488 0.04258 0.29647
0.57944 0.25833 0.19026
0.52141 0.12925 0.13868
0.48959 0.17794 0.22434
0.58362 0.19082 0.12651
0.61701 0.31794 0.13621
0.53614 0.14858 0.12882
0.30166 0.09312 0.31144
0.79921 0.23752 0.02969
0.39530 0.08018 0.14565
0.37137 0.03143 0.13193
0.69373 0.14448 0.04475
0.14251 0.00410 0.18131
0.87548 0.22364 0.00573
0.30070 0.02829 0.17181
0.82332 0.17127 0.01002
0.09800 0.00213 0.20083
0.89793 0.17835 0.00446
0.05343 0.00093 0.20807
0.93109 0.19414 0.00292
0.03694 0.00108 0.22901
0.95913 0.21222 0.00122
0.01615 0.00024 0.19375
0.96225 0.19999 0.00100
0.00740 0.00017 0.28689
0.97017 0.23334 0.00011
0.00121 0.00004 0.49804
0.97238 0.33468 0.00004
0.00196 0.00006 0.40499
0.97045 0.30630 0.00004
0.00047 0.00003 0.64124
0.99994 0.70038 0.00002
0.00012 0.00005 0.75188
0.99994 0.93041 0.00002
0.00009 0.00004 0.83076
0.99977 0.44328 0.00004
0.00066 0.00012 0.44928
0.99969 0.36270 0.00004
0.00022 0.00007 0.93139
1.00000 1.00000 0.00000
0.43327 0.11499 0.14173
0.56057 0.16852 0.11583
0.38387 0.09470 0.16904
0.61951 0.21119 0.10953
0.37461 0.08385 0.19971
0.63108 0.20621 0.09048
0.44086 0.09079 0.11615
0.52640 0.16904 0.14562
0.52579 0.17565 0.12332
0.54345 0.17229 0.11688
0.44790 0.08158 0.13223
0.57303 0.15234 0.08101
0.33895 0.06558 0.19013
0.63771 0.16259 0.05852
0.24059 0.04208 0.20587
0.75911 0.19343 0.03465
0.24507 0.02737 0.18385
0.87134 0.43266 0.01734
0.23419 0.02370 0.14615
0.67743 0.12246 0.05311
0.34359 0.04218 0.13986
0.65995 0.12134 0.05021
0.30401 0.02268 0.14411
0.66201 0.19552 0.04160
0.26763 0.01971 0.13338
0.51530 0.13608 0.06359
0.44197 0.05438 0.14154
0.39501 0.04783 0.10771
0.40433 0.05635 0.15519
0.60687 0.18878 0.07883
0.27132 0.04246 0.19520
0.83525 0.23864 0.01907
0.02585 0.00087 0.30795
0.89371 0.24917 0.00423
0.00874 0.00025 0.33664
0.91944 0.35549 0.00047
0.00288 0.00006 0.49664
0.99983 0.45920 0.00003
0.00024 0.00005 0.45833
0.99981 0.35717 0.00003
0.00041 0.00007 0.40359
0.99978 0.42144 0.00003
0.00062 0.00009 0.27465
0.99976 0.22053 0.00003
0.00133 0.00012 0.10567
0.99959 0.13478 0.00003
0.00184 0.00017 0.10802
0.99902 0.20132 0.00005
0.00189 0.00007 0.05628
1.00000 1.00000 0.00000
0.56897 0.21892 0.11117
0.45500 0.14203 0.15205
0.49930 0.14871 0.14940
0.48835 0.16969 0.15596
0.64593 0.33057 0.11913
0.28472 0.09892 0.35910
0.83363 0.51873 0.03711
0.26469 0.06855 0.31572
0.71507 0.32421 0.07333
0.26651 0.06935 0.26213
0.68918 0.28146 0.06585
0.20728 0.03008 0.30393
0.78015 0.37297 0.03483
0.27685 0.06921 0.32833
0.70682 0.17972 0.03862
0.29949 0.05334 0.22987
0.59523 0.14377 0.08052
0.36147 0.07058 0.18601
0.72510 0.12206 0.03584
0.29381 0.03273 0.16844
0.73490 0.08604 0.02616
0.34360 0.04531 0.11189
0.88756 0.20345 0.00863
0.20431 0.00710 0.04535
0.90130 0.08192 0.00712
0.19961 0.00393 0.04241
0.84545 0.06384 0.00545
0.17605 0.00461 0.07211
0.83507 0.07903 0.00489
0.12914 0.00235 0.09869
0.81921 0.16671 0.00357
0.11785 0.00294 0.06961
0.88845 0.04196 0.00159
0.07418 0.00023 0.01712
0.92416 0.00165 0.00007
0.15565 0.00012 0.00057
0.84297 0.00062 0.00009
0.19504 0.00013 0.00040
0.83303 0.00042 0.00008
0.20821 0.00012 0.00040
0.77100 0.00028 0.00009
0.03708 0.00006 0.00070
0.96465 0.00024 0.00004
0.02810 0.00005 0.00073
0.96621 0.00020 0.00004
0.02524 0.00005 0.00067
0.97634 0.00018 0.00003
0.02626 0.00005 0.00071
0.96868 0.00014 0.00003
0.02644 0.00004 0.00063
1.00000 0.00000 0.00000
0.57863 0.26114 0.09142
0.52525 0.12771 0.21221
0.53042 0.21610 0.09204
0.49186 0.10064 0.31218
0.55624 0.27176 0.07953
0.50202 0.08631 0.21532
0.56086 0.33004 0.05968
0.39273 0.17956 0.34474
0.55881 0.36940 0.07189
0.30890 0.11653 0.33864
0.50722 0.19463 0.10572
0.31529 0.11804 0.31592
0.56508 0.26963 0.10461
0.31103 0.09904 0.35411
0.59616 0.23394 0.10550
0.27369 0.04705 0.36298
0.66371 0.25436 0.06898
0.30502 0.05682 0.29669
0.71301 0.27713 0.05855
0.48021 0.09111 0.20654
0.71477 0.39418 0.03864
0.63654 0.05388 0.12236
0.71425 0.35398 0.03800
0.45306 0.04673 0.17023
0.99076 0.05236 0.00043
0.01103 0.00004 0.00698
0.99735 0.00661 0.00002
0.00446 0.00003 0.00270
0.99833 0.00876 0.00002
0.00383 0.00003 0.00398
0.99775 0.00537 0.00002
0.00727 0.00005 0.00215
0.99684 0.00351 0.00002
0.00629 0.00005 0.00206
0.99486 0.00169 0.00002
0.00362 0.00004 0.00207
0.99232 0.00066 0.00003
0.00471 0.00004 0.00158
0.99604 0.00080 0.00003
0.00470 0.00004 0.00158
1.00000 0.00000 0.00000
0.62512 0.27205 0.09943
0.43294 0.16366 0.20012
0.59308 0.22822 0.13377
0.35625 0.11210 0.21765
0.73132 0.34036 0.08619
0.11238 0.03693 0.54824
0.87199 0.48918 0.03400
0.14321 0.03089 0.44463
0.78655 0.48537 0.04860
0.13196 0.05105 0.57563
0.89838 0.66498 0.01692
0.10077 0.02327 0.54622
0.75592 0.46258 0.06475
0.23970 0.08261 0.39635
0.77184 0.45584 0.05388
0.18084 0.05203 0.39888
0.75943 0.38011 0.06171
0.19893 0.05618 0.34113
0.74812 0.30434 0.06731
0.16859 0.04006 0.30862
0.78181 0.28961 0.04836
0.15811 0.02381 0.26766
0.71660 0.20253 0.08212
0.20949 0.01729 0.16368
0.73463 0.18097 0.03857
0.20537 0.01889 0.14813
0.71364 0.13404 0.02725
0.19553 0.00861 0.13726
0.69192 0.07987 0.01760
0.21658 0.00731 0.07404
0.66103 0.04543 0.00940
0.25687 0.01270 0.05054
0.76627 0.05759 0.00847
0.39933 0.03893 0.06607
0.72625 0.05296 0.00547
0.24309 0.00417 0.10347
0.79257 0.07815 0.00220
0.20989 0.00193 0.11248
0.84226 0.06139 0.00044
0.15349 0.00069 0.07863
0.80474 0.04040 0.00027
0.08939 0.00039 0.03018
0.97157 0.00518 0.00006
0.01586 0.00006 0.00315
0.98957 0.00327 0.00003
0.00890 0.00006 0.00184
0.91269 0.00026 0.00006
0.07784 0.00007 0.00057
0.91083 0.00021 0.00006
0.14352 0.00008 0.00050
0.85502 0.00017 0.00008
0.23388 0.00009 0.00041
0.76275 0.00015 0.00011
0.31455 0.00010 0.00034
0.23207 0.00009 0.00038
0.90667 0.00012 0.00006
0.61829 0.26856 0.08091
0.42479 0.11465 0.20183
0.59553 0.23765 0.08539
0.40695 0.09770 0.23668
0.71255 0.40853 0.05980
0.25217 0.05793 0.51232
0.85210 0.59923 0.02336
0.24081 0.05772 0.56475
0.68327 0.44470 0.05247
0.50360 0.09553 0.36088
0.68525 0.40794 0.02220
0.59158 0.10923 0.28083
0.44094 0.31836 0.15212
0.73292 0.06120 0.18722
0.53449 0.27262 0.06736
0.41961 0.04659 0.23860
0.56962 0.22161 0.06463
0.35131 0.02863 0.17682
0.72605 0.43007 0.02019
0.35293 0.02966 0.16941
0.75635 0.17731 0.02093
0.29225 0.01837 0.08551
0.71833 0.21048 0.03144
0.57223 0.13909 0.07544
0.66203 0.07359 0.05272
0.66943 0.26205 0.03572
0.67289 0.13136 0.07299
0.11913 0.01307 0.24660
0.72275 0.11014 0.03153
0.09823 0.00526 0.26874
0.86011 0.05697 0.00831
0.10029 0.00356 0.08125
0.81993 0.05123 0.00216
0.26741 0.00667 0.06636
0.99767 0.00595 0.00001
0.00258 0.00003 0.00436
0.99743 0.00492 0.00001
0.00463 0.00004 0.00290
0.99747 0.00448 0.00002
0.00557 0.00004 0.00187
0.99466 0.00174 0.00002
0.00569 0.00004 0.00147
0.99185 0.00079 0.00003
0.00907 0.00005 0.00104
0.98658 0.00043 0.00003
0.01000 0.00004 0.00099
0.98521 0.00025 0.00003
0.01161 0.00004 0.00090
1.00000 0.00000 0.00000
0.54923 0.21398 0.11760
0.46483 0.18233 0.20507
0.50534 0.20613 0.16154
0.47480 0.18950 0.18626
0.51333 0.19994 0.15629
0.54673 0.27106 0.15135
0.50397 0.20256 0.16316
0.56894 0.29017 0.14385
0.54676 0.20689 0.17071
0.45193 0.16987 0.18272
0.72183 0.36356 0.10165
0.24291 0.05975 0.41337
0.74091 0.34916 0.05413
0.25649 0.07634 0.33888
0.72677 0.28995 0.07936
0.32501 0.09579 0.25741
0.86293 0.54118 0.02647
0.18914 0.01839 0.27608
0.84183 0.37032 0.01504
0.17888 0.02768 0.29499
0.94389 0.56754 0.00398
0.11988 0.01890 0.33175
0.92498 0.41758 0.01009
0.08670 0.00446 0.26812
0.95696 0.41925 0.00211
0.07236 0.00128 0.12945
0.95278 0.29591 0.00121
0.05497 0.00066 0.15471
0.95679 0.28916 0.00135
0.07352 0.00071 0.16970
0.92717 0.28192 0.00352
0.10576 0.00116 0.09823
0.90550 0.15102 0.00199
0.12141 0.00199 0.08978
0.91508 0.12201 0.00034
0.13434 0.00144 0.09084
0.92152 0.11968 0.00027
0.16623 0.00214 0.10421
0.71748 0.03838 0.00062
0.13844 0.00189 0.13600
0.91274 0.10314 0.00035
0.08518 0.00090 0.14947
0.94708 0.19407 0.00015
0.05541 0.00021 0.25983
0.96838 0.33376 0.00009
0.00092 0.00003 0.47130
0.97971 0.51248 0.00006
0.00022 0.00002 0.89812
0.99994 0.96809 0.00002
0.00004 0.00002 0.98991
0.99998 0.98877 0.00001
0.00002 0.00002 0.99839
1.00000 1.00000 0.00000
0.44481 0.14129 0.17063
0.64933 0.27495 0.09205
0.45191 0.16741 0.17089
0.59122 0.25841 0.12173
0.38977 0.13315 0.21968
0.43245 0.12368 0.20002
0.49954 0.15045 0.16685
0.48300 0.14360 0.20502
0.32319 0.03626 0.13344
0.64801 0.14707 0.06670
0.39177 0.08231 0.16211
0.72444 0.11853 0.02491
0.36834 0.02535 0.07145
0.80106 0.09328 0.00472
0.37706 0.01574 0.05908
0.77085 0.06564 0.00848
0.30153 0.00821 0.05702
0.79771 0.03629 0.00330
0.22403 0.00223 0.03873
0.80008 0.00090 0.00010
0.26755 0.00019 0.00025
0.81989 0.00083 0.00009
0.21029 0.00015 0.00039
0.89442 0.00134 0.00007
0.02438 0.00006 0.00169
0.97472 0.00079 0.00003
0.03636 0.00007 0.00083
0.95200 0.00029 0.00004
0.03213 0.00006 0.00082
0.96154 0.00027 0.00004
0.08369 0.00007 0.00057
0.95909 0.00023 0.00004
0.01011 0.00004 0.00097
0.98458 0.00023 0.00003
0.01168 0.00004 0.00088
1.00000 0.00000 0.00000
0.48731 0.16467 0.14591
0.47932 0.14965 0.15738
0.40581 0.14647 0.18088
0.54036 0.16730 0.14969
0.57002 0.29360 0.10020
0.48820 0.09463 0.22185
0.34606 0.12537 0.13844
0.62282 0.12260 0.13677
0.30239 0.11024 0.14637
0.52232 0.07476 0.17253
0.46363 0.28667 0.08490
0.75299 0.36535 0.17456
0.10871 0.05958 0.40094
0.96250 0.72640 0.01200
0.05838 0.01747 0.45017
0.95397 0.67817 0.02033
0.07301 0.01710 0.40514
0.96119 0.68510 0.01104
0.07272 0.01094 0.42107
0.96565 0.70071 0.00634
0.06663 0.00738 0.40989
0.96864 0.69328 0.00472
0.05640 0.00556 0.41842
0.97002 0.48797 0.00668
0.03459 0.00121 0.17407
0.97694 0.57734 0.00256
0.03533 0.00132 0.25047
0.95278 0.70346 0.00388
0.04397 0.00448 0.60045
0.96652 0.77797 0.00100
0.01412 0.00045 0.71821
0.96123 0.80483 0.00054
0.01005 0.00014 0.73627
0.95111 0.81159 0.00025
0.00422 0.00003 0.80219
0.97064 0.87503 0.00005
0.01203 0.00007 0.88109
0.99416 0.91276 0.00001
0.00087 0.00001 0.86160
0.99485 0.92599 0.00000
0.00025 0.00000 0.96095
0.99801 0.95791 0.00000
0.00455 0.00001 0.94653
0.99830 0.97525 0.00000
0.00275 0.00001 0.98140
0.99996 0.99930 0.00000
0.53637 0.21247 0.12154
0.33605 0.09836 0.32937
0.61453 0.32461 0.09690
0.48383 0.16583 0.23049
0.55944 0.28169 0.08106
0.44586 0.13989 0.29086
0.72501 0.47316 0.07352
0.19494 0.04946 0.51977
0.77183 0.49638 0.05799
0.35239 0.16733 0.39364
0.54613 0.26334 0.19001
0.37004 0.14179 0.34718
0.67028 0.35388 0.10257
0.47549 0.22905 0.29983
0.79501 0.64274 0.08248
0.17428 0.10299 0.65946
0.90152 0.76066 0.03074
0.19099 0.07307 0.54562
0.95286 0.83741 0.01411
0.15061 0.03712 0.62264
0.95118 0.75924 0.01463
0.09803 0.02120 0.67928
0.97000 0.80856 0.00881
0.19136 0.08197 0.58038
0.96587 0.81048 0.00943
0.02767 0.00182 0.70797
0.99111 0.88265 0.00131
0.02168 0.00083 0.73133
0.96428 0.77476 0.00346
0.04420 0.00077 0.65908
0.92929 0.66618 0.00519
0.07179 0.00105 0.62401
0.92337 0.63172 0.00145
0.09635 0.00135 0.55646
0.95008 0.69948 0.00015
0.02029 0.00011 0.68393
0.97929 0.80701 0.00006
0.00924 0.00004 0.73155
0.97482 0.68639 0.00002
0.00525 0.00001 0.77501
0.97236 0.77401 0.00002
0.01217 0.00003 0.75814
0.97540 0.78759 0.00002
0.01007 0.00002 0.68027
0.98405 0.85090 0.00002
0.00029 0.00000 0.96765
0.99998 0.98629 0.00001
0.49422 0.15202 0.13211
0.51084 0.16921 0.13366
0.58683 0.25355 0.10083
0.44462 0.12513 0.18539
0.53418 0.19218 0.12088
0.51188 0.17048 0.14081
0.44504 0.12252 0.17033
0.59891 0.20129 0.10286
0.33396 0.07427 0.23095
0.61119 0.21717 0.11594
0.36946 0.09517 0.20897
0.46143 0.12635 0.17083
0.38133 0.09299 0.20296
0.51687 0.17211 0.15068
0.47218 0.10161 0.11784
0.35903 0.05809 0.17599
0.54607 0.13314 0.10304
0.42088 0.08256 0.14775
0.48164 0.07050 0.10838
0.43014 0.05105 0.08772
0.43096 0.05574 0.05882
0.41648 0.04159 0.08562
0.41454 0.03942 0.06461
0.44373 0.05123 0.08203
0.42362 0.03174 0.04144
0.52673 0.04645 0.04240
0.54979 0.05643 0.04150
0.51126 0.05991 0.03668
0.47172 0.02292 0.03837
0.30384 0.02856 0.07666
0.59893 0.03137 0.01712
0.22234 0.02305 0.15682
0.69208 0.09255 0.03263
0.08113 0.00816 0.24855
0.80405 0.18028 0.02068
0.04786 0.00463 0.33006
0.84953 0.17884 0.00763
0.04642 0.00244 0.19103
0.99290 0.01627 0.00006
0.01938 0.00007 0.00551
0.99203 0.01383 0.00005
0.01616 0.00007 0.00382
0.99386 0.00730 0.00003
0.01746 0.00007 0.00176
0.99417 0.00306 0.00002
0.00881 0.00006 0.00175
0.99556 0.00244 0.00002
0.00626 0.00005 0.00149
0.99132 0.00082 0.00003
0.00681 0.00004 0.00126
0.97758 0.00027 0.00003
0.01108 0.00004 0.00093
0.98272 0.00020 0.00003
0.01443 0.00004 0.00077
1.00000 0.00000 0.00000
0.52055 0.21417 0.11751
0.49076 0.13956 0.15338
0.56580 0.24592 0.10015
0.41349 0.10340 0.26056
0.45102 0.17756 0.14721
0.63208 0.13711 0.12230
0.37504 0.10630 0.17963
0.64340 0.19374 0.14751
0.15550 0.03076 0.27754
0.72868 0.15590 0.07655
0.21391 0.03728 0.21085
0.82491 0.22314 0.03763
0.16846 0.01621 0.20869
0.78800 0.19286 0.04285
0.18894 0.01563 0.18989
0.70427 0.12770 0.04033
0.25297 0.01519 0.19326
0.76039 0.22114 0.03267
0.27383 0.01650 0.16178
0.60136 0.15887 0.04941
0.47377 0.06358 0.23973
0.38022 0.05186 0.08946
0.59646 0.06393 0.04018
0.45893 0.07285 0.09036
0.46447 0.09041 0.04419
0.53384 0.02666 0.04756
0.53274 0.04089 0.02968
0.52166 0.01331 0.03633
0.64989 0.04604 0.01094
0.49435 0.00947 0.04690
0.67889 0.06048 0.00664
0.14903 0.00709 0.23120
0.89534 0.19097 0.00542
0.03981 0.00116 0.41220
0.91302 0.32331 0.00303
0.01176 0.00019 0.52489
0.90152 0.34267 0.00109
0.00672 0.00028 0.47355
0.90680 0.37427 0.00048
0.03271 0.00088 0.47999
0.91648 0.46024 0.00027
0.02164 0.00050 0.56753
0.83594 0.29364 0.00021
0.00911 0.00027 0.55119
0.96550 0.50765 0.00006
0.02939 0.00047 0.35685
0.96293 0.47545 0.00010
0.02384 0.00037 0.31536
0.94472 0.24691 0.00008
0.07176 0.00084 0.15078
0.99258 0.04094 0.00002
0.00229 0.00006 0.00827
0.99250 0.00177 0.00002
0.01247 0.00005 0.00093
0.98416 0.00056 0.00003
0.01836 0.00005 0.00069
0.91422 0.00019 0.00006
0.08535 0.00007 0.00052
0.93323 0.00017 0.00006
0.06670 0.00006 0.00058
0.94761 0.00013 0.00004
0.05349 0.00005 0.00058
1.00000 0.00000 0.00000
0.57618 0.23990 0.11335
0.50162 0.18652 0.14109
0.41044 0.12066 0.18960
0.61163 0.25600 0.08767
0.41005 0.11243 0.19988
0.51227 0.18566 0.11869
0.42320 0.10046 0.19793
0.44978 0.11414 0.16091
0.52104 0.16963 0.13090
0.33953 0.07567 0.17341
0.67743 0.22288 0.07859
0.37227 0.07377 0.16158
0.56909 0.09096 0.05268
0.43539 0.10098 0.10601
0.50043 0.06880 0.12524
0.40083 0.05619 0.06991
0.72332 0.22158 0.04023
0.34427 0.02640 0.11948
0.80854 0.28117 0.03032
0.14132 0.00683 0.22351
0.87013 0.36347 0.01582
0.10512 0.01128 0.49576
0.87784 0.40554 0.01152
0.07769 0.00373 0.54976
0.91211 0.45644 0.00927
0.06935 0.00257 0.54171
0.92016 0.44684 0.00544
0.10681 0.00687 0.41175
0.83076 0.26870 0.01387
0.18928 0.01985 0.25509
0.31258 0.05186 0.14131
0.69494 0.15828 0.04824
0.51995 0.10165 0.07219
0.09753 0.00933 0.38448
0.72634 0.12825 0.02675
0.40965 0.11462 0.13627
0.73932 0.06007 0.02583
0.34233 0.04231 0.07820
0.69961 0.09207 0.03799
0.40175 0.02806 0.06896
0.77303 0.03480 0.02205
0.58012 0.01968 0.02831
0.69552 0.01540 0.01473
0.42176 0.00038 0.00021
0.58803 0.00048 0.00017
0.42107 0.00031 0.00021
0.67656 0.00047 0.00013
0.30237 0.00019 0.00028
0.64831 0.00026 0.00013
0.30945 0.00014 0.00025
0.63894 0.00019 0.00014
0.07254 0.00007 0.00053
0.93012 0.00020 0.00006
0.07099 0.00006 0.00055
0.76278 0.00015 0.00012
0.22691 0.00009 0.00042
0.51551 0.13680 0.14448
0.44760 0.12456 0.15424
0.40273 0.11129 0.24610
0.54613 0.20961 0.12230
0.37885 0.09811 0.24168
0.62852 0.31536 0.09698
0.29922 0.07515 0.42038
0.43685 0.12174 0.15660
0.61056 0.14838 0.10470
0.44831 0.13677 0.10037
0.57420 0.07350 0.09597
0.34837 0.05617 0.09528
0.65080 0.06981 0.07462
0.37266 0.05011 0.07201
0.43775 0.04677 0.27528
0.64359 0.31331 0.04726
0.42109 0.04513 0.31032
0.67122 0.31122 0.04686
0.38586 0.01889 0.27072
0.64867 0.08093 0.04743
0.59144 0.04920 0.07478
0.65488 0.06710 0.03658
0.52267 0.06900 0.06409
0.61639 0.03934 0.03936
0.52552 0.04063 0.09711
0.78858 0.05704 0.02363
0.38456 0.02707 0.07971
0.50446 0.04258 0.05353
0.17485 0.01045 0.27875
0.82875 0.20360 0.03288
0.06452 0.00352 0.53987
0.89395 0.37951 0.00859
0.15848 0.00868 0.43800
0.90753 0.48379 0.00081
0.01978 0.00059 0.66370
0.91168 0.59266 0.00026
0.00489 0.00011 0.81753
0.94303 0.71616 0.00011
0.00454 0.00008 0.84147
0.94639 0.75391 0.00010
0.00104 0.00004 0.89479
0.99999 0.94911 0.00001
0.00007 0.00004 0.92780
0.99999 0.98312 0.00000
0.00002 0.00002 0.98807
0.99999 0.99280 0.00000
0.00003 0.00002 0.97812
0.99999 0.99433 0.00000
0.00001 0.00001 0.99894
0.99999 0.99527 0.00000
0.00001 0.00001 0.99952
1.00000 1.00000 0.00000
0.42491 0.10748 0.15121
0.57021 0.18341 0.10523
0.37239 0.08714 0.16580
0.64908 0.22617 0.12080
0.37851 0.12882 0.16550
0.73464 0.31545 0.08014
0.24028 0.06546 0.19476
0.68378 0.16199 0.13342
0.25267 0.07891 0.26533
0.42068 0.15778 0.16291
0.57621 0.19029 0.20196
0.36219 0.13984 0.15796
0.50038 0.10638 0.16907
0.46374 0.13941 0.09849
0.48770 0.06157 0.15635
0.66077 0.20579 0.04740
0.38877 0.02653 0.19472
0.92632 0.34763 0.01166
0.18393 0.01241 0.12277
0.95118 0.43507 0.00977
0.12572 0.00293 0.17950
0.89414 0.20349 0.00987
0.21980 0.00362 0.11095
0.89337 0.14229 0.00516
0.21533 0.00387 0.09482
0.91181 0.12868 0.00359
0.13891 0.00206 0.12576
0.86949 0.15290 0.00405
0.12239 0.00116 0.11631
0.66417 0.00058 0.00012
0.42684 0.00025 0.00019
0.55912 0.00034 0.00012
0.59221 0.00029 0.00015
0.29814 0.00013 0.00027
0.74792 0.00024 0.00010
0.46982 0.00021 0.00015
0.47459 0.00017 0.00020
0.49592 0.00018 0.00015
0.61051 0.00017 0.00017
0.38382 0.00013 0.00024
0.60252 0.00015 0.00018
0.57407 0.00015 0.00017
0.51406 0.00013 0.00022
0.51055 0.00013 0.00021
0.47266 0.18002 0.20117
0.57120 0.28273 0.11110
0.52681 0.21950 0.15987
0.40008 0.10396 0.23102
0.63466 0.31287 0.08995
0.45423 0.19025 0.26858
0.60534 0.34119 0.16277
0.44948 0.20165 0.27551
0.72769 0.49540 0.10730
0.54499 0.35692 0.25489
0.48481 0.27387 0.30608
0.77213 0.60432 0.09579
0.18451 0.07632 0.68846
0.80904 0.66511 0.07530
0.29838 0.11168 0.62253
0.84851 0.77071 0.05800
0.60906 0.28878 0.35645
0.82591 0.76855 0.06802
0.65786 0.32789 0.33241
0.49192 0.45904 0.19100
0.82798 0.37864 0.16261
0.52870 0.46876 0.15403
0.89569 0.46121 0.09569
0.44175 0.36728 0.17459
0.67288 0.33597 0.24777
0.51261 0.33674 0.14927
0.73366 0.19605 0.21485
0.57376 0.40362 0.12022
0.79422 0.16082 0.13798
0.49643 0.29591 0.16140
0.54273 0.16186 0.24526
0.51178 0.22839 0.14483
0.48139 0.15397 0.26048
0.49755 0.17615 0.13709
0.51155 0.16106 0.23264
0.51207 0.24064 0.13632
0.51472 0.22736 0.24684
0.48251 0.28152 0.17976
0.25577 0.09190 0.69441
0.40248 0.22293 0.16973
0.84891 0.24233 0.14063
0.54954 0.38460 0.11605
0.46704 0.16266 0.50559
0.39367 0.28959 0.22196
0.85231 0.56314 0.13482
0.15148 0.09952 0.29997
0.92740 0.55804 0.06343
0.12465 0.08243 0.42854
0.93754 0.64006 0.05146
0.15187 0.06279 0.25788
0.75115 0.39924 0.20246
0.33050 0.20182 0.27786
0.76068 0.44657 0.17367
0.24674 0.10987 0.36600
0.71271 0.39984 0.16500
0.28033 0.10463 0.44904
0.78685 0.47551 0.07726
0.33447 0.16849 0.37666
0.60102 0.33755 0.16840
0.37906 0.13240 0.29834
0.62757 0.28323 0.13237
0.40121 0.14216 0.25179
0.81450 0.26124 0.10723
0.26364 0.14229 0.18555
0.83295 0.38332 0.08738
0.25665 0.09509 0.15239
0.61176 0.24526 0.16100
0.22968 0.09299 0.27308
0.75556 0.37964 0.10688
0.40957 0.09633 0.18864
0.63573 0.25270 0.10005
0.55546 0.09814 0.08121
0.74923 0.37978 0.07927
0.10062 0.01269 0.44161
0.89096 0.56012 0.04059
0.06936 0.00847 0.53674
0.92853 0.59155 0.02326
0.09883 0.01560 0.54651
0.91317 0.63080 0.02968
0.03542 0.00368 0.71678
0.87111 0.41024 0.01802
0.16124 0.01461 0.32714
0.75529 0.37712 0.05014
0.16935 0.01898 0.34923
0.73045 0.28937 0.03337
0.08465 0.00793 0.55451
0.88655 0.59219 0.02297
0.01685 0.00319 0.79981
0.93744 0.71458 0.01923
0.11247 0.02381 0.53138
0.97465 0.50142 0.00361
0.04704 0.00317 0.54843
0.87083 0.33777 0.01461
0.20029 0.02860 0.31897
0.77043 0.35234 0.05265
0.27956 0.04159 0.24692
0.82072 0.33846 0.03174
0.39798 0.12983 0.21521
0.43348 0.13838 0.18563
0.34107 0.03381 0.16914
0.78568 0.30356 0.02231
0.10454 0.00766 0.40137
0.87758 0.60105 0.02794
0.22928 0.05048 0.30336
0.82388 0.38908 0.03005
0.11693 0.01136 0.31796
0.89479 0.39757 0.01312
0.10796 0.01385 0.40477
0.92624 0.39961 0.00711
0.00652 0.00015 0.37918
0.99976 0.57665 0.00005
0.00590 0.00016 0.32864
0.99974 0.32003 0.00004
0.00113 0.00011 0.30998
0.99976 0.13684 0.00002
0.00140 0.00006 0.05499
0.99501 0.00302 0.00002
0.00870 0.00007 0.00181
0.99179 0.00111 0.00003
0.00857 0.00005 0.00116
0.98775 0.00055 0.00003
0.01065 0.00004 0.00094
0.98554 0.00038 0.00003
0.01021 0.00004 0.00098
0.98547 0.00024 0.00003
0.01193 0.00004 0.00089
1.00000 0.00000 0.00000
0.55757 0.23963 0.12507
0.44349 0.12610 0.22472
0.58861 0.28716 0.11562
0.41069 0.10132 0.21982
0.40434 0.13804 0.17875
0.60153 0.19875 0.14132
0.30587 0.07502 0.19609
0.62897 0.17838 0.07508
0.30650 0.06469 0.17714
0.66197 0.11861 0.06954
0.23496 0.06294 0.12512
0.52215 0.04707 0.21278
0.49682 0.27169 0.04756
0.37712 0.08651 0.08568
0.53598 0.06080 0.11996
0.28877 0.09653 0.10711
0.64613 0.10051 0.13072
0.29465 0.09556 0.07432
0.62632 0.05540 0.16656
0.22279 0.02776 0.05359
0.80509 0.07139 0.02669
0.23273 0.01480 0.06287
0.79748 0.06793 0.02273
0.21540 0.01081 0.05762
0.78764 0.06740 0.01933
0.17351 0.00564 0.07615
0.91787 0.10344 0.00624
0.27631 0.02032 0.07667
0.67810 0.08803 0.04838
0.45332 0.07531 0.10006
0.33164 0.02945 0.08596
0.72364 0.04297 0.02911
0.51723 0.03861 0.03220
0.27881 0.00751 0.06423
0.76845 0.06614 0.01391
0.21273 0.00373 0.04462
0.77560 0.06237 0.01092
0.23158 0.00662 0.05813
0.82376 0.07487 0.01005
0.12649 0.00207 0.05540
0.84883 0.10212 0.00482
0.02708 0.00011 0.09378
0.88859 0.14794 0.00045
0.00076 0.00003 0.14604
0.99972 0.07994 0.00002
0.00111 0.00005 0.04146
0.99939 0.02257 0.00001
0.00190 0.00012 0.05747
0.99813 0.00664 0.00003
0.00284 0.00005 0.00275
0.99862 0.00277 0.00002
0.00296 0.00004 0.00223
1.00000 0.00000 0.00000
0.45407 0.13803 0.15562
0.48784 0.15269 0.14492
0.41050 0.10312 0.22185
0.45614 0.16320 0.16587
0.51196 0.15637 0.19273
0.45591 0.15464 0.16303
0.51921 0.15939 0.19354
0.47669 0.15025 0.13117
0.50301 0.10865 0.12633
0.47788 0.16903 0.12597
0.48049 0.10176 0.28683
0.42562 0.15457 0.09604
0.66463 0.14900 0.20846
0.61107 0.39607 0.05439
0.16435 0.02019 0.74433
0.87311 0.74960 0.01172
0.20165 0.03304 0.62828
0.51442 0.40931 0.09613
0.44640 0.06532 0.42747
0.56033 0.45405 0.13089
0.39784 0.07238 0.35012
0.62368 0.46100 0.11964
0.26834 0.02604 0.62405
0.84125 0.48403 0.04490
0.20855 0.03752 0.59878
0.86160 0.46382 0.02427
0.29421 0.06113 0.39292
0.35570 0.19313 0.25788
0.58663 0.14743 0.26408
0.49091 0.18986 0.17397
0.57838 0.18542 0.22009
0.23820 0.07394 0.23726
0.78025 0.41029 0.12243
0.05741 0.01283 0.44214
0.85546 0.31398 0.06778
0.05547 0.01389 0.48210
0.90277 0.45414 0.02820
0.08879 0.00426 0.38883
0.73004 0.24430 0.01076
0.36030 0.02007 0.25568
0.68478 0.24680 0.02251
0.41325 0.01655 0.15232
0.47322 0.06272 0.02451
0.37762 0.02516 0.15554
0.65260 0.09131 0.03819
0.25793 0.01420 0.06020
0.65792 0.03460 0.01487
0.22037 0.01283 0.06497
0.74534 0.02868 0.00692
0.07269 0.00094 0.06936
0.87876 0.13371 0.00037
0.00585 0.00006 0.23994
0.86961 0.26513 0.00027
0.00085 0.00005 0.26968
0.99986 0.28061 0.00002
0.00041 0.00007 0.28919
0.99989 0.61671 0.00003
0.00027 0.00007 0.59979
0.99990 0.74958 0.00003
0.00029 0.00010 0.73119
0.99993 0.95891 0.00002
0.00013 0.00006 0.93509
0.99993 0.96655 0.00002
0.55813 0.21252 0.12731
0.49659 0.15857 0.14470
0.56242 0.20547 0.12417
0.45147 0.17417 0.17012
0.52884 0.17821 0.18224
0.45483 0.14740 0.13177
0.58075 0.19884 0.15246
0.44522 0.14589 0.13417
0.47717 0.14223 0.18435
0.62240 0.29075 0.08876
0.22271 0.05921 0.45709
0.75577 0.41576 0.04646
0.09496 0.01041 0.55916
0.92437 0.68034 0.00807
0.10740 0.01910 0.59439
0.73461 0.44177 0.05097
0.12188 0.01871 0.61693
0.89625 0.71782 0.01419
0.03497 0.00259 0.72459
0.96002 0.84160 0.00444
0.04644 0.00368 0.78875
0.82026 0.63474 0.01449
0.19684 0.04518 0.60019
0.68305 0.37752 0.03624
0.19509 0.04305 0.41814
0.63341 0.35712 0.05806
0.31551 0.10958 0.39005
0.69979 0.12771 0.03178
0.31989 0.07662 0.18838
0.80303 0.44579 0.01925
0.12168 0.01451 0.45313
0.76157 0.32748 0.01302
0.16211 0.01709 0.36067
0.86478 0.43412 0.01199
0.00367 0.00050 0.84911
0.95380 0.70019 0.00504
0.00042 0.00003 0.96116
0.98034 0.84058 0.00004
0.06410 0.00383 0.81513
0.99999 0.99195 0.00000
0.00004 0.00003 0.92990
0.99998 0.96009 0.00001
0.00004 0.00003 0.92826
0.99999 0.99273 0.00001
0.00002 0.00002 0.98405
0.99999 0.99278 0.00000
0.00001 0.00001 0.99124
0.99993 0.95285 0.00002
0.00010 0.00005 0.92617
0.99991 0.93179 0.00003
0.00022 0.00010 0.89901
0.99992 0.95947 0.00002
0.00011 0.00004 0.96990
1.00000 1.00000 0.00000
0.49901 0.18455 0.14621
0.46156 0.14628 0.20833
0.55948 0.23602 0.14414
0.46503 0.16682 0.22279
0.39619 0.13122 0.23016
0.64894 0.27557 0.16037
0.39633 0.16199 0.23107
0.44917 0.13914 0.24999
0.46928 0.17526 0.18175
0.41858 0.10321 0.25239
0.46310 0.24438 0.15962
0.53424 0.18012 0.20826
0.20066 0.07053 0.34705
0.33431 0.15658 0.38381
0.39774 0.17060 0.26109
0.63477 0.32692 0.14587
0.39164 0.11664 0.25146
0.56745 0.24475 0.13964
0.24215 0.06875 0.28606
0.80349 0.29690 0.07516
0.26763 0.06769 0.27545
0.89420 0.41564 0.03552
0.10935 0.00737 0.26044
0.92946 0.45731 0.02101
0.07120 0.00440 0.34185
0.95219 0.50468 0.01166
0.06494 0.00204 0.33803
0.92497 0.46741 0.01208
0.01427 0.00046 0.57386
0.96065 0.61819 0.01474
0.01377 0.00018 0.63636
0.90234 0.60225 0.00517
0.00438 0.00006 0.73329
0.94608 0.67573 0.00382
0.00510 0.00007 0.73701
0.88992 0.59747 0.00308
0.01579 0.00033 0.66834
0.98641 0.44941 0.00009
0.00980 0.00009 0.46303
0.97946 0.70918 0.00006
0.03745 0.00033 0.54882
0.98324 0.73359 0.00005
0.00317 0.00001 0.75951
0.99187 0.71647 0.00001
0.00236 0.00000 0.73833
0.99781 0.91361 0.00000
0.00107 0.00000 0.87439
0.99786 0.91922 0.00000
0.59286 0.26052 0.10711
0.37029 0.07398 0.19152
0.66727 0.31295 0.07105
0.37343 0.09900 0.22678
0.66034 0.26942 0.09467
0.41251 0.09402 0.17893
0.64477 0.23838 0.09526
0.32677 0.03625 0.17926
0.62979 0.17192 0.07480
0.33247 0.02511 0.14432
0.58670 0.11426 0.08762
0.31440 0.03213 0.15360
0.84891 0.25870 0.02550
0.26782 0.01681 0.20878
0.79384 0.15000 0.01785
0.27511 0.02600 0.10922
0.87465 0.14799 0.00970
0.16800 0.00365 0.08582
0.90161 0.14558 0.00297
0.19260 0.00283 0.11736
0.89856 0.13319 0.00215
0.17203 0.00259 0.08753
0.88021 0.10933 0.00156
0.01981 0.00048 0.14951
0.90505 0.14798 0.00162
0.17092 0.00885 0.10494
0.37620 0.03967 0.01763
0.72724 0.02675 0.04064
0.34227 0.02621 0.02677
0.14464 0.00612 0.13216
0.87629 0.16301 0.00813
0.11997 0.00899 0.22619
0.61919 0.10893 0.07519
0.23410 0.01946 0.06969
0.75902 0.16882 0.03865
0.10717 0.01017 0.17763
0.81658 0.20154 0.03798
0.07378 0.00395 0.32014
0.92386 0.29699 0.00078
0.00294 0.00010 0.41821
0.95560 0.34608 0.00008
0.00068 0.00005 0.40116
0.96666 0.47308 0.00006
0.00027 0.00004 0.59404
0.99983 0.61250 0.00003
0.00030 0.00006 0.47882
0.99983 0.72126 0.00004
0.00010 0.00004 0.94471
0.99991 0.95962 0.00002
0.00025 0.00010 0.87154
0.99989 0.95071 0.00003
0.00016 0.00004 0.94257
1.00000 1.00000 0.00000
0.55097 0.19704 0.13369
0.40782 0.09161 0.13047
0.57442 0.20893 0.12825
0.48115 0.16967 0.12171
0.51919 0.16215 0.15354
0.59648 0.33276 0.10304
0.35553 0.11481 0.35182
0.61660 0.34898 0.10394
0.52254 0.20165 0.17963
0.41450 0.16272 0.19767
0.51131 0.20844 0.21011
0.33846 0.11201 0.27912
0.62517 0.29408 0.12945
0.38110 0.09562 0.19468
0.52810 0.17040 0.12648
0.46015 0.10640 0.12617
0.61845 0.25600 0.09017
0.45281 0.10049 0.12072
0.33189 0.03670 0.13129
0.60858 0.15518 0.05178
0.30126 0.03298 0.13055
0.62246 0.13352 0.06749
0.24924 0.02002 0.16265
0.83880 0.40280 0.02576
0.25235 0.02808 0.10692
0.87958 0.10463 0.01565
0.29274 0.02877 0.03900
0.76640 0.07646 0.03340
0.43354 0.07667 0.03329
0.80809 0.00693 0.00717
0.13615 0.00022 0.00059
0.91661 0.00185 0.00009
0.05255 0.00011 0.00215
0.86210 0.00065 0.00007
0.31146 0.00021 0.00032
0.79604 0.00050 0.00009
0.15171 0.00011 0.00066
0.36962 0.00014 0.00023
0.57392 0.00015 0.00015
0.39239 0.00011 0.00025
0.80369 0.00020 0.00009
0.18295 0.00009 0.00050
0.80210 0.00017 0.00010
0.01750 0.00004 0.00077
0.97565 0.00018 0.00003
1.00000 0.00000 0.00000
0.57450 0.21423 0.11255
0.35006 0.08678 0.26446
0.76586 0.40669 0.06383
0.36525 0.09980 0.27522
0.61672 0.28445 0.09870
0.34252 0.05927 0.37246
0.61470 0.31899 0.07993
0.49502 0.09336 0.26716
0.53750 0.16244 0.11284
0.39686 0.04832 0.21646
0.57794 0.20245 0.08327
0.62599 0.04523 0.06975
0.35634 0.04988 0.09542
0.60877 0.05230 0.07213
0.24107 0.02481 0.13862
0.75839 0.09044 0.03793
0.36105 0.03837 0.09907
0.36626 0.03528 0.10242
0.48336 0.06952 0.09784
0.49708 0.05481 0.06137
0.51768 0.03738 0.05855
0.47572 0.06149 0.05462
0.54868 0.02591 0.05522
0.39138 0.03104 0.04787
0.53828 0.02080 0.02582
0.49113 0.04112 0.02950
0.32317 0.01331 0.02870
0.58526 0.05983 0.04905
0.30851 0.00898 0.04042
0.68371 0.05424 0.03514
0.23909 0.00966 0.04751
0.75989 0.06589 0.02022
0.16093 0.00418 0.06211
0.82573 0.06842 0.01063
0.14131 0.00356 0.06934
0.89308 0.08006 0.00297
0.06181 0.00088 0.06897
0.96845 0.00379 0.00007
0.02247 0.00008 0.00184
0.99520 0.00554 0.00002
0.00797 0.00006 0.00219
0.99397 0.00197 0.00002
0.00930 0.00006 0.00106
0.98733 0.00057 0.00003
0.01188 0.00005 0.00080
0.97445 0.00027 0.00004
0.00867 0.00004 0.00105
0.97586 0.00016 0.00003
0.54652 0.19683 0.13524
0.42605 0.13284 0.20075
0.60442 0.25766 0.11653
0.43643 0.15497 0.21160
0.48072 0.22367 0.19853
0.48641 0.18352 0.17638
0.43468 0.13120 0.19221
0.50559 0.20300 0.15457
0.41771 0.10183 0.20750
0.53046 0.15020 0.13183
0.43438 0.09554 0.16478
0.40918 0.08018 0.16389
0.46494 0.10788 0.13601
0.53047 0.14979 0.13228
0.31141 0.05549 0.29963
0.70094 0.18206 0.05909
0.43100 0.06920 0.18483
0.92290 0.25984 0.00459
0.16027 0.00890 0.23836
0.91870 0.30078 0.00270
0.07685 0.00249 0.20895
0.94974 0.31570 0.00145
0.05116 0.00155 0.24224
0.97117 0.35711 0.00116
0.08263 0.01127 0.22894
0.95472 0.25210 0.00311
0.08363 0.00993 0.22802
0.95344 0.14174 0.00259
0.03596 0.00293 0.29017
0.98734 0.34811 0.00012
0.00123 0.00008 0.23801
0.99969 0.09353 0.00002
0.00112 0.00006 0.04812
0.99975 0.12529 0.00002
0.00089 0.00006 0.09415
0.99977 0.20496 0.00002
0.00115 0.00007 0.09226
0.99959 0.03885 0.00002
0.00252 0.00008 0.01510
0.99899 0.01118 0.00002
0.00272 0.00005 0.00376
0.99622 0.00135 0.00003
0.00377 0.00004 0.00182
0.99718 0.00112 0.00003
0.00389 0.00004 0.00180
1.00000 0.00000 0.00000
0.50827 0.18729 0.16334
0.38457 0.10732 0.20274
0.52663 0.17417 0.14733
0.56087 0.28774 0.14104
0.35962 0.10443 0.29281
0.58805 0.27170 0.11795
0.41174 0.13332 0.26853
0.75528 0.51566 0.06581
0.44811 0.16063 0.16169
0.67428 0.41360 0.09245
0.53599 0.28558 0.18252
0.55766 0.23423 0.12689
0.71666 0.38591 0.10540
0.41047 0.13681 0.16673
0.50042 0.19231 0.27853
0.60373 0.29815 0.12503
0.51820 0.17576 0.28489
0.52940 0.12075 0.07846
0.52337 0.16282 0.12819
0.33593 0.08269 0.14581
0.42581 0.10081 0.14300
0.43892 0.07413 0.12132
0.62990 0.19353 0.09482
0.37703 0.03315 0.13648
0.54506 0.11850 0.06714
0.62897 0.10231 0.04714
0.45272 0.10512 0.13398
0.64737 0.10986 0.04266
0.31702 0.07327 0.30199
0.37391 0.10882 0.19344
0.55558 0.16228 0.13187
0.82127 0.08597 0.02163
0.34358 0.04567 0.12900
0.21590 0.06304 0.13578
0.61040 0.12666 0.08196
0.35614 0.11662 0.08916
0.36366 0.04963 0.21926
0.41788 0.20283 0.09243
0.63392 0.12045 0.07728
0.11959 0.01437 0.15807
0.29847 0.02312 0.02718
0.72624 0.07083 0.02352
0.23870 0.01892 0.08669
0.33765 0.05084 0.05208
0.05198 0.00010 0.00156
0.99457 0.01822 0.00006
0.00814 0.00006 0.00428
0.99903 0.04628 0.00003
0.00180 0.00004 0.00975
0.99984 0.12104 0.00002
0.00113 0.00006 0.04930
0.99973 0.07711 0.00002
0.00171 0.00008 0.05266
0.99961 0.07963 0.00002
0.00151 0.00028 0.42995
0.99831 0.17910 0.00006
0.51456 0.16572 0.12052
0.50192 0.16501 0.13809
0.41131 0.14336 0.17324
0.50812 0.14362 0.17087
0.45505 0.17552 0.14089
0.49306 0.12270 0.17027
0.41677 0.16241 0.14273
0.59540 0.22600 0.12185
0.32064 0.11843 0.18501
0.54946 0.12819 0.17402
0.27110 0.10706 0.17889
0.69079 0.19041 0.10304
0.31307 0.13573 0.12791
0.53157 0.07986 0.15575
0.37372 0.16012 0.07620
0.74399 0.15364 0.06342
0.22316 0.03973 0.12227
0.73234 0.15596 0.05403
0.23081 0.05424 0.15204
0.64119 0.08208 0.06933
0.24832 0.03384 0.13369
0.77737 0.14291 0.03419
0.17489 0.00718 0.14803
0.89533 0.28491 0.01668
0.11863 0.00422 0.20194
0.88610 0.35188 0.01633
0.09986 0.00250 0.18786
0.89834 0.29267 0.00984
0.15830 0.00210 0.19347
0.62840 0.11428 0.00108
0.16264 0.00193 0.13093
0.81485 0.07587 0.00063
0.10078 0.00104 0.11152
0.85610 0.10494 0.00035
0.03256 0.00015 0.14605
0.89216 0.19420 0.00023
0.02461 0.00017 0.24204
0.93305 0.08712 0.00013
0.00089 0.00005 0.17824
0.99978 0.25632 0.00003
0.00069 0.00008 0.26621
0.99977 0.45529 0.00003
0.00081 0.00011 0.32137
0.99966 0.25908 0.00004
0.00039 0.00011 0.87683
1.00000 0.00000 0.00000
0.53998 0.19236 0.13960
0.50884 0.18978 0.15990
0.44121 0.12787 0.18727
0.52919 0.22431 0.14571
0.48337 0.16632 0.20511
0.48886 0.14945 0.11656
0.39522 0.07847 0.21714
0.50405 0.13513 0.10928
0.53507 0.17448 0.14047
0.40679 0.09688 0.15283
0.61238 0.19079 0.08659
0.39610 0.09509 0.10457
0.57750 0.10874 0.09767
0.39650 0.10225 0.08754
0.43083 0.04997 0.17519
0.36632 0.07296 0.05715
0.58213 0.04854 0.06409
0.34187 0.03263 0.04769
0.58789 0.03991 0.05570
0.41406 0.03803 0.02867
0.66743 0.03892 0.03315
0.28676 0.02933 0.08332
0.64434 0.07498 0.04464
0.17884 0.01577 0.24094
0.70327 0.14080 0.03816
0.13894 0.01453 0.40858
0.64180 0.08891 0.03751
0.18835 0.00629 0.21771
0.75142 0.19267 0.02311
0.08940 0.00454 0.47396
0.75860 0.05126 0.01037
0.23253 0.01539 0.13788
0.82724 0.06276 0.00403
0.05515 0.00182 0.05938
0.99792 0.09748 0.00008
0.01537 0.00016 0.03223
0.98658 0.00702 0.00005
0.01807 0.00007 0.00213
0.99281 0.00734 0.00004
0.00213 0.00005 0.00902
0.99851 0.00796 0.00002
0.00368 0.00005 0.00286
0.99716 0.00272 0.00003
0.00364 0.00004 0.00200
0.99721 0.00207 0.00003
0.00319 0.00004 0.00205
0.99860 0.00255 0.00003
0.43552 0.12434 0.17380
0.57616 0.26827 0.09981
0.39047 0.13134 0.27596
0.55181 0.23385 0.12751
0.45194 0.13605 0.19554
0.59504 0.28930 0.09216
0.49935 0.19962 0.24471
0.38119 0.14878 0.21272
0.54718 0.21003 0.25722
0.53183 0.28046 0.12153
0.55928 0.29384 0.24089
0.46411 0.18986 0.17068
0.64777 0.32841 0.13193
0.41792 0.16049 0.22026
0.67792 0.30288 0.09654
0.44737 0.16704 0.17579
0.70538 0.33444 0.09143
0.59516 0.30744 0.09932
0.52968 0.19991 0.19834
0.53967 0.29519 0.13907
0.47913 0.19640 0.26967
0.62656 0.37476 0.09992
0.33140 0.09917 0.44120
0.71356 0.57423 0.05633
0.22937 0.05370 0.59429
0.66825 0.46224 0.05884
0.34512 0.04962 0.53281
0.68280 0.54124 0.03065
0.38520 0.03355 0.50369
0.76853 0.63284 0.01753
0.50200 0.02802 0.37423
0.61040 0.40491 0.04833
0.46964 0.03921 0.35353
0.37450 0.26868 0.07376
0.54555 0.04539 0.33709
0.51288 0.35707 0.04484
0.65029 0.17832 0.25867
0.56430 0.30137 0.07279
0.31547 0.03423 0.29892
0.73717 0.43924 0.02297
0.25243 0.01783 0.42478
0.85685 0.69235 0.01323
0.18916 0.02149 0.46569
0.65987 0.42269 0.03246
0.44665 0.07052 0.26616
0.66114 0.47094 0.03290
0.11563 0.00760 0.64771
0.81796 0.53941 0.01382
0.10207 0.00626 0.70787
0.93663 0.84194 0.00570
0.01066 0.00064 0.86784
0.94861 0.87500 0.00122
0.00941 0.00031 0.91122
0.96837 0.91933 0.00023
0.00620 0.00007 0.92256
0.97477 0.91401 0.00005
0.02782 0.00017 0.88183
0.97741 0.92162 0.00004
0.00119 0.00002 0.97117
0.98791 0.95749 0.00002
0.13615 0.00098 0.77115
0.97414 0.91838 0.00003
0.39281 0.00247 0.44288
0.98652 0.94402 0.00002
0.00000 0.00000 0.99869
0.99998 0.98797 0.00001
0.00001 0.00001 0.99799
1.00000 0.99749 0.00000
0.00000 0.00000 0.99972
1.00000 0.99648 0.00000
0.00000 0.00000 0.99971
0.99999 0.99566 0.00000
0.00000 0.00000 0.99969
1.00000 1.00000 0.00000
0.45700 0.15498 0.15952
0.72778 0.39530 0.07220
0.47090 0.16739 0.15465
0.45913 0.14327 0.22227
0.61976 0.28644 0.10576
0.41938 0.12456 0.24009
0.59318 0.27486 0.10939
0.40977 0.08377 0.22614
0.49698 0.17773 0.14213
0.49310 0.10898 0.19311
0.45539 0.21301 0.17926
0.50912 0.07338 0.16495
0.43120 0.21361 0.15221
0.54048 0.09208 0.15568
0.48089 0.21858 0.07514
0.53991 0.07422 0.17817
0.33801 0.11145 0.13238
0.51014 0.08504 0.15891
0.59180 0.17697 0.06085
0.42165 0.03360 0.08796
0.40784 0.07030 0.09935
0.39554 0.03404 0.08313
0.75981 0.15405 0.03668
0.27543 0.00577 0.06148
0.74067 0.08146 0.00953
0.27590 0.00560 0.09112
0.80595 0.11964 0.00710
0.21498 0.00409 0.07550
0.80864 0.04200 0.00144
0.21899 0.00464 0.10535
0.89813 0.00142 0.00008
0.18911 0.00013 0.00044
0.89267 0.00134 0.00008
0.11718 0.00012 0.00072
0.92788 0.00114 0.00006
0.03683 0.00008 0.00094
0.94795 0.00037 0.00005
0.03490 0.00006 0.00070
0.96246 0.00027 0.00004
0.02897 0.00005 0.00067
0.96370 0.00020 0.00004
0.05265 0.00006 0.00059
0.94073 0.00017 0.00005
0.05709 0.00006 0.00059
0.94877 0.00013 0.00004
0.05018 0.00005 0.00058
0.48468 0.15159 0.13215
0.52858 0.17230 0.12809
0.42658 0.11960 0.17882
0.54705 0.19644 0.12294
0.64761 0.29541 0.08920
0.53257 0.21707 0.13564
0.37897 0.09602 0.24327
0.56914 0.18485 0.11026
0.44323 0.18784 0.19806
0.62797 0.21708 0.08676
0.27629 0.04222 0.26221
0.72413 0.25654 0.05096
0.26107 0.03233 0.24588
0.82712 0.46330 0.03472
0.08857 0.00881 0.52320
0.89685 0.58187 0.02728
0.07883 0.00597 0.53372
0.91446 0.49488 0.02064
0.07184 0.00425 0.36348
0.93513 0.56712 0.00910
0.05862 0.00264 0.51668
0.96833 0.65795 0.00617
0.10543 0.01378 0.49751
0.94473 0.60856 0.00933
0.01942 0.00047 0.71520
0.95683 0.70216 0.00190
0.01714 0.00045 0.70693
0.95040 0.72020 0.00095
0.00882 0.00011 0.72781
0.94497 0.72666 0.00060
0.00414 0.00004 0.76786
0.95253 0.75123 0.00031
0.02018 0.00010 0.72474
0.86035 0.70796 0.00044
0.01796 0.00009 0.54502
0.91583 0.74999 0.00045
0.02351 0.00012 0.54785
0.92598 0.70949 0.00028
0.00434 0.00002 0.53323
0.98222 0.76230 0.00005
0.00299 0.00004 0.53123
0.97629 0.78708 0.00003
0.00098 0.00001 0.58639
0.98370 0.85259 0.00002
0.00082 0.00002 0.61890
0.98852 0.85261 0.00001
0.00022 0.00000 0.94491
0.99996 0.96931 0.00001
0.00002 0.00002 0.99811
1.00000 1.00000 0.00000
0.55098 0.20534 0.11832
0.50917 0.23471 0.18085
0.43097 0.15358 0.22254
0.77974 0.47938 0.06725
0.37094 0.12222 0.25409
0.58878 0.23511 0.15491
0.37167 0.16721 0.30043
0.75159 0.39973 0.08108
0.22892 0.09079 0.43471
0.64540 0.37883 0.13542
0.47191 0.24974 0.27701
0.75890 0.53048 0.09475
0.32415 0.16612 0.42908
0.41731 0.27054 0.44302
0.53541 0.38132 0.25469
0.64035 0.32881 0.28323
0.49040 0.34518 0.23800
0.66564 0.40090 0.26917
0.46513 0.26783 0.35204
0.79982 0.50888 0.13880
0.31526 0.18838 0.30365
0.85135 0.48152 0.09217
0.10427 0.03201 0.31625
0.90259 0.46113 0.05481
0.10153 0.01217 0.28249
0.82085 0.39732 0.05254
0.07671 0.00927 0.37776
0.89268 0.52524 0.03544
0.16803 0.02792 0.28587
0.88480 0.49042 0.03975
0.06197 0.00241 0.29313
0.78156 0.38077 0.04081
0.19099 0.01299 0.16572
0.71996 0.37263 0.05276
0.22876 0.01369 0.16459
0.70925 0.28764 0.07752
0.17305 0.00529 0.18441
0.83355 0.20395 0.01888
0.13628 0.00526 0.25645
0.84092 0.27509 0.01626
0.15142 0.00459 0.13019
0.85687 0.27816 0.01454
0.18719 0.00618 0.13371
0.58749 0.06718 0.02724
0.31271 0.02727 0.11473
0.67075 0.10216 0.01141
0.24059 0.01092 0.10768
0.78959 0.07843 0.00734
0.09213 0.00272 0.17609
0.84875 0.17858 0.00606
0.26932 0.02660 0.09388
0.16247 0.01121 0.12293
0.78547 0.16185 0.03470
0.35425 0.05292 0.09727
0.59398 0.06532 0.05728
0.10686 0.00746 0.15538
0.82683 0.04220 0.00727
0.03979 0.00018 0.01649
0.99139 0.01007 0.00005
0.00907 0.00005 0.00448
0.99449 0.00388 0.00002
0.00629 0.00005 0.00244
0.99184 0.00117 0.00003
0.02044 0.00005 0.00074
0.97828 0.00037 0.00003
0.00693 0.00004 0.00122
0.99485 0.00095 0.00003
0.00503 0.00004 0.00153
0.99318 0.00045 0.00003
0.00765 0.00004 0.00115
1.00000 0.00000 0.00000
0.45780 0.14468 0.15051
0.54180 0.17965 0.12503
0.41555 0.12089 0.18867
0.59548 0.21828 0.10442
0.39767 0.14613 0.21085
0.51857 0.16752 0.19444
0.49104 0.22178 0.15291
0.54645 0.16568 0.16491
0.43289 0.15447 0.16234
0.53160 0.16657 0.18064
0.38160 0.14725 0.19444
0.71358 0.28135 0.09147
0.24900 0.07248 0.26808
0.61490 0.25325 0.07830
0.40095 0.07930 0.23611
0.73394 0.31565 0.03883
0.25032 0.02935 0.30773
0.88449 0.46534 0.01101
0.22481 0.01667 0.32221
0.93078 0.32775 0.00604
0.14042 0.00469 0.18867
0.93342 0.24945 0.00353
0.08541 0.00239 0.14841
0.91407 0.23365 0.00221
0.11261 0.00262 0.12590
0.87955 0.30093 0.00152
0.09109 0.00122 0.09161
0.81643 0.16554 0.00054
0.04946 0.00027 0.11943
0.87172 0.18587 0.00018
0.00935 0.00009 0.18948
0.93751 0.37323 0.00012
0.00364 0.00004 0.29957
0.96928 0.47593 0.00006
0.03945 0.00033 0.41451
0.97149 0.61167 0.00006
0.02997 0.00020 0.51185
0.98315 0.75012 0.00003
0.00031 0.00005 0.78696
0.99996 0.79455 0.00002
0.00014 0.00005 0.88029
0.99992 0.95798 0.00002
0.00022 0.00008 0.86312
0.99992 0.96298 0.00002
0.00029 0.00012 0.85325
0.99988 0.94430 0.00003
0.00022 0.00005 0.91417
1.00000 1.00000 0.00000
0.51611 0.14660 0.12345
0.45154 0.11426 0.13772
0.53931 0.18044 0.16815
0.46738 0.14938 0.14082
0.46211 0.12820 0.20610
0.38224 0.10892 0.17358
0.50576 0.14744 0.21095
0.43433 0.19364 0.17846
0.57174 0.18288 0.18342
0.46910 0.17182 0.16838
0.67250 0.22618 0.13640
0.38949 0.13375 0.16182
0.59332 0.17557 0.13357
0.30023 0.06248 0.19987
0.64644 0.16286 0.09364
0.27655 0.06070 0.18706
0.64290 0.12006 0.08672
0.32751 0.07455 0.11111
0.65053 0.09256 0.08241
0.25024 0.02320 0.08329
0.72920 0.08075 0.03315
0.26271 0.03791 0.07563
0.31573 0.02484 0.35687
0.57125 0.20163 0.05673
0.27692 0.02987 0.32004
0.76150 0.38540 0.03524
0.53467 0.09370 0.14073
0.51715 0.11208 0.06335
0.60803 0.05086 0.06047
0.31339 0.02486 0.05313
0.74761 0.06215 0.02020
0.25797 0.00705 0.02907
0.76316 0.05583 0.00923
0.27487 0.01945 0.05111
0.66651 0.06928 0.04209
0.39975 0.05504 0.05450
0.60220 0.02267 0.07209
0.67354 0.30517 0.01277
0.68054 0.08799 0.04397
0.72788 0.40926 0.02100
0.11342 0.00977 0.64951
0.67810 0.56524 0.04098
0.32400 0.04214 0.24449
0.39349 0.11491 0.06270
0.42160 0.05337 0.13669
0.53445 0.01559 0.02572
0.46158 0.05979 0.11939
0.20132 0.04264 0.06770
0.64288 0.09274 0.06903
0.11293 0.01258 0.21412
0.76423 0.15721 0.05020
0.10209 0.00704 0.25161
0.82526 0.15926 0.03819
0.13298 0.01038 0.16625
0.73562 0.10583 0.04128
0.25679 0.02183 0.08495
0.76435 0.10531 0.04109
0.11936 0.00762 0.18940
0.37355 0.04330 0.08882
0.57745 0.10256 0.08888
0.12587 0.01373 0.34052
0.71099 0.14128 0.06818
0.20386 0.02001 0.18781
0.78911 0.14479 0.05057
0.14099 0.01441 0.22800
0.87829 0.05639 0.00503
0.17439 0.01242 0.07334
0.99676 0.04556 0.00009
0.02199 0.00007 0.00664
0.99827 0.03082 0.00003
0.00790 0.00006 0.00813
0.99921 0.02456 0.00002
0.00197 0.00004 0.00979
0.98263 0.00065 0.00003
0.01524 0.00006 0.00085
0.98176 0.00040 0.00003
0.01363 0.00005 0.00089
0.98566 0.00042 0.00003
0.01044 0.00004 0.00096
0.98390 0.00033 0.00003
0.00988 0.00004 0.00102
0.99011 0.00032 0.00003
0.01020 0.00004 0.00096
1.00000 0.00000 0.00000
0.55004 0.21409 0.13349
0.57826 0.27703 0.12121
0.52821 0.22222 0.18388
0.58689 0.29000 0.13356
0.39697 0.15084 0.24631
0.63355 0.25940 0.09746
0.37705 0.07877 0.18371
0.58733 0.19601 0.08924
0.40732 0.08138 0.15872
0.62418 0.25050 0.08128
0.35751 0.07645 0.19763
0.63992 0.29494 0.07021
0.23781 0.03669 0.39868
0.76660 0.51009 0.04686
0.53579 0.17252 0.19422
0.57041 0.18527 0.08736
0.52218 0.18902 0.15496
0.33222 0.06443 0.20760
0.43357 0.07013 0.13354
0.45253 0.14086 0.09288
0.60044 0.10425 0.08680
0.69762 0.33502 0.04332
0.21497 0.03719 0.38488
0.81378 0.47673 0.02133
0.25097 0.01900 0.16767
0.76479 0.26668 0.01963
0.21335 0.01352 0.16365
0.75351 0.29368 0.02938
0.07545 0.00466 0.51734
0.92911 0.57662 0.00587
0.11204 0.00878 0.40124
0.93344 0.06555 0.00290
0.44120 0.10533 0.05600
0.93709 0.06913 0.00360
0.02462 0.00007 0.00800
0.99638 0.02675 0.00005
0.02076 0.00005 0.00603
0.99755 0.01227 0.00002
0.01238 0.00004 0.00444
0.99771 0.00867 0.00002
0.00961 0.00005 0.00443
0.99777 0.00754 0.00002
0.00873 0.00005 0.00262
0.99508 0.00287 0.00002
0.00355 0.00005 0.00417
0.99729 0.00373 0.00002
0.00545 0.00005 0.00170
0.99452 0.00132 0.00003
0.00532 0.00004 0.00154
0.99328 0.00081 0.00003
0.00536 0.00004 0.00142
0.99260 0.00044 0.00003
0.00700 0.00004 0.00121
1.00000 0.00000 0.00000
0.51304 0.17229 0.11994
0.45552 0.13544 0.17154
0.48646 0.16562 0.13509
0.58303 0.18469 0.13257
0.34758 0.10322 0.20096
0.50662 0.14358 0.15226
0.45245 0.12209 0.13360
0.47083 0.11324 0.16365
0.46594 0.13704 0.13835
0.45142 0.11534 0.18473
0.38798 0.09236 0.23718
0.48984 0.09441 0.16257
0.26295 0.05241 0.27937
0.65526 0.15929 0.09479
0.32993 0.08515 0.14581
0.60822 0.05953 0.07671
0.31193 0.04982 0.10921
0.69250 0.07443 0.05675
0.75638 0.32158 0.02427
0.32009 0.03621 0.12432
0.67895 0.11990 0.04442
0.18665 0.01496 0.13218
0.81244 0.21852 0.02951
0.14067 0.01014 0.14935
0.83521 0.23903 0.02547
0.07752 0.00354 0.21657
0.91310 0.26465 0.00133
0.10100 0.00468 0.19941
0.91826 0.21693 0.00119
0.01861 0.00023 0.31146
0.94804 0.38046 0.00009
0.00783 0.00004 0.28333
0.95236 0.21259 0.00005
0.01829 0.00010 0.24805
0.96829 0.27295 0.00003
0.00143 0.00001 0.48908
0.99970 0.06711 0.00002
0.00193 0.00007 0.03488
0.99936 0.03124 0.00002
0.00294 0.00007 0.01141
0.99939 0.04223 0.00003
0.00236 0.00008 0.02181
0.99840 0.14658 0.00004
0.00247 0.00004 0.00264
1.00000 0.00000 0.00000
0.45265 0.15177 0.19803
0.57406 0.20382 0.13418
0.35069 0.09778 0.24808
0.65064 0.31576 0.08787
0.41385 0.11690 0.23075
0.46211 0.11176 0.11163
0.29973 0.04613 0.16461
0.74579 0.23769 0.02955
0.32010 0.04488 0.15856
0.60959 0.12140 0.03693
0.34304 0.03329 0.13717
0.60411 0.06300 0.01909
0.45018 0.04964 0.06464
0.55327 0.06390 0.02378
0.47279 0.05111 0.07586
0.35876 0.01222 0.03467
0.66677 0.07016 0.01960
0.51789 0.00695 0.01023
0.65106 0.05479 0.02358
0.55892 0.00613 0.00941
0.67333 0.05067 0.01463
0.06094 0.00224 0.04232
0.87521 0.08121 0.00375
0.27319 0.01825 0.03498
0.14325 0.00737 0.04456
0.74699 0.02179 0.00410
0.38362 0.01603 0.00711
0.88075 0.00117 0.00008
0.15847 0.00010 0.00060
0.87012 0.00069 0.00007
0.20908 0.00010 0.00047
0.59580 0.00019 0.00013
0.49023 0.00015 0.00018
0.40804 0.00013 0.00021
0.46001 0.00013 0.00020
0.58384 0.00015 0.00016
0.43894 0.00012 0.00022
0.14785 0.00008 0.00050
0.93741 0.00018 0.00005
0.02855 0.00005 0.00066
0.97676 0.00018 0.00003
0.01900 0.00004 0.00069
0.52047 0.19754 0.14816
0.44168 0.13412 0.18046
0.40784 0.12524 0.20226
0.57929 0.22547 0.13852
0.42170 0.13899 0.20677
0.54242 0.19560 0.16633
0.33980 0.08401 0.23409
0.62978 0.20203 0.11981
0.68313 0.35710 0.07405
0.21194 0.01771 0.34976
0.80716 0.50420 0.03194
0.17362 0.01418 0.35214
0.80015 0.45498 0.03102
0.19604 0.01093 0.26493
0.68392 0.21514 0.06920
0.21903 0.01641 0.27832
0.73059 0.23641 0.04023
0.18734 0.01598 0.25236
0.76488 0.47322 0.02638
0.03301 0.00095 0.69625
0.92125 0.54198 0.00056
0.05200 0.00059 0.50833
0.89318 0.43271 0.00042
0.09934 0.00253 0.46107
0.93575 0.46098 0.00020
0.02154 0.00026 0.59089
0.96218 0.78397 0.00013
0.02738 0.00060 0.70864
0.71810 0.40534 0.00286
0.07477 0.00132 0.39561
0.91148 0.49738 0.00072
0.06391 0.00085 0.66553
0.74640 0.33932 0.00027
0.24312 0.00306 0.20224
0.83663 0.64424 0.00025
0.01968 0.00014 0.89238
0.93911 0.85877 0.00051
0.13090 0.00125 0.63025
0.87036 0.71659 0.00022
0.12757 0.00115 0.60749
0.84588 0.48546 0.00017
0.15087 0.00122 0.44993
0.86609 0.43574 0.00008
0.02613 0.00022 0.58615
0.95483 0.66437 0.00007
0.02928 0.00023 0.45508
0.99834 0.91026 0.00001
0.00006 0.00003 0.91083
0.99999 0.95596 0.00001
0.00004 0.00003 0.93986
0.99999 0.95664 0.00001
0.00004 0.00003 0.94613
0.99998 0.95413 0.00001
0.00008 0.00004 0.90846
0.99996 0.85082 0.00002
0.00012 0.00004 0.94468
0.99985 0.90924 0.00003
0.00024 0.00006 0.90878
1.00000 1.00000 0.00000
0.51229 0.16806 0.13261
0.38812 0.10968 0.20343
0.64497 0.28143 0.09360
0.63691 0.36998 0.15492
0.57060 0.21294 0.17319
0.40235 0.11814 0.22313
0.62985 0.23787 0.13384
0.41450 0.14429 0.20306
0.52148 0.13785 0.19743
0.49053 0.16535 0.15630
0.49167 0.13568 0.20023
0.45980 0.11370 0.15940
0.45160 0.06641 0.13031
0.60266 0.19505 0.10302
0.46989 0.08580 0.15227
0.42055 0.04894 0.15106
0.54394 0.09209 0.08313
0.34850 0.02953 0.19247
0.59033 0.08792 0.06692
0.39241 0.02174 0.06143
0.65748 0.03761 0.02907
0.39710 0.02045 0.05032
0.46271 0.00573 0.00756
0.82296 0.06228 0.00507
0.13016 0.00253 0.09705
0.90056 0.13061 0.00355
0.09691 0.00124 0.09535
0.91921 0.12298 0.00228
0.17826 0.00263 0.03656
0.94508 0.03282 0.00030
0.05766 0.00009 0.00165
0.76874 0.00038 0.00010
0.27285 0.00015 0.00030
0.72288 0.00029 0.00011
0.23704 0.00012 0.00036
0.82564 0.00029 0.00009
0.02424 0.00006 0.00068
0.97774 0.00031 0.00004
0.01794 0.00005 0.00083
0.97906 0.00027 0.00004
0.56255 0.21958 0.11608
0.38978 0.09739 0.24784
0.56115 0.20357 0.12989
0.42801 0.11969 0.21712
0.56062 0.19000 0.12393
0.30524 0.06744 0.25141
0.65644 0.26213 0.08588
0.31824 0.06378 0.24231
0.51776 0.15144 0.12371
0.38940 0.08638 0.18937
0.59768 0.14675 0.07488
0.22473 0.03045 0.15457
0.67345 0.12924 0.06707
0.42484 0.10391 0.10157
0.65678 0.10200 0.07387
0.41995 0.11313 0.09540
0.62618 0.07807 0.11339
0.39205 0.10050 0.10484
0.82260 0.15026 0.02578
0.18853 0.00687 0.05047
0.85257 0.08146 0.00526
0.17478 0.00430 0.05095
0.84268 0.08574 0.00464
0.13718 0.00252 0.07399
0.86844 0.11298 0.00241
0.15131 0.00305 0.11843
0.84732 0.11278 0.00081
0.06156 0.00036 0.17283
0.89094 0.18794 0.00025
0.01401 0.00012 0.17468
0.94814 0.17221 0.00006
0.00202 0.00003 0.08564
0.99958 0.05506 0.00002
0.00136 0.00004 0.02237
0.99964 0.05458 0.00002
0.00169 0.00006 0.03276
0.99939 0.02355 0.00002
0.00359 0.00006 0.00818
0.99938 0.02291 0.00002
0.00319 0.00007 0.01265
0.99798 0.00509 0.00003
0.00338 0.00004 0.00208
0.99522 0.00077 0.00003
0.00595 0.00004 0.00134
0.99556 0.00067 0.00003
0.51270 0.19989 0.12560
0.50244 0.13631 0.15672
0.40594 0.12273 0.17117
0.68969 0.29572 0.08266
0.49304 0.25069 0.18727
0.44595 0.16944 0.25179
0.66350 0.41230 0.08560
0.21799 0.04959 0.53312
0.75651 0.54672 0.06327
0.18036 0.03925 0.56281
0.83625 0.67360 0.04104
0.16177 0.02408 0.53889
0.63931 0.40784 0.09368
0.27461 0.05610 0.40905
0.70235 0.41500 0.05803
0.29989 0.05583 0.34211
0.73936 0.43458 0.04256
0.21935 0.02979 0.40406
0.83951 0.57493 0.02260
0.23149 0.04044 0.40751
0.72473 0.37646 0.06207
0.25842 0.04842 0.37695
0.79464 0.41441 0.03430
0.39154 0.10699 0.26272
0.78562 0.28681 0.02470
0.20453 0.01329 0.23143
0.90300 0.59011 0.01065
0.14920 0.01132 0.30878
0.94130 0.66415 0.00443
0.05675 0.00334 0.33605
0.89214 0.46011 0.00794
0.08258 0.00621 0.22198
0.89780 0.29469 0.00631
0.05496 0.00131 0.17343
0.87348 0.28228 0.00114
0.39267 0.00818 0.05889
0.99976 0.10237 0.00002
0.00076 0.00005 0.09253
0.99974 0.07435 0.00002
0.00126 0.00003 0.01687
0.99912 0.01419 0.00001
0.00207 0.00004 0.00825
0.99920 0.01606 0.00001
0.00253 0.00006 0.00903
0.99927 0.01575 0.00002
0.00266 0.00004 0.00342
0.99799 0.00333 0.00002
0.00337 0.00004 0.00216
0.99873 0.00331 0.00002
0.00240 0.00004 0.00277
1.00000 0.00000 0.00000
0.51662 0.16720 0.12721
0.50921 0.16394 0.11865
0.50048 0.12792 0.15317
0.54229 0.27546 0.10880
0.52284 0.15213 0.15861
0.41874 0.15805 0.15554
0.58808 0.12845 0.12617
0.37737 0.14079 0.09959
0.69122 0.09753 0.08279
0.27533 0.07851 0.09555
0.76136 0.19640 0.07399
0.27516 0.06407 0.13766
0.47967 0.07984 0.11661
0.31088 0.09973 0.18780
0.62207 0.16478 0.06415
0.24058 0.03203 0.27414
0.49256 0.08083 0.07817
0.29736 0.02717 0.16218
0.41401 0.04745 0.05550
0.41306 0.04331 0.10927
0.46946 0.06515 0.05975
0.26036 0.02474 0.25042
0.59233 0.13821 0.05194
0.21999 0.01784 0.30328
0.58577 0.14215 0.05470
0.26235 0.02295 0.28504
0.55074 0.12232 0.05891
0.25708 0.02366 0.23449
0.69406 0.15218 0.03892
0.10761 0.00482 0.18764
0.83390 0.18677 0.01908
0.15914 0.01872 0.15884
0.78965 0.11757 0.02627
0.04547 0.00210 0.15314
0.77453 0.03989 0.01347
0.26571 0.01438 0.06743
0.44989 0.02295 0.04115
0.29944 0.01661 0.05404
0.77126 0.00806 0.00805
0.15225 0.00022 0.00036
0.89258 0.00143 0.00009
0.09022 0.00013 0.00076
0.92747 0.00121 0.00006
0.03873 0.00009 0.00109
0.99254 0.00279 0.00002
0.01308 0.00007 0.00149
0.99815 0.00737 0.00002
0.00605 0.00006 0.00204
0.99257 0.00124 0.00003
0.00404 0.00005 0.00187
0.99641 0.00184 0.00003
0.00296 0.00004 0.00219
1.00000 0.00000 0.00000
0.49843 0.17045 0.15026
0.43108 0.14492 0.17197
0.55831 0.20563 0.12988
0.73256 0.47700 0.07578
0.47312 0.16396 0.20954
0.45761 0.19137 0.18853
0.53355 0.17438 0.17145
0.49260 0.18018 0.17339
0.44614 0.13658 0.19388
0.49052 0.19105 0.18474
0.52970 0.17559 0.17615
0.32720 0.10690 0.19487
0.48701 0.09438 0.18017
0.50356 0.15922 0.11285
0.43769 0.06592 0.13777
0.50498 0.16563 0.11686
0.34149 0.09225 0.43172
0.46476 0.15388 0.15964
0.37682 0.10400 0.27261
0.63089 0.24911 0.08711
0.38987 0.07130 0.26850
0.45390 0.07407 0.15265
0.43227 0.06317 0.10229
0.36992 0.02773 0.05890
0.64350 0.05376 0.04703
0.34685 0.03637 0.06938
0.69544 0.08440 0.04299
0.43648 0.09014 0.04520
0.15727 0.01271 0.26114
0.87710 0.27439 0.00930
0.01704 0.00053 0.61776
0.94248 0.50497 0.00497
0.04399 0.00122 0.28012
0.94707 0.64937 0.00445
0.08059 0.00385 0.50163
0.64478 0.39744 0.05056
0.16453 0.00612 0.33457
0.72917 0.15230 0.01347
0.03798 0.00169 0.53280
0.92873 0.13218 0.00124
0.01299 0.00024 0.34692
0.95643 0.21433 0.00006
0.00733 0.00008 0.23451
0.99979 0.29249 0.00003
0.00059 0.00006 0.20280
0.99978 0.30074 0.00003
0.00056 0.00005 0.16338
0.99977 0.14437 0.00002
0.00093 0.00005 0.07163
0.99971 0.11337 0.00002
0.00131 0.00006 0.03299
0.99962 0.04800 0.00002
0.00185 0.00018 0.13930
0.99947 0.62908 0.00007
0.00057 0.00015 0.84040
1.00000 1.00000 0.00000
0.48600 0.17455 0.15644
0.57814 0.26694 0.11838
0.45681 0.12366 0.14672
0.61488 0.24039 0.09271
0.54695 0.22000 0.12501
0.52022 0.22839 0.16163
0.49311 0.21211 0.18167
0.47436 0.20681 0.19138
0.65863 0.36298 0.10503
0.48977 0.24260 0.18227
0.59435 0.24487 0.11052
0.54213 0.27391 0.16509
0.62287 0.18548 0.08994
0.52099 0.18510 0.10976
0.69042 0.20714 0.07589
0.51261 0.19066 0.18669
0.67712 0.29108 0.07451
0.43772 0.11994 0.13706
0.63471 0.34021 0.10039
0.50599 0.17840 0.20311
0.56602 0.23464 0.11320
0.59857 0.12380 0.09230
0.64450 0.19811 0.05427
0.51196 0.06617 0.07941
0.74753 0.29404 0.02453
0.45322 0.05540 0.08675
0.63827 0.13782 0.05061
0.31614 0.03201 0.17170
0.69061 0.19801 0.03493
0.32321 0.03328 0.18802
0.65854 0.18079 0.04342
0.17575 0.01655 0.25664
0.69748 0.14914 0.03655
0.17971 0.01760 0.23675
0.74145 0.31700 0.03538
0.13210 0.01433 0.48039
0.52279 0.30152 0.07496
0.52656 0.14024 0.15714
0.52816 0.13631 0.08807
0.66309 0.25152 0.10693
0.04049 0.00899 0.59442
0.88839 0.48446 0.03835
0.03753 0.00527 0.42413
0.94076 0.60206 0.02419
0.04241 0.00360 0.32704
0.94702 0.55215 0.01566
0.02234 0.00166 0.54921
0.95786 0.60148 0.01488
0.01155 0.00089 0.64283
0.96425 0.63246 0.01382
0.01333 0.00126 0.67388
0.98158 0.72492 0.00590
0.00493 0.00014 0.76118
0.98463 0.80056 0.00259
0.00374 0.00008 0.79870
0.97730 0.85424 0.00133
0.01140 0.00022 0.76835
0.97578 0.85438 0.00086
0.07925 0.00336 0.58604
0.78195 0.33869 0.01093
0.15072 0.01017 0.42265
0.42067 0.18938 0.03038
0.08479 0.00940 0.41605
0.89430 0.26491 0.00608
0.25718 0.01648 0.17212
0.63207 0.11056 0.01085
0.07175 0.00367 0.54760
0.72153 0.28605 0.01280
0.09869 0.00733 0.43190
0.90576 0.22984 0.00640
0.12748 0.00836 0.32346
0.83767 0.17732 0.00762
0.20095 0.01279 0.23075
0.84603 0.11472 0.00904
0.06508 0.00308 0.34685
0.92097 0.13268 0.00272
0.03064 0.00101 0.32221
0.90358 0.13876 0.00360
0.16938 0.00789 0.14936
0.90784 0.08472 0.00149
0.16525 0.00290 0.09267
0.76567 0.09959 0.00358
0.08014 0.00169 0.28234
0.86966 0.08496 0.00324
0.20765 0.00350 0.06149
0.92762 0.00259 0.00009
0.06485 0.00008 0.00122
0.94512 0.00236 0.00007
0.04591 0.00010 0.00123
0.98517 0.00244 0.00003
0.04097 0.00009 0.00071
0.98618 0.00082 0.00003
0.01418 0.00005 0.00091
0.98282 0.00049 0.00003
0.04354 0.00006 0.00065
0.96273 0.00028 0.00004
0.01203 0.00004 0.00089
0.98462 0.00023 0.00003
0.01318 0.00004 0.00082
1.00000 0.00000 0.00000
0.61336 0.21735 0.08444
0.39936 0.08516 0.13645
0.56090 0.15096 0.09825
0.39739 0.09930 0.13932
0.54848 0.17268 0.11375
0.29949 0.09173 0.14599
0.59003 0.15565 0.11347
0.29168 0.07405 0.16436
0.65262 0.21564 0.08113
0.28076 0.08104 0.15673
0.72518 0.15953 0.04495
0.30506 0.04665 0.11674
0.77389 0.15245 0.03226
0.38063 0.08724 0.13792
0.70985 0.12817 0.04474
0.34392 0.03211 0.14166
0.77615 0.19446 0.01784
0.32125 0.02180 0.15619
0.66871 0.09285 0.03012
0.37350 0.01702 0.06146
0.75933 0.10456 0.00964
0.36899 0.01035 0.06333
0.75757 0.08019 0.00910
0.39975 0.01390 0.06320
0.81839 0.08738 0.00615
0.02573 0.00009 0.06069
0.98932 0.00682 0.00004
0.02143 0.00006 0.00230
0.86403 0.00033 0.00007
0.01375 0.00005 0.00092
0.97256 0.00029 0.00003
0.02390 0.00005 0.00067
0.87980 0.00016 0.00007
0.26725 0.00009 0.00037
0.87344 0.00015 0.00007
0.11625 0.00007 0.00050
0.89868 0.00013 0.00006
0.28443 0.00010 0.00035
0.77528 0.00012 0.00011
0.28328 0.00007 0.00035
0.53684 0.19661 0.12577
0.45422 0.15819 0.17935
0.56426 0.19722 0.13016
0.34353 0.10056 0.23803
0.70865 0.30030 0.08368
0.19551 0.05684 0.27888
0.68801 0.29107 0.10193
0.29359 0.07291 0.22998
0.68555 0.22638 0.07222
0.45427 0.21164 0.14239
0.53018 0.14388 0.11546
0.39404 0.09157 0.16823
0.53082 0.19780 0.11068
0.59711 0.15834 0.13032
0.35435 0.12090 0.12143
0.40930 0.05333 0.14365
0.27435 0.05463 0.10420
0.61305 0.10402 0.07481
0.42698 0.12461 0.06657
0.36934 0.04240 0.10540
0.48348 0.04011 0.06973
0.36895 0.01798 0.05928
0.65543 0.08747 0.02890
0.18148 0.00342 0.08288
0.75906 0.04494 0.01240
0.19379 0.00356 0.05739
0.73391 0.05789 0.01421
0.62533 0.13003 0.02956
0.25332 0.04276 0.13054
0.72826 0.20317 0.03995
0.14453 0.01020 0.29680
0.87217 0.33683 0.03257
0.10159 0.00345 0.29303
0.87336 0.29679 0.02472
0.05618 0.00226 0.37454
0.91877 0.42766 0.01462
0.01225 0.00050 0.47987
0.86873 0.48541 0.00248
0.03835 0.00063 0.41609
0.81547 0.42534 0.00198
0.18215 0.00350 0.28243
0.01890 0.00038 0.25069
0.92435 0.39724 0.00081
0.02458 0.00040 0.32039
0.92698 0.47869 0.00066
0.00247 0.00009 0.28446
0.99973 0.14170 0.00003
0.00103 0.00005 0.06780
0.99976 0.06471 0.00001
0.00098 0.00005 0.06270
0.99979 0.19997 0.00002
0.00069 0.00007 0.21514
0.99978 0.29467 0.00003
0.00083 0.00008 0.18480
0.99974 0.22443 0.00003
0.00116 0.00020 0.33310
0.99964 0.69473 0.00005
0.00044 0.00011 0.85987
1.00000 1.00000 0.00000
0.63215 0.26702 0.09775
0.33202 0.09704 0.24831
0.71088 0.17484 0.08258
0.23168 0.04360 0.25493
0.71540 0.32567 0.06788
0.25619 0.02492 0.47950
0.56984 0.17010 0.05820
0.60131 0.04379 0.10178
0.46253 0.07454 0.06095
0.50613 0.04108 0.12431
0.39063 0.05831 0.07855
0.60488 0.12494 0.10218
0.39399 0.03646 0.09361
0.62832 0.09421 0.06236
0.48641 0.04525 0.07413
0.51254 0.04277 0.07191
0.67833 0.11663 0.02269
0.41241 0.02595 0.05957
0.71191 0.07740 0.00812
0.35370 0.01224 0.09334
0.83022 0.18438 0.00606
0.44288 0.02082 0.05037
0.72064 0.01534 0.00945
0.38199 0.01238 0.01578
0.86288 0.00096 0.00009
0.24212 0.00018 0.00043
0.87243 0.00071 0.00007
0.11630 0.00011 0.00061
0.87583 0.00035 0.00006
0.07050 0.00006 0.00059
0.94459 0.00028 0.00004
0.07900 0.00006 0.00055
0.94927 0.00023 0.00004
0.01812 0.00004 0.00074
0.96895 0.00018 0.00004
0.01677 0.00004 0.00076
0.98497 0.00022 0.00003
0.00999 0.00004 0.00096
1.00000 0.00000 0.00000
0.52542 0.17043 0.11625
0.43777 0.10971 0.16036
0.53745 0.21733 0.10622
0.49995 0.13959 0.15430
0.42478 0.13932 0.16137
0.60052 0.20439 0.11090
0.33433 0.10422 0.26156
0.71708 0.29779 0.06581
0.27918 0.09595 0.29718
0.76540 0.32388 0.09331
0.35548 0.10184 0.20622
0.77994 0.30381 0.08591
0.28247 0.08653 0.26078
0.88602 0.35635 0.04754
0.19377 0.03922 0.23123
0.85539 0.23371 0.04839
0.15708 0.02543 0.26788
0.91554 0.35486 0.02729
0.09276 0.00917 0.29018
0.81820 0.38930 0.03220
0.18588 0.01961 0.23299
0.87082 0.31856 0.02595
0.16210 0.01695 0.20820
0.83487 0.12959 0.00471
0.17503 0.00324 0.10954
0.86040 0.14817 0.00158
0.16062 0.00195 0.13690
0.92837 0.17251 0.00338
0.06934 0.00062 0.08769
0.93098 0.13684 0.00063
0.08956 0.00199 0.05484
0.92239 0.07389 0.00055
0.03290 0.00017 0.06159
0.94085 0.16499 0.00011
0.01100 0.00006 0.07490
0.99718 0.00548 0.00002
0.00693 0.00005 0.00189
0.99865 0.00882 0.00002
0.00405 0.00005 0.00318
0.99931 0.02251 0.00002
0.00276 0.00007 0.01221
0.99787 0.00486 0.00003
0.00214 0.00005 0.00303
1.00000 0.00000 0.00000
0.49767 0.15676 0.13933
0.55969 0.21506 0.12296
0.31952 0.08362 0.24910
0.70949 0.30525 0.05014
0.35255 0.08646 0.22145
0.65195 0.19679 0.05797
0.49439 0.17271 0.13908
0.63303 0.23224 0.06442
0.41362 0.08801 0.14358
0.60992 0.13913 0.04558
0.42257 0.06930 0.12190
0.78242 0.26230 0.01888
0.42354 0.12774 0.14134
0.66984 0.15979 0.03632
0.43992 0.06788 0.09286
0.47983 0.09513 0.07429
0.40104 0.02094 0.02786
0.66638 0.06564 0.01441
0.41844 0.00893 0.01035
0.60000 0.00055 0.00020
0.51383 0.00046 0.00020
0.61395 0.00058 0.00024
0.48216 0.00037 0.00014
0.65787 0.00053 0.00011
0.41674 0.00028 0.00015
0.63950 0.00047 0.00012
0.31795 0.00021 0.00022
0.69889 0.00052 0.00011
0.41062 0.00023 0.00020
0.65050 0.00041 0.00012
0.34224 0.00018 0.00036
0.69169 0.00036 0.00011
0.27807 0.00013 0.00037
0.73115 0.00025 0.00009
0.13945 0.00008 0.00054
0.94383 0.00030 0.00004
0.08999 0.00007 0.00059
0.94243 0.00020 0.00004
0.05013 0.00006 0.00066
0.96006 0.00019 0.00004
0.02053 0.00005 0.00074
0.97442 0.00022 0.00003
0.02525 0.00004 0.00066
0.97556 0.00023 0.00004
0.04456 0.00005 0.00062
0.96862 0.00020 0.00004
0.02251 0.00004 0.00067
0.95079 0.00013 0.00004
0.12504 0.00007 0.00048
0.55968 0.18630 0.11353
0.45561 0.17825 0.15391
0.54807 0.17040 0.14898
0.40797 0.13510 0.18317
0.51142 0.15060 0.14792
0.45418 0.16310 0.14214
0.53343 0.16764 0.14405
0.49415 0.17293 0.12189
0.67391 0.28307 0.08327
0.39002 0.13354 0.20834
0.55869 0.18238 0.14833
0.39893 0.10370 0.13611
0.59770 0.21878 0.10377
0.35357 0.08744 0.16300
0.61976 0.18859 0.07654
0.41909 0.10498 0.16270
0.69801 0.28959 0.05645
0.27311 0.04490 0.29350
0.76918 0.41726 0.03168
0.27242 0.05268 0.27810
0.71633 0.35647 0.04811
0.43932 0.11412 0.13978
0.60986 0.23347 0.09241
0.15765 0.03535 0.47108
0.69544 0.37039 0.07151
0.27759 0.07462 0.26747
0.62557 0.22295 0.10419
0.43071 0.16384 0.15356
0.58584 0.21698 0.12456
0.36986 0.10467 0.16443
0.50654 0.08833 0.12301
0.30841 0.05654 0.10855
0.65923 0.09286 0.04342
0.24517 0.01237 0.09135
0.72491 0.08976 0.02666
0.23130 0.00805 0.08408
0.75838 0.09474 0.01800
0.29757 0.00777 0.08724
0.76865 0.11086 0.01824
0.24035 0.00789 0.08884
0.78412 0.09586 0.01331
0.25414 0.00591 0.13222
0.84198 0.07957 0.01054
0.24898 0.00501 0.16963
0.82274 0.08491 0.00703
0.32763 0.01298 0.13302
0.44003 0.02834 0.03198
0.62471 0.03824 0.07141
0.37064 0.02069 0.03488
0.65726 0.02612 0.03705
0.34870 0.02180 0.05195
0.72181 0.06059 0.02756
0.12383 0.00818 0.12099
0.84064 0.12080 0.01354
0.10974 0.00476 0.12920
0.91263 0.10921 0.00300
0.09913 0.00379 0.10702
0.78030 0.07517 0.01501
0.16992 0.01170 0.23004
0.83483 0.18572 0.01567
0.05325 0.00434 0.21803
0.86333 0.15505 0.00897
0.08035 0.00812 0.28367
0.89941 0.26538 0.01369
0.11744 0.00814 0.22673
0.96700 0.35472 0.00202
0.00196 0.00011 0.51598
0.99981 0.65329 0.00004
0.00026 0.00007 0.63306
0.99997 0.86934 0.00002
0.00013 0.00005 0.78381
0.99991 0.91988 0.00003
0.00003 0.00003 0.95715
0.99998 0.97679 0.00001
0.00007 0.00004 0.92731
0.99996 0.97476 0.00002
0.00002 0.00002 0.98788
0.99994 0.97093 0.00002
0.00002 0.00002 0.99790
1.00000 1.00000 0.00000
0.46089 0.15132 0.16390
0.54083 0.20369 0.12662
0.53022 0.21260 0.13020
0.56077 0.22961 0.11906
0.52968 0.19407 0.12883
0.44275 0.11685 0.17139
0.48182 0.13326 0.14470
0.37563 0.05686 0.18427
0.42187 0.12450 0.10612
0.51214 0.08850 0.16200
0.40128 0.13561 0.14482
0.62604 0.13985 0.11853
0.20903 0.05570 0.16133
0.81207 0.19065 0.06903
0.20031 0.02869 0.10339
0.77225 0.13926 0.06658
0.25050 0.02542 0.09943
0.59765 0.11441 0.07247
0.15435 0.01776 0.14102
0.72551 0.19108 0.05358
0.16521 0.01310 0.14433
0.64186 0.08272 0.03467
0.20804 0.01237 0.05369
0.76997 0.10549 0.01123
0.12374 0.00475 0.07393
0.79825 0.18334 0.01325
0.03475 0.00081 0.12737
0.90438 0.19554 0.00280
0.01220 0.00054 0.40835
0.92611 0.24827 0.00079
0.01326 0.00012 0.20948
0.94415 0.27439 0.00009
0.00184 0.00004 0.35613
0.95634 0.35652 0.00007
0.00036 0.00006 0.58071
0.99973 0.41057 0.00004
0.00025 0.00008 0.73662
0.99962 0.55449 0.00005
0.00019 0.00006 0.93876
1.00000 1.00000 0.00000
0.72048 0.36883 0.07123
0.39228 0.11294 0.22175
0.54079 0.18403 0.12595
0.56800 0.26154 0.10693
0.26041 0.06577 0.42371
0.67184 0.35309 0.07011
0.30508 0.07801 0.33650
0.63143 0.32909 0.07830
0.38776 0.08107 0.20730
0.61841 0.27480 0.06782
0.27855 0.05624 0.31121
0.62068 0.33130 0.08831
0.35977 0.06894 0.26960
0.61384 0.30677 0.07162
0.33568 0.05215 0.29558
0.68420 0.48780 0.05020
0.31843 0.04054 0.33952
0.59292 0.30887 0.08572
0.27838 0.04232 0.44135
0.45513 0.29820 0.09474
0.42134 0.05695 0.34150
0.57285 0.25013 0.07656
0.42028 0.04337 0.28024
0.56877 0.28460 0.06151
0.50668 0.04498 0.22858
0.64489 0.30234 0.06623
0.58921 0.09827 0.19596
0.64877 0.28998 0.05954
0.49404 0.04160 0.19072
0.26746 0.13010 0.09208
0.56504 0.12251 0.26006
0.15815 0.08630 0.16932
0.63423 0.13166 0.19962
0.35830 0.18076 0.18517
0.81939 0.41091 0.09639
0.27052 0.19206 0.24315
0.66023 0.21174 0.16050
0.36803 0.10891 0.23742
0.60635 0.12015 0.09353
0.56949 0.08723 0.12786
0.36318 0.05485 0.08880
0.59786 0.05570 0.10016
0.43304 0.02603 0.05689
0.59424 0.04926 0.08635
0.61854 0.10704 0.06724
0.74545 0.06231 0.03038
0.40502 0.04286 0.08308
0.20673 0.05895 0.17684
0.45939 0.04236 0.18256
0.38741 0.12033 0.13251
0.45396 0.05912 0.07892
0.35297 0.05277 0.16401
0.60733 0.09615 0.03744
0.57035 0.10246 0.07036
0.30700 0.03343 0.11563
0.36574 0.06104 0.08397
0.45019 0.06226 0.08747
0.37482 0.02881 0.10335
0.38722 0.04924 0.04717
0.65041 0.05442 0.03714
0.34004 0.02658 0.04600
0.73030 0.04530 0.02389
0.28380 0.01902 0.04273
0.82141 0.12542 0.01348
0.18854 0.00781 0.03047
0.79568 0.07058 0.01702
0.21119 0.02840 0.06250
0.48283 0.05087 0.03531
0.27820 0.02278 0.10297
0.78436 0.09448 0.01089
0.20059 0.01973 0.05597
0.60438 0.06376 0.03384
0.22165 0.02286 0.07016
0.79616 0.08491 0.01801
0.17382 0.01169 0.08193
0.83995 0.06287 0.01277
0.35578 0.01780 0.03998
0.86952 0.00978 0.00180
0.13288 0.00019 0.00053
0.88394 0.00147 0.00010
0.01932 0.00008 0.00166
0.98915 0.00169 0.00003
0.01606 0.00006 0.00100
0.98060 0.00059 0.00003
0.00549 0.00004 0.00147
0.99180 0.00071 0.00003
0.00656 0.00004 0.00130
0.99168 0.00043 0.00003
0.00847 0.00004 0.00110
1.00000 0.00000 0.00000
0.54267 0.21798 0.11814
0.58663 0.26845 0.13451
0.38994 0.12802 0.24392
0.68905 0.36421 0.08969
0.38019 0.12348 0.22634
0.66716 0.31013 0.07455
0.25163 0.04086 0.28949
0.82303 0.44336 0.02296
0.31179 0.05391 0.23168
0.72064 0.32223 0.05226
0.37202 0.08590 0.16915
0.70257 0.22227 0.04880
0.34651 0.04022 0.10840
0.65643 0.15343 0.06899
0.37670 0.04932 0.08998
0.79828 0.22605 0.02004
0.31888 0.02275 0.08044
0.71756 0.11879 0.02882
0.30881 0.02140 0.08288
0.57073 0.04929 0.05116
0.72258 0.27841 0.03083
0.54818 0.04690 0.08757
0.68513 0.29770 0.08263
0.53215 0.07445 0.10871
0.50933 0.06176 0.04912
0.73973 0.09124 0.02362
0.41943 0.04540 0.06499
0.55646 0.01642 0.06816
0.31793 0.02136 0.02045
0.70011 0.02493 0.03303
0.17067 0.01277 0.06311
0.79678 0.04541 0.01463
0.10018 0.00431 0.06509
0.87510 0.05355 0.00653
0.05341 0.00009 0.00257
0.87272 0.00090 0.00008
0.01933 0.00006 0.00103
0.99612 0.00364 0.00002
0.00813 0.00006 0.00141
0.99033 0.00074 0.00003
0.00563 0.00004 0.00137
0.99549 0.00120 0.00003
0.00369 0.00004 0.00189
1.00000 0.00000 0.00000
0.49478 0.16124 0.13937
0.48813 0.13198 0.13646
0.53623 0.20780 0.11695
0.49033 0.14303 0.14859
0.43467 0.11801 0.16544
0.56149 0.15903 0.09482
0.40875 0.07869 0.11895
0.48397 0.09790 0.10087
0.44686 0.08579 0.09701
0.56548 0.13561 0.06419
0.53383 0.11363 0.08475
0.38147 0.04870 0.09111
0.39668 0.04159 0.03921
0.67387 0.10411 0.03892
0.34057 0.03360 0.06456
0.68973 0.03315 0.01367
0.32519 0.01651 0.03643
0.69402 0.02816 0.01002
0.32702 0.02146 0.03898
0.62645 0.02667 0.01705
0.34294 0.01312 0.01753
0.62415 0.02304 0.00965
0.25381 0.00893 0.04221
0.73499 0.03383 0.00413
0.26258 0.01016 0.08176
0.77433 0.00105 0.00014
0.30977 0.00026 0.00021
0.75458 0.00081 0.00012
0.33726 0.00023 0.00020
0.61080 0.00036 0.00013
0.39108 0.00023 0.00020
0.59205 0.00023 0.00014
0.44882 0.00022 0.00016
0.48600 0.00018 0.00017
0.59068 0.00027 0.00013
0.57864 0.00019 0.00014
0.43859 0.00016 0.00020
0.54894 0.00015 0.00017
0.44317 0.00013 0.00022
0.67567 0.00016 0.00014
0.29272 0.00010 0.00035
0.69516 0.00015 0.00014
0.31944 0.00010 0.00033
0.43214 0.11408 0.14860
0.47251 0.14183 0.19101
0.63827 0.31934 0.07802
0.44118 0.12688 0.23030
0.57697 0.28218 0.09586
0.45663 0.11961 0.22566
0.50100 0.18589 0.13409
0.58651 0.14883 0.14367
0.62796 0.37784 0.06282
0.57248 0.13164 0.21011
0.41687 0.15904 0.09332
0.69100 0.15717 0.12410
0.35180 0.08159 0.09004
0.48421 0.03085 0.12981
0.35782 0.04822 0.04160
0.55537 0.02432 0.03831
0.46816 0.01855 0.02546
0.63252 0.02923 0.01909
0.22946 0.00560 0.03794
0.79925 0.03533 0.00763
0.15375 0.00571 0.03707
0.84222 0.03662 0.00536
0.11079 0.00323 0.04208
0.87895 0.02496 0.00454
0.06174 0.00122 0.04163
0.94899 0.05412 0.00108
0.00827 0.00005 0.05006
0.96777 0.05983 0.00011
0.00220 0.00003 0.04008
0.96002 0.11615 0.00003
0.00154 0.00004 0.04801
0.99970 0.04370 0.00001
0.00166 0.00004 0.01327
0.99917 0.01317 0.00002
0.00308 0.00004 0.00375
0.99802 0.00378 0.00002
0.00371 0.00004 0.00219
0.99759 0.00241 0.00002
0.00348 0.00004 0.00206
0.99728 0.00115 0.00002
0.00368 0.00004 0.00190
1.00000 0.00000 0.00000
0.57344 0.25953 0.10144
0.47744 0.15345 0.21905
0.48887 0.19308 0.13300
0.55436 0.20901 0.19825
0.33908 0.14124 0.14122
0.74489 0.19094 0.11938
0.52944 0.32339 0.05397
0.55821 0.08561 0.21127
0.55521 0.20763 0.06453
0.70779 0.23618 0.06564
0.63372 0.41825 0.06555
0.32333 0.04542 0.42508
0.48218 0.29067 0.13247
0.57640 0.05628 0.24496
0.44038 0.23943 0.08643
0.43592 0.06251 0.16649
0.45858 0.32479 0.11130
0.41729 0.03845 0.39480
0.66978 0.54149 0.05015
0.40211 0.02628 0.32239
0.82490 0.66229 0.03221
0.11437 0.00840 0.75681
0.95836 0.88451 0.00414
0.00441 0.00021 0.94801
0.99271 0.93503 0.00007
0.04768 0.00111 0.79394
0.98605 0.92268 0.00008
0.00467 0.00015 0.79465
0.99594 0.96213 0.00001
0.01037 0.00008 0.84892
0.99424 0.96087 0.00002
0.00050 0.00001 0.94301
0.99464 0.93627 0.00001
0.00018 0.00000 0.94521
0.99827 0.97257 0.00000
0.00015 0.00000 0.98695
0.99820 0.97940 0.00000
0.00004 0.00000 0.99853
0.99884 0.99244 0.00000
0.00419 0.00001 0.98002
1.00000 1.00000 0.00000
0.45750 0.12465 0.18669
0.50039 0.20255 0.14117
0.33548 0.07086 0.30746
0.64573 0.32149 0.05920
0.49920 0.17117 0.21625
0.54674 0.19779 0.09080
0.50407 0.11912 0.16610
0.56969 0.21969 0.09828
0.32374 0.04132 0.21446
0.85619 0.34712 0.01617
0.25300 0.02595 0.28414
0.75076 0.24648 0.01273
0.26936 0.01416 0.37982
0.64080 0.20886 0.01143
0.31539 0.01652 0.28665
0.66557 0.17628 0.00691
0.31607 0.00836 0.22158
0.66917 0.15408 0.00722
0.32729 0.01383 0.15982
0.76797 0.15478 0.00327
0.14795 0.00231 0.23805
0.87825 0.17369 0.00078
0.16342 0.00324 0.24397
0.89109 0.17007 0.00103
0.04043 0.00063 0.25234
0.95087 0.14891 0.00018
0.02106 0.00018 0.11473
0.95213 0.19664 0.00009
0.00624 0.00003 0.17259
0.96606 0.30660 0.00008
0.00167 0.00001 0.20638
0.99980 0.38050 0.00003
0.00041 0.00008 0.43651
0.99973 0.32183 0.00003
0.00097 0.00014 0.31569
0.99889 0.01564 0.00003
0.00252 0.00005 0.00288
0.99857 0.14564 0.00003
0.00257 0.00004 0.00259
0.99957 0.00100 0.00001
0.44103 0.14544 0.16929
0.62372 0.26589 0.11178
0.43440 0.16568 0.21649
0.63189 0.27382 0.14116
0.25325 0.07682 0.32254
0.76382 0.34456 0.07299
0.24132 0.07202 0.26087
0.71351 0.30338 0.09543
0.27849 0.07870 0.25832
0.71246 0.36997 0.08820
0.35159 0.09036 0.19889
0.49216 0.14358 0.15588
0.50031 0.16766 0.17710
0.27089 0.06061 0.35461
0.75234 0.36825 0.06609
0.30861 0.09179 0.31016
0.52489 0.17473 0.20749
0.45031 0.11687 0.16484
0.62040 0.20728 0.12366
0.51110 0.10299 0.04212
0.39158 0.08090 0.09900
0.61033 0.13841 0.02189
0.28015 0.04249 0.14686
0.65959 0.12684 0.02136
0.32388 0.03638 0.13573
0.76738 0.17029 0.00367
0.22269 0.00997 0.20364
0.76269 0.13556 0.01360
0.36028 0.01711 0.13878
0.89875 0.34766 0.00661
0.28107 0.01074 0.19309
0.70388 0.14569 0.00858
0.41193 0.01313 0.10235
0.62242 0.10918 0.01069
0.29863 0.00968 0.13437
0.73457 0.11801 0.00375
0.14769 0.00014 0.00046
0.89802 0.00207 0.00010
0.11750 0.00011 0.00076
0.93952 0.00283 0.00009
0.01749 0.00006 0.00329
0.98740 0.00290 0.00003
0.03331 0.00008 0.00109
0.96130 0.00053 0.00004
0.03891 0.00007 0.00068
0.79423 0.00021 0.00010
0.08753 0.00006 0.00058
0.92281 0.00019 0.00006
0.16796 0.00008 0.00046
0.85307 0.00017 0.00009
0.13413 0.00007 0.00049
0.88804 0.00013 0.00007
0.28349 0.00010 0.00035
0.47198 0.18899 0.16022
0.55799 0.22129 0.12907
0.48897 0.21509 0.17715
0.41279 0.13784 0.26318
0.51322 0.22189 0.15056
0.47085 0.16483 0.18794
0.50245 0.17628 0.13312
0.43628 0.10262 0.16490
0.62059 0.19910 0.05560
0.34547 0.05396 0.17847
0.73660 0.35117 0.03566
0.43540 0.13035 0.14134
0.54481 0.11409 0.03510
0.37380 0.05089 0.07953
0.59851 0.14179 0.00967
0.37668 0.06449 0.11711
0.57773 0.14295 0.01109
0.24908 0.01889 0.15106
0.66156 0.16123 0.00891
0.23243 0.00635 0.09487
0.66836 0.13807 0.00798
0.20241 0.00678 0.05597
0.70666 0.08931 0.00702
0.10991 0.00301 0.07489
0.76632 0.06367 0.00589
0.01902 0.00016 0.00921
0.99406 0.02874 0.00012
0.00889 0.00007 0.02220
0.99688 0.05860 0.00008
0.00275 0.00007 0.06892
0.99972 0.09743 0.00002
0.00212 0.00005 0.03333
0.99970 0.06369 0.00002
0.00227 0.00004 0.01303
0.99839 0.01379 0.00002
0.00208 0.00005 0.00547
0.99912 0.01440 0.00002
0.00290 0.00006 0.00458
0.99650 0.00223 0.00003
0.00326 0.00005 0.00211
0.99434 0.00105 0.00003
0.00340 0.00004 0.00196
1.00000 0.00000 0.00000
0.63994 0.27908 0.07449
0.37831 0.11874 0.21654
0.49766 0.16799 0.14079
0.46414 0.17143 0.18077
0.49052 0.15266 0.15784
0.32394 0.10685 0.23611
0.59139 0.21418 0.12385
0.59938 0.35422 0.10107
0.51899 0.16369 0.17340
0.21315 0.02889 0.23029
0.62797 0.20005 0.09182
0.34195 0.05875 0.14726
0.58099 0.15364 0.08215
0.37629 0.04853 0.14667
0.58473 0.11835 0.06788
0.39754 0.04391 0.07776
0.64150 0.09585 0.06433
0.35880 0.04421 0.07495
0.58311 0.10148 0.08348
0.34846 0.04160 0.06645
0.68850 0.10484 0.05271
0.14390 0.01012 0.15879
0.68558 0.11328 0.00946
0.50516 0.05911 0.09321
0.44690 0.10313 0.37200
0.21693 0.03285 0.18502
0.72709 0.38579 0.06517
0.43842 0.07033 0.13498
0.58823 0.19000 0.06383
0.39140 0.05053 0.14360
0.71677 0.09184 0.02077
0.63493 0.05881 0.09304
0.85007 0.14135 0.00935
0.28224 0.03084 0.33305
0.83672 0.12589 0.00852
0.35242 0.01678 0.12416
0.74995 0.08437 0.01326
0.15783 0.00443 0.07909
0.92637 0.10028 0.00528
0.20833 0.00921 0.06812
0.96511 0.01654 0.00041
0.04338 0.00010 0.00340
0.98601 0.02049 0.00011
0.03269 0.00007 0.00334
0.98926 0.01051 0.00006
0.01418 0.00006 0.00498
0.99476 0.00567 0.00002
0.00899 0.00005 0.00291
0.98617 0.00084 0.00003
0.02051 0.00006 0.00106
0.98308 0.00051 0.00003
0.01325 0.00005 0.00093
0.98554 0.00053 0.00003
0.01813 0.00005 0.00080
0.97847 0.00030 0.00003
0.02597 0.00005 0.00078
0.97813 0.00027 0.00003
0.01496 0.00004 0.00083
0.97862 0.00019 0.00003
0.01668 0.00004 0.00076
1.00000 0.00000 0.00000
0.52740 0.17604 0.13588
0.39047 0.10707 0.20063
0.52302 0.18087 0.13072
0.71577 0.39139 0.07489
0.58615 0.31245 0.15280
0.35573 0.12226 0.24948
0.53642 0.21184 0.14810
0.34565 0.09101 0.25932
0.66044 0.27792 0.08067
0.34197 0.07673 0.24621
0.65111 0.20569 0.07663
0.51309 0.07597 0.15456
0.77161 0.36818 0.02931
0.20740 0.02797 0.38173
0.89315 0.60925 0.01268
0.10403 0.00998 0.57941
0.93175 0.77822 0.00765
0.13899 0.00615 0.39287
0.91859 0.69273 0.00989
0.10492 0.00487 0.48119
0.94126 0.75527 0.00640
0.05912 0.00196 0.65942
0.97170 0.81353 0.00320
0.06746 0.00275 0.55436
0.95654 0.66427 0.00122
0.16061 0.00674 0.43977
0.95492 0.61782 0.00053
0.16766 0.00575 0.40170
0.95126 0.64385 0.00030
0.16191 0.00389 0.35619
0.66190 0.36308 0.00136
0.37488 0.00803 0.25020
0.65276 0.37867 0.00054
0.31686 0.00682 0.25403
0.61575 0.36994 0.00062
0.30054 0.01086 0.34738
0.55116 0.27159 0.00050
0.07417 0.00207 0.28045
0.93615 0.35228 0.00010
0.07911 0.00251 0.25811
0.95327 0.42247 0.00020
0.12920 0.00429 0.16648
0.95772 0.22891 0.00016
0.21763 0.00806 0.10746
0.67570 0.11448 0.00059
0.37805 0.01054 0.06045
0.76576 0.04863 0.00044
0.31924 0.00816 0.04760
0.71671 0.02247 0.00046
0.17639 0.00327 0.01769
0.89071 0.01660 0.00019
0.01024 0.00005 0.00200
0.99820 0.00933 0.00002
0.00559 0.00005 0.00233
0.99823 0.00675 0.00002
0.00588 0.00006 0.00282
0.99426 0.00146 0.00003
0.00616 0.00005 0.00123
0.99256 0.00077 0.00003
0.00611 0.00004 0.00129
0.98409 0.00022 0.00003
0.01303 0.00004 0.00082
1.00000 0.00000 0.00000
0.53177 0.19437 0.13123
0.60697 0.31428 0.11252
0.53920 0.25614 0.15991
0.35519 0.12095 0.31068
0.63800 0.35723 0.09739
0.25468 0.04447 0.36109
0.73651 0.47580 0.04716
0.22454 0.02221 0.32301
0.70463 0.40483 0.03259
0.17374 0.01620 0.45409
0.78252 0.58676 0.02057
0.12401 0.01046 0.46829
0.75516 0.47984 0.02839
0.14067 0.01168 0.43879
0.73666 0.53956 0.03671
0.06879 0.00502 0.49795
0.84525 0.61123 0.02185
0.04308 0.00250 0.54852
0.89966 0.56417 0.01060
0.15055 0.01379 0.53995
0.96894 0.68303 0.00067
0.01631 0.00073 0.84316
0.97965 0.77866 0.00005
0.05654 0.00148 0.75642
0.98049 0.84721 0.00003
0.02778 0.00032 0.79749
0.98132 0.82100 0.00003
0.09882 0.00209 0.66931
0.98459 0.83738 0.00002
0.03370 0.00028 0.68393
0.98064 0.78574 0.00003
0.14754 0.00132 0.42936
0.98642 0.75255 0.00003
0.00027 0.00009 0.76244
0.99997 0.81066 0.00001
0.00016 0.00008 0.88659
0.99997 0.88557 0.00002
0.00005 0.00003 0.98365
0.99998 0.98886 0.00001
0.00004 0.00003 0.98677
0.99999 0.99103 0.00001
0.41380 0.10147 0.18775
0.61112 0.24585 0.08411
0.39397 0.09864 0.19987
0.53496 0.18662 0.11978
0.35509 0.08213 0.22545
0.49228 0.16915 0.14882
0.51650 0.13029 0.16553
0.47690 0.16266 0.18275
0.33583 0.08220 0.13299
0.62819 0.18831 0.11362
0.39690 0.14214 0.11025
0.55393 0.16658 0.14221
0.52990 0.15219 0.11428
0.47429 0.07645 0.09586
0.34915 0.05217 0.16711
0.52571 0.05457 0.04493
0.53300 0.06387 0.04847
0.43979 0.03465 0.03897
0.43375 0.06310 0.08888
0.56192 0.06497 0.02912
0.50689 0.07612 0.05327
0.50178 0.04560 0.03562
0.44262 0.03719 0.06955
0.59488 0.07373 0.03330
0.26194 0.01152 0.03777
0.77802 0.08138 0.01884
0.15616 0.00427 0.03030
0.81130 0.04704 0.01066
0.07565 0.00167 0.02783
0.85120 0.01683 0.00351
0.03104 0.00006 0.00219
0.98671 0.00200 0.00003
0.01028 0.00004 0.00201
0.99674 0.00426 0.00002
0.00607 0.00004 0.00242
0.99550 0.00268 0.00002
0.00639 0.00005 0.00175
0.99477 0.00191 0.00002
0.00521 0.00004 0.00178
0.99757 0.00375 0.00002
0.00415 0.00005 0.00186
0.99650 0.00171 0.00003
0.00456 0.00004 0.00165
0.98745 0.00042 0.00003
0.01040 0.00004 0.00092
0.97616 0.00016 0.00003
0.01914 0.00004 0.00067
1.00000 0.00000 0.00000
0.44658 0.13919 0.17611
0.55082 0.18606 0.12329
0.55101 0.24896 0.13812
0.70004 0.35774 0.10988
0.58868 0.33779 0.17497
0.51872 0.18164 0.17820
0.39700 0.11540 0.25883
0.64607 0.25985 0.11959
0.31895 0.07062 0.21400
0.70118 0.17357 0.06008
0.33242 0.06548 0.15453
0.86216 0.19713 0.01666
0.13804 0.00345 0.13538
0.88079 0.19349 0.00640
0.11337 0.00148 0.13631
0.90078 0.20146 0.00291
0.11182 0.00188 0.09133
0.91633 0.14624 0.00307
0.11135 0.00168 0.10093
0.91662 0.12723 0.00411
0.11753 0.00166 0.09653
0.91450 0.24831 0.00367
0.04054 0.00034 0.15268
0.99457 0.03771 0.00009
0.02446 0.00011 0.01393
0.99122 0.02510 0.00010
0.01998 0.00006 0.00531
0.99631 0.02023 0.00004
0.00194 0.00004 0.01320
0.99742 0.00698 0.00002
0.00907 0.00005 0.00260
0.99845 0.00847 0.00002
0.00366 0.00005 0.00351
0.99506 0.00207 0.00002
0.00286 0.00005 0.00444
0.99843 0.01005 0.00004
0.00252 0.00005 0.00302
0.99838 0.18553 0.00006
0.00213 0.00005 0.00306
0.46483 0.14156 0.14111
0.59953 0.26155 0.10568
0.50892 0.21046 0.15422
0.48315 0.17715 0.18238
0.50778 0.19610 0.14444
0.33248 0.07091 0.29161
0.59812 0.22891 0.09986
0.31265 0.08106 0.29839
0.64636 0.22866 0.07519
0.23736 0.01961 0.20701
0.76253 0.16518 0.03024
0.24513 0.01216 0.13727
0.79082 0.18711 0.02290
0.19922 0.00684 0.14223
0.80385 0.17082 0.02017
0.12250 0.00318 0.13822
0.87420 0.11125 0.00461
0.14041 0.00280 0.07169
0.89944 0.13048 0.00083
0.05965 0.00050 0.18163
0.87512 0.15559 0.00052
0.03305 0.00023 0.19935
0.90274 0.20930 0.00023
0.00976 0.00012 0.16833
0.94742 0.29979 0.00010
0.04179 0.00082 0.14544
0.99927 0.02379 0.00002
0.00297 0.00005 0.01002
0.99960 0.03903 0.00002
0.00196 0.00006 0.02108
0.99319 0.00129 0.00002
0.00508 0.00004 0.00153
0.99414 0.00122 0.00003
0.00339 0.00004 0.00201
0.99887 0.00031 0.00001
0.00467 0.00004 0.00160
1.00000 0.00000 0.00000
0.46051 0.15020 0.16623
0.40521 0.11792 0.24537
0.59462 0.27009 0.10297
0.39937 0.10761 0.24746
0.47716 0.15955 0.15227
0.55198 0.15594 0.18285
0.40806 0.11382 0.14720
0.58120 0.22973 0.11398
0.31298 0.08356 0.24297
0.57134 0.13271 0.11473
0.38273 0.09563 0.14887
0.33760 0.03921 0.11416
0.64221 0.11316 0.03852
0.37114 0.03362 0.07537
0.55659 0.07167 0.08466
0.33663 0.01548 0.05500
0.73767 0.04678 0.01883
0.23710 0.00743 0.06381
0.76877 0.06935 0.01350
0.23793 0.00548 0.06298
0.89479 0.09360 0.00177
0.14441 0.00270 0.10075
0.89943 0.09183 0.00182
0.10421 0.00139 0.13213
0.87918 0.12545 0.00113
0.03235 0.00009 0.10899
0.91693 0.09215 0.00009
0.02960 0.00008 0.07749
0.96951 0.00526 0.00008
0.00174 0.00006 0.02997
0.99967 0.07194 0.00002
0.00200 0.00006 0.02294
0.99958 0.04595 0.00002
0.00243 0.00009 0.02558
0.99889 0.01348 0.00003
0.00283 0.00005 0.00287
0.99553 0.00077 0.00003
0.00492 0.00004 0.00152
1.00000 0.00000 0.00000
0.41332 0.11294 0.20673
0.61301 0.29731 0.11860
0.24356 0.04796 0.35209
0.81313 0.50827 0.03388
0.18644 0.02804 0.44276
0.86130 0.59270 0.02313
0.18086 0.02741 0.47656
0.85681 0.62508 0.02134
0.19816 0.03077 0.45055
0.75457 0.43232 0.05150
0.40834 0.13512 0.30893
0.75973 0.47817 0.04985
0.20464 0.03034 0.45543
0.81170 0.53659 0.02871
0.27550 0.03752 0.37644
0.59621 0.26329 0.10870
0.41800 0.09675 0.27782
0.55407 0.18309 0.13737
0.38920 0.09430 0.16104
0.52350 0.04602 0.14091
0.45047 0.09657 0.07889
0.72897 0.08510 0.06277
0.18809 0.00777 0.05767
0.93132 0.01349 0.00386
0.29710 0.01664 0.05149
0.94885 0.00366 0.00055
0.03802 0.00009 0.00294
0.98013 0.00617 0.00006
0.01563 0.00006 0.00444
0.99273 0.00607 0.00003
0.00352 0.00004 0.00485
0.99742 0.00746 0.00002
0.00230 0.00004 0.00511
0.99838 0.00821 0.00002
0.00399 0.00005 0.00354
0.99862 0.00914 0.00002
0.00352 0.00005 0.00420
0.99413 0.00115 0.00003
0.00800 0.00004 0.00109
0.97599 0.00025 0.00004
0.01479 0.00004 0.00079
0.98330 0.00023 0.00003
0.01161 0.00004 0.00087
1.00000 0.00000 0.00000
0.52582 0.17210 0.12565
0.49523 0.15659 0.13885
0.53416 0.21658 0.12216
0.55052 0.18115 0.12683
0.51815 0.21020 0.12958
0.60272 0.24428 0.12068
0.53365 0.22851 0.12394
0.53710 0.17595 0.13845
0.63069 0.32199 0.08882
0.58622 0.22813 0.13045
0.32424 0.07750 0.22573
0.72285 0.36347 0.08062
0.22293 0.03578 0.20723
0.89436 0.32742 0.01201
0.20093 0.02009 0.19170
0.85939 0.15465 0.00960
0.14794 0.00858 0.19333
0.82582 0.11230 0.00762
0.22649 0.00630 0.06167
0.84396 0.17161 0.00779
0.23737 0.00523 0.07127
0.83584 0.15193 0.00630
0.60455 0.14190 0.04630
0.10768 0.01019 0.10385
0.81931 0.11078 0.01801
0.17498 0.01036 0.12962
0.87477 0.04275 0.00571
0.23933 0.00981 0.01772
0.40950 0.01372 0.03292
0.45192 0.01110 0.00815
0.23092 0.00603 0.05238
0.76178 0.04709 0.00889
0.14925 0.00116 0.04169
0.91516 0.08788 0.00013
0.00676 0.00004 0.04006
0.99827 0.01414 0.00002
0.00395 0.00005 0.00566
0.99870 0.01068 0.00002
0.00569 0.00006 0.00239
0.98834 0.00088 0.00003
0.00931 0.00004 0.00107
0.98672 0.00054 0.00003
0.00931 0.00004 0.00103
0.98394 0.00037 0.00003
0.01159 0.00004 0.00090
0.98423 0.00024 0.00003
0.52434 0.17391 0.12422
0.42484 0.11592 0.18808
0.48596 0.14984 0.12498
0.49106 0.12668 0.14105
0.49563 0.13442 0.09377
0.41595 0.07448 0.14802
0.47563 0.12194 0.08789
0.35460 0.05382 0.15738
0.35261 0.08746 0.15396
0.67598 0.14862 0.08051
0.30712 0.08183 0.10379
0.71416 0.13559 0.08561
0.30150 0.06410 0.09474
0.57534 0.06989 0.12028
0.44012 0.15000 0.06129
0.55269 0.06621 0.10940
0.38649 0.09022 0.09920
0.70779 0.11108 0.05531
0.28485 0.04389 0.17663
0.71501 0.22168 0.04589
0.29489 0.01094 0.10806
0.74954 0.18532 0.04463
0.07717 0.00575 0.22054
0.82201 0.21968 0.02619
0.07366 0.00374 0.16901
0.85543 0.25981 0.02043
0.04605 0.00240 0.15969
0.87396 0.29360 0.01586
0.07783 0.00544 0.32710
0.91504 0.39070 0.01191
0.03361 0.00218 0.48921
0.90898 0.37263 0.00915
0.02399 0.00135 0.42015
0.86593 0.34720 0.00556
0.01136 0.00052 0.32433
0.84387 0.40074 0.00131
0.00364 0.00013 0.33493
0.86224 0.46194 0.00052
0.00209 0.00010 0.40291
0.89584 0.57268 0.00029
0.00166 0.00006 0.47701
0.90411 0.51917 0.00024
0.06651 0.00044 0.49098
0.99981 0.60448 0.00004
0.00038 0.00009 0.59246
0.99984 0.82196 0.00004
0.00042 0.00013 0.77308
0.99989 0.94612 0.00003
0.00014 0.00006 0.96135
1.00000 1.00000 0.00000
0.60428 0.24913 0.11406
0.37893 0.11828 0.22597
0.65738 0.29619 0.08774
0.38333 0.10425 0.19746
0.47931 0.14908 0.15512
0.42996 0.12720 0.17220
0.54486 0.21398 0.13342
0.39915 0.10930 0.17710
0.68706 0.30278 0.07189
0.31139 0.06068 0.19880
0.72881 0.34416 0.05295
0.29063 0.04447 0.20670
0.70075 0.22190 0.05053
0.35046 0.04300 0.13066
0.68013 0.24364 0.04661
0.46221 0.12792 0.15697
0.56057 0.16481 0.08529
0.35888 0.05341 0.12608
0.58004 0.11310 0.06639
0.53974 0.11167 0.06904
0.55285 0.10593 0.05247
0.33896 0.05702 0.18165
0.73022 0.19938 0.02619
0.39664 0.08739 0.17356
0.78830 0.25418 0.01678
0.22384 0.02705 0.29542
0.82484 0.29291 0.01329
0.12489 0.00791 0.21136
0.83268 0.26699 0.01517
0.08626 0.00797 0.18555
0.87246 0.30856 0.00931
0.05536 0.00390 0.30035
0.88883 0.32880 0.00717
0.02197 0.00158 0.30892
0.90571 0.37848 0.00111
0.22149 0.00798 0.29026
0.88307 0.39515 0.00045
0.00101 0.00005 0.74975
0.93002 0.68269 0.00014
0.00028 0.00003 0.91457
0.96388 0.82100 0.00006
0.00012 0.00002 0.97099
0.99996 0.97443 0.00002
0.00001 0.00001 0.99438
0.99997 0.98010 0.00001
0.00001 0.00001 0.99935
1.00000 1.00000 0.00000
0.56432 0.21727 0.11156
0.48080 0.19925 0.20824
0.64433 0.31919 0.07872
0.28888 0.07412 0.28919
0.82891 0.49855 0.02914
0.17850 0.07321 0.48901
0.88632 0.66418 0.01945
0.12805 0.02733 0.58851
0.90858 0.73369 0.00946
0.11822 0.01507 0.52348
0.93626 0.74041 0.00495
0.05354 0.00412 0.67899
0.96276 0.84022 0.00311
0.04539 0.00491 0.75886
0.98347 0.86171 0.00201
0.03701 0.00542 0.71046
0.96325 0.72912 0.00557
0.04531 0.00563 0.58436
0.97428 0.78727 0.00349
0.04475 0.00326 0.62343
0.96419 0.66199 0.00409
0.09920 0.01036 0.49745
0.99299 0.88195 0.00033
0.02912 0.00148 0.61630
0.99223 0.89055 0.00051
0.02161 0.00033 0.73189
0.98627 0.82139 0.00010
0.07323 0.00077 0.70882
0.98642 0.78627 0.00005
0.00401 0.00011 0.58301
0.96832 0.83167 0.00007
0.00541 0.00005 0.66956
0.97274 0.84313 0.00006
0.01245 0.00005 0.74681
0.97688 0.78476 0.00004
0.00163 0.00001 0.71389
0.99985 0.80786 0.00003
0.00017 0.00006 0.73420
0.99973 0.26695 0.00003
0.00147 0.00016 0.20715
0.99970 0.50633 0.00005
0.00091 0.00021 0.63721
0.99943 0.59980 0.00008
0.00095 0.00008 0.58210
1.00000 1.00000 0.00000
0.43395 0.13738 0.18975
0.54315 0.18018 0.12606
0.37606 0.07977 0.24095
0.50943 0.17335 0.13372
0.28970 0.06318 0.26618
0.59170 0.15538 0.10516
0.19599 0.03176 0.29442
0.64983 0.22458 0.08455
0.25353 0.04111 0.25937
0.60289 0.12038 0.08306
0.33229 0.03763 0.13644
0.62521 0.07947 0.04528
0.25570 0.03264 0.16414
0.65108 0.11369 0.03673
0.45624 0.06802 0.10449
0.59331 0.24117 0.08771
0.14571 0.02105 0.39035
0.58911 0.21285 0.10959
0.29336 0.04687 0.15357
0.79657 0.39161 0.04859
0.31181 0.02618 0.10896
0.68786 0.09434 0.02836
0.50900 0.04928 0.04193
0.75506 0.06499 0.01243
0.42052 0.01841 0.01121
0.82040 0.03238 0.00896
0.25411 0.00772 0.01731
0.81525 0.02020 0.00927
0.09068 0.00010 0.00109
0.91709 0.00193 0.00008
0.06931 0.00008 0.00158
0.97027 0.00450 0.00006
0.00154 0.00004 0.01233
0.99961 0.03696 0.00001
0.00147 0.00005 0.02167
0.99972 0.11371 0.00002
0.00158 0.00011 0.08515
0.99942 0.05625 0.00003
0.00234 0.00007 0.01269
0.99899 0.02045 0.00004
0.00245 0.00005 0.00347
0.99851 0.00245 0.00003
0.00277 0.00004 0.00232
1.00000 0.00000 0.00000
0.50005 0.17527 0.16959
0.50212 0.16649 0.14804
0.49101 0.18682 0.16459
0.53769 0.19935 0.16079
0.44629 0.10974 0.12036
0.54520 0.17879 0.13443
0.36183 0.08319 0.17767
0.60830 0.18518 0.10871
0.31809 0.09221 0.21795
0.53339 0.14149 0.13379
0.25625 0.03108 0.10052
0.65453 0.12869 0.10831
0.35202 0.03956 0.06656
0.51121 0.05337 0.12897
0.31363 0.03131 0.11532
0.62953 0.08637 0.07526
0.35130 0.01691 0.09615
0.67265 0.10841 0.04259
0.43472 0.01254 0.05715
0.60165 0.05251 0.05753
0.43679 0.00839 0.05639
0.63256 0.05862 0.02950
0.19142 0.00305 0.09702
0.77610 0.10070 0.01684
0.39620 0.00555 0.04965
0.83284 0.09685 0.00918
0.13559 0.00347 0.16903
0.86126 0.13567 0.00645
0.19940 0.00817 0.15378
0.27935 0.01881 0.02917
0.72442 0.01603 0.02084
0.52646 0.01856 0.01326
0.47622 0.00031 0.00020
0.58591 0.00048 0.00013
0.45535 0.00025 0.00023
0.55171 0.00028 0.00015
0.35057 0.00015 0.00029
0.56305 0.00022 0.00014
0.32852 0.00012 0.00032
0.64420 0.00021 0.00013
0.31145 0.00010 0.00036
0.68246 0.00017 0.00012
0.29245 0.00010 0.00037
0.84230 0.00017 0.00009
0.14289 0.00007 0.00048
0.87510 0.00016 0.00008
0.12255 0.00007 0.00049
0.89957 0.00012 0.00006
0.51335 0.21325 0.14274
0.53899 0.22365 0.18197
0.46431 0.19419 0.15988
0.64231 0.28027 0.13431
0.34960 0.14036 0.29994
0.54194 0.29347 0.17679
0.61725 0.37458 0.15672
0.36117 0.17654 0.34455
0.45409 0.22581 0.26334
0.63887 0.44118 0.15375
0.47697 0.23583 0.24771
0.82699 0.59047 0.04974
0.32506 0.12832 0.35968
0.82243 0.55102 0.03044
0.37546 0.15984 0.35184
0.70617 0.53940 0.14177
0.34418 0.16453 0.32833
0.83173 0.61913 0.07470
0.30564 0.10736 0.28492
0.85942 0.65004 0.03784
0.12501 0.03678 0.56747
0.94899 0.65379 0.00550
0.15709 0.01137 0.45721
0.82585 0.41424 0.00429
0.33809 0.04077 0.27706
0.73550 0.22724 0.01074
0.29478 0.02266 0.31560
0.61346 0.18674 0.00937
0.20021 0.01172 0.21642
0.79946 0.25070 0.00551
0.23108 0.00708 0.12301
0.78851 0.23289 0.00480
0.11860 0.00295 0.18497
0.84864 0.22293 0.00080
0.04518 0.00030 0.18056
0.92077 0.29854 0.00030
0.02403 0.00014 0.15966
0.92220 0.23810 0.00024
0.19591 0.00266 0.07734
0.99945 0.08796 0.00003
0.00191 0.00006 0.04304
0.99963 0.07519 0.00002
0.00125 0.00005 0.04430
0.99964 0.05361 0.00002
0.00092 0.00012 0.30391
0.99970 0.41070 0.00004
0.00141 0.00014 0.14201
0.99929 0.05743 0.00004
0.00176 0.00009 0.20343
1.00000 1.00000 0.00000
0.55873 0.21957 0.11575
0.41432 0.14503 0.19152
0.49938 0.16918 0.16866
0.43224 0.15321 0.17187
0.47551 0.14817 0.17570
0.50482 0.17605 0.13487
0.39527 0.09866 0.16108
0.37191 0.10717 0.17929
0.57941 0.19137 0.11092
0.32078 0.05474 0.16861
0.53174 0.11342 0.10652
0.50903 0.20575 0.05647
0.38935 0.04401 0.08882
0.34439 0.04794 0.11326
0.48124 0.02934 0.07069
0.33150 0.03764 0.07870
0.58966 0.06932 0.06100
0.23576 0.03303 0.12106
0.72808 0.15743 0.04203
0.20717 0.01732 0.16139
0.43249 0.08455 0.03309
0.38973 0.04071 0.14915
0.70336 0.19234 0.04152
0.16765 0.01061 0.14076
0.82285 0.18773 0.02525
0.21261 0.00840 0.06972
0.81263 0.06856 0.00935
0.18211 0.00610 0.06614
0.81163 0.05546 0.00691
0.01210 0.00015 0.11691
0.99427 0.02534 0.00007
0.00138 0.00006 0.05565
0.99962 0.04911 0.00002
0.00194 0.00008 0.03364
0.99937 0.02654 0.00002
0.00279 0.00011 0.02755
0.99818 0.00637 0.00004
0.00291 0.00004 0.00239
0.99792 0.00150 0.00003
0.00350 0.00004 0.00194
1.00000 0.00000 0.00000
0.56288 0.23081 0.11271
0.41740 0.12604 0.20531
0.50943 0.16644 0.13686
0.41732 0.12346 0.19594
0.52893 0.17674 0.15010
0.37017 0.11942 0.21648
0.44626 0.12612 0.24471
0.44729 0.13568 0.14004
0.41801 0.08403 0.14054
0.64737 0.25069 0.07589
0.45223 0.10698 0.14954
0.52913 0.12836 0.11580
0.49232 0.13487 0.09309
0.47193 0.07746 0.11809
0.57060 0.09531 0.05415
0.39621 0.04701 0.08455
0.60794 0.03737 0.04823
0.54595 0.06537 0.05850
0.55487 0.04068 0.05279
0.87216 0.26105 0.01818
0.55363 0.01332 0.03028
0.53574 0.03100 0.01763
0.29988 0.00022 0.00028
0.76248 0.00097 0.00013
0.20629 0.00016 0.00045
0.84016 0.00094 0.00009
0.28755 0.00020 0.00041
0.82221 0.00070 0.00009
0.23716 0.00015 0.00047
0.74693 0.00037 0.00010
0.22173 0.00012 0.00044
0.74146 0.00027 0.00011
0.21734 0.00011 0.00039
0.88359 0.00029 0.00007
0.11465 0.00008 0.00055
0.90944 0.00020 0.00007
0.19284 0.00008 0.00044
0.91853 0.00021 0.00007
0.08513 0.00006 0.00060
0.93812 0.00018 0.00005
0.06210 0.00006 0.00060
0.56121 0.25030 0.11039
0.54298 0.22609 0.17542
0.44577 0.14182 0.16300
0.59511 0.25996 0.15918
0.59587 0.36873 0.09808
0.49064 0.17722 0.22566
0.39232 0.19387 0.25148
0.57785 0.18390 0.13028
0.40770 0.13463 0.14166
0.64542 0.19783 0.09944
0.43270 0.14642 0.12783
0.61450 0.10797 0.08617
0.37197 0.04838 0.07054
0.69242 0.20277 0.05783
0.46005 0.14475 0.11141
0.57150 0.09436 0.08561
0.36360 0.04796 0.06483
0.60394 0.06356 0.06113
0.40095 0.03261 0.06832
0.57690 0.05870 0.05768
0.43130 0.05483 0.05919
0.59245 0.05062 0.03676
0.20747 0.01680 0.17451
0.68809 0.07955 0.02522
0.35680 0.03799 0.08936
0.83820 0.11197 0.00468
0.25233 0.01674 0.10620
0.90235 0.00223 0.00014
0.14449 0.00017 0.00036
0.92613 0.00371 0.00016
0.11699 0.00016 0.00058
0.64987 0.00061 0.00017
0.41919 0.00028 0.00020
0.67204 0.00054 0.00013
0.43086 0.00025 0.00020
0.63304 0.00036 0.00013
0.53527 0.00024 0.00015
0.41428 0.00019 0.00021
0.63005 0.00028 0.00012
0.31480 0.00012 0.00031
0.64658 0.00022 0.00012
0.06624 0.00006 0.00058
0.94084 0.00019 0.00005
0.13623 0.00008 0.00047
0.85441 0.00016 0.00008
0.13323 0.00007 0.00049
0.49546 0.00012 0.00023
0.52811 0.17116 0.12554
0.43528 0.10235 0.20796
0.56925 0.20154 0.08804
0.29063 0.02627 0.20450
0.68669 0.16576 0.04883
0.30214 0.02806 0.20144
0.77937 0.24546 0.02520
0.26337 0.01885 0.20188
0.83427 0.15561 0.01171
0.20386 0.00927 0.10952
0.88245 0.19507 0.00992
0.13817 0.00410 0.14132
0.85170 0.14150 0.01406
0.15398 0.00446 0.10697
0.83620 0.12039 0.01002
0.16554 0.00335 0.06204
0.83844 0.13081 0.00441
0.14382 0.00087 0.04102
0.88840 0.00129 0.00008
0.13321 0.00010 0.00082
0.90935 0.00135 0.00007
0.15834 0.00011 0.00078
0.79506 0.00047 0.00009
0.23559 0.00012 0.00044
0.72459 0.00024 0.00010
0.30304 0.00011 0.00030
0.65964 0.00019 0.00012
0.34523 0.00011 0.00029
0.75465 0.00020 0.00010
0.25947 0.00010 0.00038
0.74732 0.00020 0.00011
0.31529 0.00011 0.00032
0.66048 0.00015 0.00014
0.30318 0.00010 0.00034
0.68171 0.00015 0.00014
0.28225 0.00010 0.00036
0.71745 0.00014 0.00013
0.26649 0.00009 0.00037
0.41361 0.10317 0.19441
0.62585 0.26112 0.07361
0.37439 0.09019 0.25007
0.64747 0.29534 0.07067
0.43104 0.15980 0.25552
0.48870 0.23128 0.15266
0.41384 0.15661 0.29312
0.62451 0.30179 0.11512
0.48578 0.16936 0.22423
0.42295 0.14377 0.22797
0.49893 0.20157 0.19793
0.40620 0.11963 0.19820
0.45409 0.12841 0.18226
0.36157 0.08990 0.19541
0.74091 0.40260 0.06815
0.37207 0.09980 0.16820
0.62487 0.26568 0.14926
0.42350 0.15198 0.16785
0.40292 0.10990 0.29341
0.53209 0.20981 0.12588
0.55661 0.13902 0.17140
0.34126 0.04998 0.15568
0.79430 0.41567 0.06889
0.04911 0.00596 0.57894
0.48996 0.17242 0.39700
0.16965 0.06751 0.26194
0.53236 0.10666 0.37513
0.15516 0.04771 0.25198
0.70656 0.25452 0.20389
0.20705 0.04084 0.17622
0.39671 0.06119 0.16896
0.36825 0.04314 0.15534
0.70487 0.16884 0.05514
0.12453 0.00696 0.18985
0.88787 0.23106 0.01926
0.30672 0.01491 0.11761
0.82866 0.16560 0.01600
0.08706 0.00281 0.14268
0.92612 0.27507 0.00830
0.08357 0.00251 0.11369
0.91692 0.33828 0.01142
0.08384 0.00177 0.15417
0.83832 0.16434 0.00977
0.30240 0.01412 0.08245
0.70820 0.11570 0.02872
0.30861 0.01072 0.09221
0.75552 0.07883 0.01917
0.26869 0.00605 0.12868
0.80832 0.22669 0.01050
0.06957 0.00071 0.25676
0.84211 0.35640 0.01310
0.25241 0.00350 0.11835
0.50195 0.04042 0.00463
0.86514 0.00510 0.00243
0.15851 0.00016 0.00048
0.89729 0.00108 0.00007
0.07993 0.00012 0.00057
0.96280 0.00078 0.00004
0.04720 0.00008 0.00050
0.95728 0.00031 0.00004
0.04033 0.00006 0.00056
0.97930 0.00043 0.00003
0.01295 0.00005 0.00082
0.97930 0.00030 0.00003
0.01308 0.00005 0.00082
0.98217 0.00032 0.00003
0.01073 0.00004 0.00091
0.98210 0.00021 0.00003
0.01254 0.00004 0.00083
1.00000 0.00000 0.00000
0.47532 0.16985 0.18678
0.52523 0.21942 0.12327
0.43801 0.12009 0.19514
0.53230 0.18381 0.09630
0.58224 0.23721 0.12378
0.54313 0.18348 0.09966
0.52603 0.20918 0.19301
0.36784 0.10988 0.19866
0.54347 0.19323 0.16688
0.41292 0.13941 0.17724
0.57040 0.16927 0.10359
0.45631 0.09689 0.13666
0.62936 0.25783 0.10839
0.45961 0.11572 0.16326
0.54889 0.15434 0.11386
0.55204 0.20877 0.12323
0.50995 0.11070 0.12314
0.43999 0.06011 0.07484
0.51527 0.07178 0.08240
0.55976 0.14334 0.07240
0.56942 0.08375 0.06845
0.46152 0.04154 0.06789
0.42469 0.02300 0.04191
0.76930 0.00282 0.00147
0.14308 0.00014 0.00034
0.91904 0.00178 0.00010
0.09705 0.00010 0.00061
0.91152 0.00160 0.00010
0.08076 0.00009 0.00124
0.94007 0.00211 0.00008
0.07851 0.00008 0.00112
0.96810 0.00340 0.00006
0.03765 0.00006 0.00215
0.98431 0.00611 0.00005
0.01609 0.00006 0.00309
0.99244 0.00333 0.00002
0.01211 0.00006 0.00208
0.99310 0.00173 0.00002
0.00837 0.00005 0.00144
0.98679 0.00061 0.00003
0.00760 0.00005 0.00121
0.98439 0.00041 0.00003
0.01082 0.00004 0.00093
0.98193 0.00030 0.00003
0.01055 0.00004 0.00095
0.98828 0.00028 0.00003
0.49207 0.18088 0.15762
0.44189 0.13250 0.17472
0.41088 0.12752 0.20932
0.60056 0.20322 0.13221
0.33668 0.09701 0.22925
0.54134 0.11223 0.19224
0.41488 0.15360 0.17166
0.59105 0.15795 0.18698
0.36068 0.12310 0.19230
0.63119 0.14145 0.15955
0.32238 0.09329 0.22855
0.61789 0.14728 0.14111
0.27027 0.07404 0.10593
0.57942 0.06444 0.13624
0.32976 0.08512 0.13541
0.40619 0.04564 0.24069
0.55730 0.21067 0.07200
0.24476 0.01937 0.40283
0.36322 0.16417 0.14649
0.45121 0.08633 0.19130
0.66468 0.17091 0.06085
0.46054 0.08333 0.08779
0.28916 0.05631 0.16015
0.69070 0.12051 0.05119
0.27582 0.04298 0.18204
0.58781 0.08429 0.07823
0.32752 0.05422 0.15682
0.55908 0.07451 0.07758
0.52352 0.09268 0.08056
0.31847 0.01625 0.11310
0.81690 0.14293 0.01135
0.21468 0.00718 0.20870
0.82669 0.14662 0.00698
0.19089 0.00484 0.15560
0.83687 0.13327 0.00624
0.08429 0.00220 0.24667
0.93563 0.19496 0.00175
0.01483 0.00004 0.20810
0.96087 0.45062 0.00011
0.01387 0.00003 0.15315
0.95937 0.40092 0.00010
0.00368 0.00002 0.24659
0.97670 0.47728 0.00004
0.00142 0.00001 0.42580
0.98386 0.54578 0.00003
0.00156 0.00001 0.56146
0.98427 0.63021 0.00003
0.00037 0.00001 0.89994
0.99998 0.99025 0.00001
0.00002 0.00001 0.99879
1.00000 1.00000 0.00000
0.46801 0.16724 0.16372
0.53631 0.19451 0.15601
0.48089 0.17070 0.15952
0.65548 0.27181 0.11430
0.61458 0.31110 0.10016
0.57630 0.30840 0.18028
0.47403 0.20240 0.17739
0.57517 0.32566 0.19575
0.41519 0.17075 0.29217
0.68755 0.45323 0.14952
0.37804 0.15902 0.31670
0.58600 0.29255 0.14887
0.52720 0.20534 0.19956
0.40148 0.15848 0.22814
0.54928 0.19647 0.19173
0.33997 0.11235 0.21250
0.62179 0.17158 0.15734
0.32255 0.11746 0.20481
0.76870 0.21691 0.09051
0.24307 0.04475 0.19603
0.56660 0.15607 0.07261
0.56162 0.11468 0.12505
0.59124 0.14712 0.05058
0.43616 0.03211 0.12693
0.77979 0.12458 0.01061
0.38051 0.02612 0.08048
0.58731 0.06277 0.01555
0.29981 0.01877 0.04266
0.65345 0.02076 0.01656
0.56659 0.05807 0.01947
0.27853 0.00026 0.00029
0.68958 0.00075 0.00014
0.13060 0.00012 0.00074
0.87044 0.00093 0.00008
0.03112 0.00008 0.00096
0.99045 0.00164 0.00002
0.01594 0.00006 0.00087
0.98226 0.00057 0.00003
0.01987 0.00005 0.00073
0.97665 0.00032 0.00004
0.01953 0.00005 0.00072
0.98475 0.00037 0.00003
0.01183 0.00004 0.00090
1.00000 0.00000 0.00000
0.49017 0.15318 0.13788
0.55508 0.23090 0.11073
0.51433 0.17605 0.15291
0.49039 0.16741 0.12010
0.51456 0.16333 0.13075
0.51015 0.15059 0.10599
0.44423 0.12417 0.17772
0.56844 0.21297 0.09409
0.46850 0.15307 0.19396
0.42980 0.13637 0.15052
0.53305 0.17174 0.15162
0.53980 0.23294 0.09985
0.66078 0.28231 0.13743
0.32651 0.15717 0.27883
0.69124 0.35455 0.13014
0.40921 0.20489 0.26416
0.58100 0.26835 0.19780
0.50221 0.27114 0.20821
0.53829 0.19805 0.18968
0.42713 0.16972 0.22265
0.65062 0.30180 0.07146
0.50645 0.18517 0.14754
0.75431 0.34913 0.05095
0.40639 0.07784 0.14487
0.72774 0.14651 0.04314
0.36587 0.04865 0.09195
0.77781 0.14335 0.03151
0.31547 0.03303 0.06206
0.74480 0.14818 0.03923
0.20542 0.02899 0.21635
0.90657 0.19132 0.00378
0.23227 0.02531 0.11291
0.81838 0.19104 0.01581
0.19127 0.01410 0.10210
0.85101 0.20507 0.00723
0.07278 0.00205 0.12071
0.87577 0.13346 0.00637
0.18911 0.01209 0.12045
0.89252 0.06361 0.00183
0.03487 0.00080 0.06299
0.96216 0.07252 0.00013
0.00039 0.00006 0.26449
0.99982 0.32756 0.00003
0.00044 0.00007 0.36577
0.99980 0.40839 0.00003
0.00058 0.00011 0.42205
0.99973 0.43156 0.00004
0.00106 0.00021 0.42130
0.99859 0.14613 0.00003
0.00242 0.00004 0.00267
0.99851 0.00241 0.00003
0.00266 0.00004 0.00239
1.00000 0.00000 0.00000
0.50648 0.15733 0.13189
0.49775 0.15812 0.14571
0.39680 0.14524 0.18394
0.60744 0.20959 0.11288
0.35839 0.12625 0.18714
0.52210 0.14385 0.15268
0.38000 0.11722 0.21821
0.47511 0.09740 0.09818
0.39842 0.07555 0.18417
0.67447 0.25548 0.07531
0.46047 0.09255 0.12660
0.62659 0.17451 0.08169
0.50371 0.11195 0.09276
0.52264 0.09979 0.08784
0.59710 0.09243 0.06632
0.44742 0.07083 0.08096
0.71150 0.12070 0.02852
0.12730 0.00505 0.21578
0.57627 0.12121 0.06870
0.26517 0.01760 0.15877
0.48776 0.10066 0.01888
0.43295 0.04480 0.11651
0.64821 0.12984 0.03596
0.18722 0.01068 0.13900
0.77202 0.07847 0.01658
0.13854 0.00687 0.10642
0.92070 0.09354 0.00017
0.03224 0.00042 0.09035
0.99480 0.01684 0.00005
0.00778 0.00005 0.00337
0.99885 0.01411 0.00002
0.00203 0.00006 0.01659
0.99839 0.00854 0.00002
0.00477 0.00006 0.00261
0.99768 0.00495 0.00002
0.00379 0.00005 0.00205
0.99483 0.00124 0.00003
0.00428 0.00004 0.00173
0.99474 0.00066 0.00003
0.00481 0.00004 0.00155
1.00000 0.00000 0.00000
0.44283 0.11186 0.18001
0.47403 0.13172 0.17123
0.58380 0.25614 0.13337
0.70672 0.28611 0.08879
0.44499 0.13727 0.15275
0.47484 0.11500 0.17674
0.43906 0.11693 0.11824
0.52600 0.13325 0.13769
0.35567 0.08220 0.16388
0.56715 0.16271 0.10498
0.44987 0.13546 0.12096
0.44892 0.06432 0.10961
0.34001 0.04965 0.15918
0.48332 0.08859 0.11105
0.46814 0.04511 0.08377
0.40423 0.03426 0.08640
0.47097 0.05107 0.08432
0.32503 0.02581 0.09714
0.53892 0.12213 0.05178
0.31641 0.02344 0.15501
0.43433 0.07487 0.05145
0.30167 0.02360 0.16283
0.41313 0.05030 0.05295
0.16910 0.01775 0.21649
0.77086 0.07085 0.02473
0.19716 0.01405 0.08101
0.78535 0.05668 0.02920
0.29882 0.02291 0.06679
0.33810 0.02331 0.06867
0.27217 0.02085 0.09223
0.77512 0.06832 0.01418
0.07025 0.00347 0.11313
0.90917 0.01790 0.00166
0.18059 0.00670 0.03093
0.92628 0.00180 0.00007
0.06832 0.00009 0.00122
0.92552 0.00131 0.00006
0.03570 0.00009 0.00095
0.98562 0.00151 0.00002
0.01178 0.00006 0.00128
0.98479 0.00063 0.00003
0.00430 0.00004 0.00176
0.99504 0.00132 0.00003
0.00469 0.00004 0.00161
0.99332 0.00056 0.00002
0.00551 0.00004 0.00140
1.00000 0.00000 0.00000
0.54758 0.21877 0.12018
0.39664 0.11155 0.22352
0.65141 0.32801 0.08754
0.43898 0.12186 0.20410
0.57845 0.25209 0.08729
0.48836 0.15095 0.18499
0.52674 0.25292 0.12709
0.43109 0.11063 0.24636
0.45837 0.17099 0.16167
0.45740 0.13536 0.34116
0.48973 0.24897 0.13500
0.64817 0.22221 0.18636
0.43750 0.19345 0.07598
0.58341 0.10815 0.20609
0.33919 0.17828 0.08428
0.71012 0.10701 0.12827
0.27740 0.07856 0.07647
0.89609 0.22845 0.03224
0.25082 0.04021 0.15787
0.70150 0.13313 0.07853
0.52225 0.15520 0.05668
0.35158 0.06265 0.29600
0.75976 0.33108 0.03345
0.03948 0.00780 0.53144
0.90696 0.63415 0.01422
0.13981 0.02501 0.61026
0.30906 0.18658 0.24110
0.69203 0.15803 0.11127
0.45627 0.23465 0.13078
0.34995 0.06611 0.33185
0.72633 0.48361 0.09488
0.09526 0.01048 0.66913
0.78124 0.45814 0.08058
0.14618 0.01722 0.38230
0.85404 0.47974 0.04459
0.15482 0.01911 0.37128
0.92196 0.52050 0.00841
0.00326 0.00030 0.72682
0.99989 0.68523 0.00003
0.00014 0.00005 0.65630
0.99985 0.47616 0.00003
0.00024 0.00005 0.45266
0.99994 0.48887 0.00002
0.00014 0.00006 0.77752
0.99996 0.84067 0.00002
0.00002 0.00002 0.99732
1.00000 1.00000 0.00000
0.50550 0.17351 0.12569
0.47218 0.15699 0.16587
0.55514 0.21987 0.11568
0.46287 0.13613 0.19439
0.50730 0.20592 0.15278
0.57007 0.17465 0.15816
0.47958 0.19221 0.15847
0.61144 0.19649 0.13050
0.49731 0.19409 0.15033
0.58651 0.14970 0.09800
0.21964 0.02956 0.23483
0.66687 0.15024 0.04557
0.16107 0.01752 0.24652
0.83144 0.19347 0.03304
0.16758 0.01900 0.21326
0.59191 0.05055 0.07532
0.32182 0.06014 0.11358
0.32725 0.03451 0.18945
0.55300 0.14443 0.06791
0.35277 0.04286 0.17441
0.51263 0.13120 0.07546
0.18914 0.01071 0.13350
0.84694 0.19551 0.01086
0.25800 0.02256 0.20914
0.78121 0.11242 0.01545
0.20960 0.01426 0.16598
0.84608 0.12935 0.00853
0.13996 0.00810 0.21879
0.85276 0.09227 0.00281
0.11810 0.00412 0.17994
0.91088 0.20839 0.00051
0.08439 0.00492 0.16459
0.99820 0.11647 0.00009
0.01084 0.00012 0.02944
0.99918 0.03949 0.00002
0.00151 0.00005 0.02285
0.99951 0.02932 0.00002
0.00198 0.00005 0.01240
0.99928 0.02093 0.00002
0.00275 0.00007 0.01201
0.99924 0.01978 0.00002
0.00281 0.00010 0.02084
0.99799 0.00566 0.00003
0.00313 0.00005 0.00236
0.99709 0.00130 0.00002
0.00395 0.00004 0.00182
1.00000 0.00000 0.00000
0.55868 0.21800 0.11680
0.44144 0.14056 0.19312
0.54870 0.19818 0.12657
0.40034 0.11447 0.23079
0.60736 0.24371 0.11412
0.30681 0.06643 0.24555
0.60591 0.22886 0.10931
0.39814 0.09315 0.20089
0.49624 0.12658 0.16317
0.48929 0.09741 0.08488
0.31798 0.03166 0.15993
0.56334 0.13870 0.06798
0.41206 0.03739 0.09081
0.58275 0.07082 0.05686
0.52978 0.13174 0.06747
0.27621 0.04517 0.22900
0.68030 0.30648 0.05424
0.25989 0.03084 0.20904
0.71544 0.36859 0.05411
0.24045 0.01835 0.19972
0.71369 0.11667 0.02796
0.33730 0.02040 0.08849
0.68660 0.08808 0.02826
0.26302 0.01059 0.03945
0.81577 0.02835 0.00639
0.28840 0.00935 0.02807
0.75117 0.02878 0.01197
0.24811 0.00473 0.03233
0.76632 0.03823 0.01191
0.28796 0.00992 0.02024
0.42074 0.00023 0.00018
0.18464 0.00011 0.00044
0.79388 0.00029 0.00009
0.17564 0.00010 0.00043
0.90953 0.00029 0.00005
0.07239 0.00006 0.00063
0.92536 0.00023 0.00005
0.07481 0.00006 0.00056
0.96279 0.00023 0.00004
0.03021 0.00005 0.00067
0.96501 0.00020 0.00004
0.05890 0.00006 0.00059
0.94653 0.00014 0.00004
1.00000 0.00000 0.00000
0.57161 0.24644 0.13870
0.58455 0.27468 0.14887
0.55039 0.24581 0.16783
0.52108 0.21732 0.17808
0.48124 0.18482 0.21994
0.53773 0.20277 0.17324
0.47308 0.19039 0.21912
0.54625 0.18339 0.15135
0.45112 0.20419 0.22537
0.56405 0.18721 0.16793
0.33637 0.10793 0.25946
0.72481 0.25542 0.09124
0.18846 0.03471 0.22640
0.72482 0.10101 0.13752
0.24308 0.09158 0.15269
0.48864 0.07687 0.33660
0.28564 0.13358 0.11870
0.63095 0.09810 0.21788
0.28997 0.13285 0.09953
0.62382 0.12768 0.27354
0.15844 0.07596 0.21724
0.35967 0.10089 0.36993
0.39500 0.21486 0.28831
0.63201 0.33863 0.20170
0.36784 0.14026 0.30774
0.56117 0.26063 0.16095
0.34747 0.10189 0.22440
0.89961 0.39137 0.03718
0.13563 0.02142 0.26452
0.94315 0.45019 0.01602
0.13805 0.01487 0.26504
0.90275 0.50447 0.02748
0.08757 0.00606 0.38203
0.88264 0.31679 0.01831
0.13966 0.00846 0.13047
0.88662 0.21170 0.01700
0.22053 0.00642 0.11996
0.77508 0.18219 0.02072
0.22515 0.00381 0.08488
0.81382 0.08745 0.01044
0.23941 0.00413 0.06265
0.80428 0.07480 0.01363
0.13763 0.00174 0.10371
0.86659 0.13947 0.00283
0.08141 0.00045 0.15508
0.89770 0.15293 0.00053
0.01432 0.00011 0.16154
0.99818 0.07296 0.00006
0.00857 0.00009 0.03111
0.99833 0.02619 0.00003
0.00255 0.00005 0.01448
0.99959 0.04237 0.00002
0.00131 0.00010 0.13056
0.99966 0.21554 0.00003
0.00139 0.00017 0.23799
0.99952 0.24538 0.00004
0.00134 0.00013 0.33091
0.99957 0.72866 0.00002
0.00206 0.00006 0.00791
1.00000 1.00000 0.00000
0.49937 0.14919 0.13572
0.41326 0.13196 0.17899
0.52029 0.17010 0.15083
0.36410 0.10646 0.24006
0.41585 0.11542 0.16657
0.72756 0.36931 0.06463
0.35838 0.06741 0.13994
0.48933 0.12422 0.15409
0.43004 0.09086 0.09471
0.51552 0.10019 0.12493
0.40162 0.09830 0.10487
0.53414 0.05795 0.12238
0.35238 0.06044 0.06686
0.66718 0.07502 0.07669
0.27013 0.04300 0.09808
0.78710 0.16021 0.04450
0.25678 0.02541 0.07847
0.85919 0.29904 0.02633
0.23255 0.01368 0.08582
0.79320 0.17642 0.02319
0.14932 0.00372 0.05953
0.85727 0.12963 0.00293
0.22598 0.00623 0.05782
0.80047 0.04622 0.00208
0.25488 0.00378 0.02750
0.33775 0.02895 0.00220
0.12118 0.00172 0.10789
0.77280 0.12643 0.00185
0.27300 0.01577 0.05588
0.88445 0.03418 0.00053
0.06042 0.00036 0.02853
0.84764 0.03425 0.00047
0.12167 0.00198 0.03627
0.98634 0.00590 0.00004
0.02059 0.00007 0.00164
0.98867 0.00197 0.00003
0.04354 0.00008 0.00070
0.97869 0.00066 0.00003
0.00718 0.00005 0.00113
0.99395 0.00116 0.00003
0.00583 0.00004 0.00134
0.99090 0.00065 0.00003
0.00478 0.00004 0.00157
1.00000 0.00000 0.00000
0.43875 0.11815 0.16446
0.56204 0.20423 0.10490
0.45597 0.12922 0.18774
0.50695 0.19028 0.15710
0.53765 0.17086 0.15501
0.38230 0.13995 0.22043
0.52219 0.15108 0.17793
0.49255 0.19611 0.18213
0.55721 0.19544 0.17274
0.45394 0.16470 0.20986
0.51032 0.14705 0.18760
0.53815 0.15698 0.13165
0.49264 0.08351 0.11669
0.43230 0.07568 0.10683
0.66863 0.18128 0.05551
0.38156 0.04286 0.09490
0.67498 0.22456 0.04651
0.49486 0.07788 0.06619
0.32231 0.08914 0.11369
0.58019 0.22374 0.20421
0.41387 0.11478 0.20240
0.66162 0.28751 0.08565
0.14763 0.00904 0.11085
0.84471 0.15332 0.00904
0.21134 0.01050 0.10652
0.82922 0.12693 0.01717
0.11082 0.00617 0.16718
0.80888 0.10918 0.01020
0.20665 0.01643 0.14890
0.84122 0.16967 0.01215
0.17118 0.01368 0.11308
0.99847 0.13969 0.00009
0.01029 0.00013 0.03757
0.99959 0.24859 0.00004
0.00063 0.00007 0.20290
0.99975 0.31013 0.00003
0.00050 0.00007 0.25903
0.99978 0.46696 0.00004
0.00042 0.00007 0.36240
0.99973 0.24337 0.00003
0.00096 0.00017 0.37265
0.99972 0.71281 0.00005
0.00113 0.00021 0.35415
0.99929 0.53406 0.00008
0.00065 0.00016 0.80283
1.00000 1.00000 0.00000
0.51868 0.17951 0.15177
0.45501 0.14124 0.16508
0.54436 0.21003 0.14427
0.48619 0.15429 0.16788
0.40371 0.12008 0.19015
0.52741 0.19685 0.14304
0.55164 0.24370 0.17272
0.47072 0.17514 0.14626
0.39931 0.09123 0.20073
0.43011 0.12326 0.15122
0.54856 0.15047 0.15313
0.47358 0.19273 0.13382
0.66170 0.17783 0.10185
0.37240 0.06176 0.08219
0.66199 0.07883 0.07830
0.52775 0.18241 0.07669
0.73042 0.07092 0.05850
0.38718 0.05344 0.06356
0.67582 0.07687 0.06179
0.58180 0.20003 0.05515
0.61893 0.05091 0.08820
0.53913 0.05689 0.03307
0.56215 0.05214 0.05012
0.33629 0.00882 0.04632
0.73400 0.07923 0.01588
0.30878 0.01527 0.05209
0.75993 0.03100 0.00872
0.33573 0.01274 0.04544
0.47294 0.00032 0.00021
0.61760 0.00038 0.00013
0.41718 0.00026 0.00023
0.59030 0.00032 0.00013
0.25613 0.00012 0.00034
0.71939 0.00026 0.00010
0.20691 0.00010 0.00040
0.65954 0.00017 0.00013
0.04546 0.00006 0.00065
0.70029 0.00015 0.00014
0.06032 0.00006 0.00060
0.45225 0.13796 0.14020
0.50809 0.15032 0.13423
0.44230 0.12293 0.14833
0.42687 0.12630 0.17031
0.52699 0.14191 0.12455
0.39750 0.10077 0.17529
0.46889 0.14158 0.14864
0.49024 0.13462 0.11278
0.45543 0.10520 0.12134
0.49161 0.11657 0.08194
0.51735 0.14308 0.08191
0.51359 0.12567 0.08015
0.47832 0.13824 0.07827
0.56007 0.13293 0.08358
0.27910 0.03801 0.10299
0.69424 0.14764 0.03456
0.17260 0.03074 0.11411
0.87389 0.36361 0.02374
0.04690 0.00920 0.64581
0.94153 0.68927 0.00783
0.06324 0.00601 0.52898
0.93679 0.67991 0.00767
0.07026 0.00580 0.56042
0.82668 0.42281 0.02007
0.18161 0.00871 0.28644
0.77141 0.35488 0.02867
0.10158 0.00379 0.28097
0.89759 0.38389 0.01148
0.11417 0.00334 0.21219
0.89264 0.38239 0.01060
0.24031 0.01566 0.21728
0.54425 0.23475 0.05011
0.41127 0.02678 0.15262
0.66806 0.16478 0.02555
0.45039 0.03266 0.10180
0.68336 0.16211 0.03100
0.38463 0.02326 0.10749
0.63414 0.09403 0.04222
0.29065 0.01729 0.05279
0.62199 0.13807 0.03768
0.15886 0.01170 0.13556
0.87726 0.29811 0.01536
0.10910 0.00525 0.13552
0.78898 0.18821 0.00686
0.19597 0.00836 0.15095
0.75916 0.22678 0.00241
0.08696 0.00141 0.25360
0.87042 0.26582 0.00060
0.06431 0.00044 0.14150
0.85632 0.29034 0.00049
0.01937 0.00014 0.11769
0.90053 0.31906 0.00027
0.00704 0.00006 0.25060
0.92678 0.37340 0.00015
0.00150 0.00002 0.45664
0.97904 0.60745 0.00004
0.00092 0.00003 0.41607
0.99995 0.47240 0.00002
0.00037 0.00008 0.57872
0.99758 0.00359 0.00003
0.00342 0.00004 0.00220
0.99764 0.00180 0.00003
0.00377 0.00004 0.00191
0.99747 0.00139 0.00003
0.00353 0.00004 0.00192
1.00000 0.00000 0.00000
0.38976 0.08110 0.14865
0.58621 0.18545 0.10296
0.32345 0.05163 0.16687
0.60575 0.17950 0.08041
0.26761 0.03587 0.15683
0.67249 0.22292 0.04410
0.29052 0.05206 0.19596
0.76975 0.28295 0.02113
0.18395 0.00766 0.16589
0.75001 0.16328 0.02516
0.25749 0.03284 0.14932
0.82065 0.26038 0.01682
0.15967 0.00618 0.15151
0.89668 0.32935 0.00775
0.10433 0.00146 0.09274
0.88321 0.13534 0.00339
0.06760 0.00085 0.09669
0.93095 0.30534 0.00108
0.01100 0.00012 0.40483
0.99637 0.03109 0.00005
0.01313 0.00006 0.00999
0.99814 0.03107 0.00003
0.01131 0.00006 0.01005
0.99836 0.02809 0.00003
0.00450 0.00005 0.00872
0.99910 0.01881 0.00002
0.00495 0.00005 0.00442
0.99774 0.00647 0.00002
0.00608 0.00006 0.00234
0.98224 0.00056 0.00003
0.01975 0.00005 0.00071
0.97632 0.00032 0.00004
0.01924 0.00005 0.00070
0.97399 0.00024 0.00004
0.01755 0.00004 0.00075
0.96909 0.00015 0.00003
0.02653 0.00005 0.00066
1.00000 0.00000 0.00000
0.48176 0.15803 0.16578
0.54159 0.24034 0.13077
0.51510 0.18708 0.24334
0.53008 0.24829 0.10283
0.58739 0.19526 0.19266
0.46795 0.20985 0.12944
0.66066 0.26852 0.12698
0.33156 0.09673 0.16727
0.67157 0.18273 0.09302
0.58347 0.34656 0.07575
0.53614 0.14174 0.17626
0.58779 0.27565 0.07796
0.44372 0.10632 0.21331
0.67916 0.35833 0.06338
0.42264 0.16265 0.40617
0.44536 0.26961 0.15824
0.51922 0.16116 0.37129
0.62077 0.50094 0.05875
0.32054 0.08928 0.59529
0.69146 0.60233 0.04393
0.16835 0.02453 0.80427
0.68063 0.54284 0.02935
0.43625 0.03681 0.49225
0.71614 0.58823 0.02468
0.14697 0.01301 0.81014
0.89391 0.81231 0.00508
0.19149 0.01291 0.75408
0.84011 0.71964 0.00893
0.29307 0.03341 0.64998
0.81154 0.68606 0.02024
0.45447 0.05720 0.44487
0.48203 0.37365 0.07392
0.80548 0.20461 0.15544
0.67810 0.58103 0.07811
0.66345 0.15193 0.23768
0.62377 0.54143 0.10008
0.68240 0.19375 0.19768
0.46040 0.30413 0.12245
0.49086 0.16160 0.35014
0.55828 0.25621 0.12973
0.51398 0.12257 0.20882
0.48028 0.05180 0.19486
0.72303 0.18323 0.07059
0.64028 0.15630 0.08044
0.80512 0.33522 0.04949
0.05278 0.00905 0.53918
0.88026 0.37753 0.03783
0.05782 0.01833 0.50871
0.88034 0.42100 0.03303
0.27926 0.03296 0.41373
0.92625 0.61192 0.03796
0.02998 0.00401 0.59770
0.91642 0.31727 0.01304
0.05361 0.00296 0.27689
0.91857 0.29775 0.00795
0.04453 0.00157 0.28089
0.85046 0.17877 0.00601
0.15602 0.00474 0.18122
0.88193 0.18118 0.00493
0.13893 0.00203 0.17060
0.89784 0.19235 0.00781
0.13751 0.00171 0.10355
0.77034 0.11638 0.00897
0.32584 0.00453 0.06583
0.69968 0.05735 0.00884
0.40761 0.00456 0.05585
0.64624 0.07472 0.01469
0.06524 0.00112 0.35180
0.90341 0.20640 0.01028
0.06116 0.00119 0.41826
0.90613 0.15144 0.00596
0.30800 0.02061 0.16547
0.86767 0.11049 0.01401
0.30661 0.01674 0.14955
0.58230 0.08033 0.03908
0.50262 0.05952 0.12124
0.75132 0.12194 0.03309
0.32563 0.01510 0.08051
0.83899 0.14450 0.01026
0.07497 0.00310 0.23733
0.91898 0.09041 0.00328
0.05692 0.00237 0.13457
0.92972 0.07091 0.00147
0.09029 0.00278 0.17748
0.82790 0.10359 0.00650
0.07476 0.00293 0.34835
0.89921 0.17417 0.00685
0.05567 0.00179 0.31107
0.94945 0.27548 0.00245
0.00976 0.00040 0.59923
0.98298 0.36176 0.00023
0.02474 0.00091 0.45595
0.99977 0.45917 0.00004
0.00037 0.00007 0.38473
0.99986 0.23635 0.00002
0.00051 0.00007 0.26830
0.99975 0.20791 0.00003
0.00108 0.00010 0.15870
0.99971 0.14669 0.00003
0.00134 0.00014 0.17426
0.99928 0.08051 0.00005
0.00163 0.00006 0.01523
0.99896 0.00357 0.00002
0.00215 0.00004 0.00283
1.00000 0.00000 0.00000
0.59261 0.22805 0.11214
0.54826 0.19346 0.12544
0.43900 0.13495 0.18936
0.56282 0.18593 0.11414
0.39278 0.10652 0.18722
0.55576 0.19435 0.11145
0.43048 0.16603 0.17702
0.44552 0.14840 0.22906
0.38203 0.09275 0.18927
0.56365 0.12541 0.13517
0.21090 0.03207 0.28821
0.80319 0.19522 0.05886
0.17004 0.02248 0.19965
0.86250 0.19959 0.03822
0.12271 0.02188 0.21972
0.54929 0.12990 0.09199
0.39656 0.03194 0.24212
0.53252 0.12769 0.04043
0.45839 0.03139 0.16919
0.93114 0.29798 0.00958
0.11531 0.00121 0.17188
0.89174 0.11271 0.00302
0.27495 0.00936 0.12098
0.81578 0.09824 0.00560
0.15563 0.00178 0.14469
0.88570 0.14211 0.00248
0.06622 0.00016 0.08555
0.94784 0.00400 0.00008
0.04060 0.00007 0.00307
0.98388 0.00724 0.00005
0.00292 0.00004 0.01120
0.99944 0.03846 0.00002
0.00168 0.00007 0.03631
0.99929 0.02718 0.00002
0.00288 0.00008 0.01950
0.99912 0.02341 0.00003
0.00231 0.00005 0.00344
0.99862 0.00300 0.00002
0.00266 0.00004 0.00239
1.00000 0.00000 0.00000
0.59761 0.26291 0.08255
0.31376 0.05595 0.26994
0.69428 0.28057 0.04418
0.29796 0.04324 0.26273
0.70128 0.30381 0.03939
0.34065 0.09140 0.27193
0.66886 0.27373 0.06175
0.36225 0.07782 0.18767
0.38625 0.10849 0.14152
0.53199 0.14506 0.14036
0.45250 0.11380 0.13396
0.59461 0.17912 0.10110
0.40428 0.10491 0.14510
0.50754 0.12669 0.17136
0.33522 0.07755 0.19695
0.50337 0.12128 0.13476
0.64487 0.20439 0.06411
0.26022 0.03316 0.27149
0.70593 0.23731 0.03769
0.30093 0.02497 0.18370
0.73050 0.23503 0.02955
0.33928 0.01907 0.14445
0.56689 0.05936 0.03406
0.45194 0.04497 0.08202
0.45442 0.04956 0.03118
0.57102 0.07256 0.05814
0.34449 0.01493 0.04200
0.63829 0.05426 0.01394
0.46370 0.02418 0.06271
0.66101 0.04578 0.01548
0.30507 0.00398 0.02813
0.74872 0.03215 0.01139
0.39805 0.00781 0.02101
0.74208 0.00095 0.00013
0.30554 0.00020 0.00030
0.78150 0.00083 0.00011
0.21602 0.00014 0.00052
0.87437 0.00080 0.00008
0.01943 0.00006 0.00102
0.98091 0.00054 0.00003
0.04630 0.00007 0.00056
0.90522 0.00021 0.00007
0.01889 0.00005 0.00076
0.97614 0.00024 0.00004
0.01621 0.00004 0.00080
0.97812 0.00017 0.00003
0.01880 0.00004 0.00070
0.51240 0.16665 0.14900
0.53017 0.24831 0.13953
0.49829 0.15471 0.16455
0.35910 0.09599 0.17763
0.62329 0.19665 0.08996
0.29002 0.04761 0.20526
0.87393 0.39343 0.02430
0.16742 0.03952 0.41151
0.93798 0.56380 0.01046
0.12716 0.02603 0.44839
0.87856 0.40411 0.01973
0.40062 0.12569 0.25914
0.50910 0.13665 0.09268
0.33420 0.04618 0.22981
0.75585 0.12310 0.00576
0.27233 0.02041 0.15380
0.63099 0.11257 0.04635
0.31968 0.03282 0.14894
0.79505 0.21526 0.01606
0.11485 0.00891 0.17041
0.85069 0.34877 0.00796
0.39520 0.10393 0.11286
0.20670 0.03202 0.10715
0.77001 0.26482 0.05173
0.30434 0.09744 0.08692
0.46274 0.10489 0.32610
0.55962 0.34895 0.05034
0.26007 0.02907 0.40641
0.65940 0.38742 0.05182
0.49489 0.10460 0.20100
0.66308 0.41204 0.05353
0.15381 0.01761 0.53410
0.46990 0.27167 0.08713
0.32295 0.01745 0.47350
0.67550 0.54741 0.03711
0.09690 0.00642 0.81671
0.92075 0.80551 0.00713
0.12107 0.00948 0.68039
0.95084 0.83839 0.00290
0.00953 0.00095 0.91424
0.95969 0.86109 0.00101
0.31604 0.06036 0.48687
0.53111 0.23351 0.02777
0.50836 0.09547 0.26614
0.87262 0.61098 0.01202
0.25824 0.02819 0.39156
0.92448 0.47219 0.00357
0.13127 0.00786 0.29818
0.98365 0.71185 0.00013
0.02546 0.00089 0.52374
0.98586 0.84158 0.00006
0.01501 0.00038 0.63484
0.97521 0.72365 0.00007
0.09838 0.00250 0.54319
0.86466 0.51794 0.00026
0.15999 0.00287 0.28995
0.96162 0.79932 0.00017
0.10112 0.00149 0.33270
0.92810 0.64776 0.00017
0.06034 0.00066 0.46650
0.97137 0.86215 0.00020
0.01251 0.00033 0.84478
0.98103 0.91403 0.00015
0.00030 0.00003 0.95673
0.99997 0.98135 0.00001
0.00003 0.00002 0.96200
0.99997 0.98245 0.00001
0.00001 0.00001 0.99024
0.99998 0.98767 0.00001
0.00000 0.00000 0.99928
0.99996 0.97634 0.00001
0.51573 0.20253 0.16816
0.57382 0.23671 0.14911
0.45883 0.17658 0.23575
0.43448 0.13926 0.22462
0.55166 0.18981 0.17888
0.45457 0.14605 0.19951
0.39260 0.10842 0.25341
0.55800 0.19212 0.16196
0.65178 0.25565 0.12184
0.35521 0.08976 0.27409
0.40241 0.10023 0.21181
0.54502 0.12768 0.13665
0.26676 0.05748 0.22129
0.67308 0.28596 0.10082
0.44197 0.12413 0.15231
0.63518 0.17148 0.06185
0.50207 0.18659 0.17463
0.47793 0.18416 0.16458
0.68299 0.32840 0.06547
0.48652 0.07415 0.05833
0.48648 0.06430 0.05613
0.48337 0.06406 0.05736
0.60366 0.03839 0.01823
0.59292 0.06904 0.03593
0.48541 0.02506 0.02460
0.57285 0.05437 0.04052
0.65145 0.03669 0.01075
0.27620 0.00021 0.00021
0.78717 0.00097 0.00013
0.23137 0.00017 0.00028
0.79106 0.00085 0.00011
0.17618 0.00012 0.00050
0.82685 0.00070 0.00009
0.22644 0.00013 0.00042
0.69839 0.00028 0.00011
0.35104 0.00014 0.00024
0.34174 0.00012 0.00028
0.60008 0.00014 0.00015
0.33716 0.00010 0.00031
0.64498 0.00014 0.00014
0.43925 0.00012 0.00024
0.72504 0.00014 0.00012
0.25626 0.00009 0.00038
0.74322 0.00014 0.00012
0.26445 0.00009 0.00036
0.56459 0.20666 0.10913
0.44939 0.12453 0.14723
0.59076 0.22548 0.10544
0.34519 0.09387 0.23794
0.73006 0.30198 0.06508
0.27831 0.05561 0.23589
0.79345 0.37866 0.05047
0.29341 0.05998 0.22019
0.90736 0.51414 0.01964
0.07897 0.01798 0.65279
0.96093 0.72344 0.00705
0.05902 0.00972 0.67257
0.93595 0.68916 0.00928
0.10428 0.01846 0.60731
0.94998 0.73139 0.00543
0.06930 0.01014 0.71274
0.90517 0.66761 0.00807
0.18211 0.02871 0.50590
0.85541 0.58394 0.01410
0.22364 0.05310 0.45281
0.83383 0.48089 0.02483
0.22578 0.04468 0.41810
0.85616 0.38778 0.01312
0.19248 0.01623 0.18626
0.82720 0.23272 0.00728
0.16027 0.00396 0.10667
0.86831 0.16808 0.00103
0.07235 0.00071 0.07075
0.87843 0.30739 0.00078
0.11999 0.00094 0.27392
0.61007 0.09886 0.00139
0.42225 0.00319 0.06664
0.65668 0.08471 0.00080
0.55606 0.00397 0.02795
0.58774 0.04461 0.00063
0.30306 0.00168 0.03115
0.87831 0.02052 0.00034
0.00473 0.00004 0.00754
0.99863 0.01754 0.00002
0.00144 0.00007 0.04949
0.99973 0.11129 0.00002
0.00178 0.00012 0.06654
0.99955 0.14424 0.00003
0.00188 0.00021 0.16349
0.99854 0.12799 0.00005
0.00196 0.00005 0.00441
1.00000 1.00000 0.00000
0.66743 0.28962 0.07011
0.40748 0.10714 0.16292
0.65575 0.29260 0.09216
0.45255 0.15742 0.17990
0.60925 0.20953 0.09770
0.28694 0.06124 0.25865
0.67302 0.27400 0.06943
0.30380 0.04039 0.18183
0.68461 0.30277 0.05810
0.30012 0.03842 0.15931
0.64486 0.22542 0.04952
0.27107 0.03857 0.22076
0.65489 0.19077 0.04718
0.13969 0.01375 0.23568
0.79470 0.29374 0.02879
0.32239 0.06135 0.25048
0.51825 0.25386 0.11126
0.48471 0.11342 0.18123
0.71351 0.58488 0.04951
0.16695 0.02963 0.68352
0.87353 0.82172 0.02214
0.24885 0.07066 0.59211
0.90099 0.81560 0.03465
0.12802 0.01502 0.71112
0.93723 0.81707 0.01567
0.18069 0.03747 0.71953
0.96385 0.76276 0.00438
0.06984 0.00558 0.64823
0.96272 0.81144 0.00317
0.32642 0.05953 0.51025
0.94717 0.72857 0.00779
0.22968 0.01752 0.56064
0.89512 0.59692 0.01457
0.10717 0.00436 0.54156
0.89853 0.52184 0.01126
0.43227 0.03818 0.24829
0.45860 0.36130 0.06850
0.14978 0.00755 0.76335
0.85177 0.64022 0.02190
0.33765 0.02697 0.44479
0.86181 0.60923 0.02448
0.27444 0.02699 0.59514
0.76180 0.59137 0.00427
0.19121 0.01556 0.62536
0.91786 0.61680 0.00384
0.34421 0.02256 0.39338
0.80599 0.47988 0.00561
0.49148 0.03383 0.19829
0.91008 0.61288 0.00231
0.18968 0.00777 0.68934
0.95433 0.70124 0.00123
0.27519 0.01261 0.41588
0.95523 0.57296 0.00073
0.39022 0.01770 0.21605
0.70988 0.03894 0.00210
0.51119 0.02889 0.04485
0.88609 0.09681 0.00065
0.17643 0.00769 0.05901
0.99566 0.04790 0.00008
0.00876 0.00007 0.01244
0.99950 0.11513 0.00003
0.00109 0.00005 0.06161
0.99977 0.15296 0.00002
0.00064 0.00006 0.13025
0.99980 0.24599 0.00003
0.00060 0.00007 0.21363
0.99977 0.22018 0.00002
0.00102 0.00012 0.19465
0.99962 0.16011 0.00003
0.00211 0.00013 0.05600
0.99927 0.06884 0.00004
0.00186 0.00009 0.04667
0.99833 0.17996 0.00006
0.43375 0.09964 0.18672
0.52078 0.17997 0.09927
0.49386 0.14594 0.18350
0.33580 0.12712 0.25542
0.68185 0.26917 0.09831
0.31930 0.12107 0.24315
0.61954 0.18495 0.10955
0.34455 0.13218 0.20316
0.61718 0.10723 0.09730
0.28012 0.07413 0.17144
0.68759 0.11573 0.06538
0.29161 0.04931 0.13339
0.61918 0.09365 0.08380
0.38086 0.08388 0.11630
0.58495 0.06954 0.09278
0.25557 0.02314 0.07368
0.79170 0.08689 0.03378
0.24909 0.01595 0.06086
0.79560 0.07490 0.02072
0.24917 0.01411 0.05533
0.79067 0.09561 0.01765
0.19109 0.00521 0.05654
0.88040 0.22826 0.00721
0.15498 0.00329 0.05637
0.87238 0.10881 0.00747
0.16551 0.00257 0.04894
0.86342 0.09182 0.00726
0.18523 0.00274 0.06750
0.84343 0.09989 0.00695
0.25441 0.00658 0.10197
0.87297 0.09991 0.00837
0.17772 0.00979 0.26941
0.74650 0.06935 0.02394
0.34912 0.03014 0.11518
0.41161 0.04211 0.11597
0.62051 0.07041 0.05978
0.42987 0.04245 0.06663
0.66762 0.07712 0.05311
0.41319 0.03614 0.07810
0.71804 0.09484 0.04469
0.30604 0.02652 0.08798
0.73310 0.06002 0.01298
0.35246 0.04755 0.11156
0.56787 0.03059 0.01917
0.08742 0.00718 0.07653
0.95095 0.00324 0.00008
0.06401 0.00011 0.00130
0.99340 0.00587 0.00003
0.01611 0.00006 0.00194
0.99696 0.00539 0.00002
0.01015 0.00006 0.00182
0.99819 0.00701 0.00002
0.00816 0.00006 0.00189
0.99812 0.00547 0.00002
0.00525 0.00005 0.00169
0.99456 0.00107 0.00003
0.00298 0.00004 0.00220
0.99661 0.00094 0.00003
0.61924 0.24815 0.10729
0.42663 0.13020 0.17146
0.52037 0.17948 0.15175
0.52358 0.19096 0.13548
0.53048 0.27837 0.17688
0.45366 0.17876 0.23318
0.43665 0.16855 0.25418
0.57375 0.26228 0.14869
0.46293 0.19827 0.19619
0.65188 0.24966 0.10245
0.54005 0.29448 0.14047
0.52161 0.19201 0.18077
0.45242 0.17008 0.19120
0.45828 0.12855 0.19934
0.31642 0.07055 0.22034
0.58379 0.15600 0.11161
0.38712 0.08341 0.15168
0.51045 0.07360 0.07257
0.21418 0.02730 0.18196
0.79052 0.16847 0.04737
0.17070 0.02308 0.08435
0.86067 0.29168 0.02560
0.04116 0.00559 0.17349
0.91556 0.44355 0.01077
0.09598 0.00410 0.14459
0.91446 0.28669 0.00795
0.06442 0.00217 0.14789
0.92060 0.30156 0.00587
0.05325 0.00120 0.15176
0.92186 0.23756 0.00089
0.19210 0.00729 0.13150
0.85553 0.13764 0.00220
0.11737 0.00546 0.17288
0.89872 0.15283 0.00190
0.02375 0.00071 0.31858
0.96378 0.33384 0.00009
0.00779 0.00017 0.34274
0.96188 0.53092 0.00011
0.01005 0.00016 0.35618
0.93351 0.47222 0.00021
0.06035 0.00053 0.42175
0.96575 0.60832 0.00007
0.00182 0.00002 0.61460
0.97743 0.68291 0.00003
0.00256 0.00002 0.50495
0.97940 0.68434 0.00002
0.00180 0.00001 0.58366
0.98921 0.73887 0.00001
0.04468 0.00015 0.49480
0.92632 0.46240 0.00006
0.06056 0.00028 0.43299
0.96338 0.44483 0.00004
0.04962 0.00010 0.31815
0.98372 0.64772 0.00003
0.02142 0.00010 0.54488
0.99896 0.02096 0.00004
0.00248 0.00005 0.00315
0.99854 0.00304 0.00002
0.00269 0.00004 0.00268
1.00000 0.00000 0.00000
0.51742 0.15955 0.11921
0.41391 0.12545 0.18800
0.59856 0.21920 0.10121
0.43724 0.14452 0.17215
0.65720 0.30783 0.08251
0.48724 0.20887 0.16411
0.65800 0.26404 0.11952
0.40145 0.10454 0.17988
0.58864 0.23961 0.11610
0.51301 0.14437 0.22445
0.53589 0.21422 0.10424
0.64517 0.14800 0.11583
0.42664 0.08978 0.11766
0.65617 0.22441 0.05274
0.31923 0.05841 0.23233
0.77745 0.28916 0.02866
0.39710 0.16064 0.32851
0.61824 0.25537 0.14027
0.54404 0.27576 0.13904
0.15208 0.04209 0.38582
0.89063 0.49248 0.03009
0.13286 0.03128 0.44526
0.70860 0.19098 0.08147
0.34412 0.07374 0.08243
0.65021 0.23509 0.10137
0.54290 0.15246 0.09778
0.44548 0.04780 0.13963
0.57895 0.12656 0.05454
0.31510 0.02233 0.12881
0.62574 0.08165 0.05193
0.29468 0.02902 0.11666
0.64770 0.10548 0.04575
0.71875 0.25737 0.03759
0.26399 0.02951 0.21566
0.78677 0.31915 0.02266
0.11950 0.00434 0.17685
0.68274 0.12308 0.01117
0.08832 0.00300 0.18828
0.89426 0.27103 0.00699
0.07446 0.00338 0.31718
0.89888 0.29309 0.00629
0.17391 0.01443 0.15416
0.89925 0.09985 0.00437
0.07026 0.00452 0.04231
0.98868 0.03314 0.00008
0.02620 0.00011 0.00490
0.99467 0.01326 0.00005
0.00460 0.00005 0.00415
0.99475 0.00288 0.00002
0.01780 0.00007 0.00120
0.99793 0.00639 0.00002
0.00505 0.00006 0.00263
0.99903 0.01403 0.00002
0.00311 0.00006 0.00647
0.99874 0.00761 0.00002
0.00289 0.00005 0.00268
0.99588 0.00125 0.00003
0.00378 0.00004 0.00181
0.99441 0.00056 0.00003
0.00585 0.00004 0.00136
1.00000 0.00000 0.00000
0.34285 0.10711 0.32026
0.61762 0.32994 0.09742
0.44437 0.16451 0.26660
0.58740 0.29328 0.14072
0.48632 0.22157 0.29609
0.53615 0.23270 0.15106
0.55845 0.23187 0.20801
0.59047 0.23442 0.22009
0.27877 0.15154 0.34024
0.62491 0.23556 0.19806
0.35304 0.16288 0.25850
0.55669 0.19226 0.25474
0.37536 0.20946 0.20035
0.56643 0.15307 0.22844
0.41480 0.14989 0.18725
0.60773 0.11592 0.16996
0.47833 0.23215 0.15387
0.65617 0.09648 0.13808
0.36898 0.11217 0.17110
0.68462 0.08182 0.13948
0.26319 0.08937 0.15329
0.79602 0.21478 0.06680
0.17660 0.04013 0.15825
0.82612 0.24128 0.04327
0.33164 0.05022 0.15916
0.73109 0.09173 0.04638
0.32171 0.05557 0.11994
0.58038 0.07783 0.06998
0.74449 0.05390 0.02204
0.26878 0.02116 0.06757
0.74440 0.04345 0.02135
0.31003 0.02415 0.06238
0.73530 0.02612 0.01527
0.48589 0.05067 0.02910
0.21309 0.01051 0.05373
0.72066 0.12990 0.03328
0.21204 0.01281 0.04696
0.66887 0.09281 0.01794
0.20526 0.00612 0.04457
0.85153 0.12267 0.01081
0.19523 0.00589 0.05842
0.14768 0.00011 0.00060
0.85516 0.00058 0.00007
0.21087 0.00013 0.00044
0.78214 0.00028 0.00009
0.28952 0.00013 0.00029
0.79804 0.00028 0.00008
0.05427 0.00006 0.00064
0.96279 0.00024 0.00003
0.03144 0.00005 0.00068
0.97001 0.00023 0.00003
0.02705 0.00005 0.00068
0.97362 0.00024 0.00003
0.01492 0.00004 0.00077
0.98187 0.00021 0.00003
0.01231 0.00004 0.00085
0.41193 0.12364 0.16563
0.59429 0.20615 0.14772
0.46523 0.18701 0.14037
0.54982 0.16250 0.19466
0.31779 0.08919 0.24417
0.54698 0.13730 0.15448
0.34511 0.10586 0.21672
0.70992 0.14938 0.08542
0.23544 0.05693 0.22383
0.67006 0.15685 0.09041
0.21536 0.03592 0.23580
0.64270 0.05230 0.09358
0.47095 0.09596 0.05050
0.44228 0.05650 0.18500
0.43403 0.12198 0.04511
0.64795 0.04804 0.06232
0.31939 0.01869 0.03117
0.70209 0.06931 0.02907
0.26200 0.01598 0.03712
0.76001 0.06217 0.01568
0.26866 0.00666 0.02165
0.75462 0.04125 0.00777
0.27917 0.00624 0.02262
0.74233 0.02237 0.00690
0.36624 0.01556 0.02195
0.78408 0.03330 0.00311
0.07219 0.00036 0.02846
0.91123 0.04856 0.00007
0.02807 0.00009 0.02510
0.99571 0.01112 0.00003
0.00628 0.00005 0.00433
0.99584 0.00360 0.00002
0.00689 0.00005 0.00180
0.99869 0.00963 0.00002
0.00490 0.00005 0.00245
0.99021 0.00076 0.00003
0.00861 0.00005 0.00103
0.99058 0.00070 0.00003
0.00832 0.00004 0.00111
0.98325 0.00035 0.00003
0.01062 0.00004 0.00092
0.98280 0.00022 0.00003
0.01437 0.00004 0.00081
0.98299 0.00020 0.00003
0.01322 0.00004 0.00080
1.00000 0.00000 0.00000
0.55533 0.20929 0.11629
0.55167 0.25841 0.13105
0.54406 0.24182 0.13724
0.49056 0.23228 0.20228
0.60649 0.28452 0.10420
0.64173 0.44470 0.09292
0.54526 0.28094 0.20928
0.26367 0.10127 0.42212
0.85566 0.66685 0.04072
0.15045 0.05044 0.64870
0.80788 0.60867 0.05960
0.34370 0.15822 0.37260
0.49516 0.22960 0.18683
0.33813 0.15799 0.32254
0.92568 0.79863 0.02224
0.25918 0.03669 0.29778
0.90078 0.67294 0.01116
0.31462 0.02009 0.24907
0.84036 0.46990 0.01128
0.39863 0.02341 0.13853
0.78139 0.33235 0.00961
0.35995 0.01655 0.13846
0.73511 0.18988 0.01225
0.48324 0.03836 0.05593
0.66185 0.16354 0.01887
0.21233 0.01296 0.15218
0.70465 0.11917 0.01777
0.15888 0.00526 0.14715
0.90377 0.24200 0.01457
0.13214 0.00458 0.18890
0.90813 0.26466 0.01341
0.04925 0.00222 0.32267
0.94793 0.17455 0.00543
0.00151 0.00011 0.25135
0.99941 0.02726 0.00002
0.00341 0.00004 0.00593
0.98302 0.00104 0.00003
0.00534 0.00004 0.00152
0.99408 0.00120 0.00002
0.00813 0.00004 0.00122
0.98781 0.00048 0.00003
0.01082 0.00004 0.00096
0.98616 0.00027 0.00003
0.01193 0.00004 0.00090
0.53054 0.19027 0.11580
0.49902 0.13542 0.12997
0.45968 0.12821 0.13280
0.38528 0.10997 0.18411
0.56719 0.17574 0.10575
0.39705 0.09788 0.13750
0.58418 0.16120 0.08550
0.29218 0.04784 0.16074
0.69529 0.22997 0.04414
0.29619 0.04725 0.15964
0.64096 0.13254 0.04725
0.29411 0.04403 0.15078
0.49552 0.08141 0.06929
0.41246 0.05870 0.12126
0.50816 0.06800 0.06607
0.52210 0.10634 0.07566
0.56668 0.12443 0.07494
0.39082 0.05022 0.12222
0.57672 0.08302 0.07210
0.33492 0.01622 0.05662
0.75858 0.08898 0.01165
0.40511 0.02750 0.06160
0.49602 0.06970 0.06998
0.68621 0.08104 0.03898
0.42445 0.05671 0.06054
0.70310 0.06999 0.03627
0.37567 0.02992 0.05946
0.61787 0.01440 0.02011
0.41368 0.01289 0.00770
0.77290 0.01497 0.00880
0.14988 0.00821 0.02375
0.89359 0.05585 0.00563
0.15607 0.00749 0.01783
0.90977 0.06085 0.00464
0.03665 0.00187 0.01968
0.99376 0.00334 0.00002
0.01023 0.00004 0.00267
0.99129 0.00161 0.00002
0.01084 0.00004 0.00176
0.98473 0.00066 0.00002
0.01550 0.00004 0.00109
0.98556 0.00062 0.00002
0.01577 0.00004 0.00110
0.98270 0.00046 0.00002
0.00729 0.00004 0.00124
0.99340 0.00088 0.00003
0.00328 0.00004 0.00204
1.00000 0.00000 0.00000
0.44756 0.12475 0.18385
0.48366 0.16453 0.12905
0.48982 0.13458 0.15210
0.40294 0.12327 0.16756
0.64599 0.26311 0.11485
0.39842 0.14435 0.16319
0.49725 0.15596 0.17193
0.44930 0.15946 0.15809
0.58215 0.20029 0.15599
0.53911 0.31645 0.20253
0.59341 0.35205 0.23033
0.44607 0.18977 0.26533
0.56476 0.27034 0.16575
0.42725 0.18706 0.21411
0.37405 0.12061 0.29491
0.36676 0.15581 0.33811
0.39885 0.13715 0.21207
0.43840 0.16829 0.32910
0.41176 0.12981 0.26056
0.69302 0.30186 0.10708
0.45480 0.08892 0.26794
0.66671 0.33022 0.08330
0.71994 0.32046 0.11304
0.05339 0.01974 0.81753
0.85628 0.57375 0.03828
0.16246 0.05220 0.67882
0.87056 0.59546 0.03037
0.14507 0.03577 0.67596
0.69875 0.39305 0.03994
0.07450 0.00852 0.60847
0.86526 0.51422 0.01088
0.15232 0.01257 0.35236
0.86977 0.50044 0.00552
0.22781 0.02787 0.36798
0.88224 0.44821 0.00246
0.10072 0.00331 0.28824
0.89676 0.46419 0.00016
0.02273 0.00025 0.28886
0.98238 0.78125 0.00003
0.06695 0.00043 0.45148
0.96789 0.59102 0.00009
0.04440 0.00017 0.39811
0.97943 0.53056 0.00006
0.05315 0.00018 0.36182
0.92394 0.57693 0.00015
0.18720 0.00080 0.34733
0.79069 0.15762 0.00005
0.10182 0.00020 0.19718
0.94330 0.21240 0.00003
0.08211 0.00018 0.14498
0.92141 0.30110 0.00008
0.08463 0.00018 0.11906
0.95251 0.14603 0.00005
0.03108 0.00009 0.13216
0.98986 0.62682 0.00002
0.00987 0.00002 0.23324
0.98526 0.45345 0.00003
0.01524 0.00002 0.19911
0.99974 0.14295 0.00002
0.00095 0.00008 0.12618
0.99973 0.30240 0.00003
0.00060 0.00015 0.62826
0.99972 0.78908 0.00005
0.00110 0.00022 0.42083
0.99934 0.53286 0.00008
0.00145 0.00010 0.37209
1.00000 1.00000 0.00000
0.53333 0.19407 0.11714
0.43304 0.16538 0.22156
0.69505 0.38756 0.08772
0.34624 0.10412 0.29876
0.71247 0.45759 0.08397
0.32549 0.11644 0.28416
0.69082 0.39382 0.07814
0.32047 0.11392 0.23251
0.62355 0.24798 0.09551
0.39730 0.13544 0.15885
0.60160 0.27084 0.13024
0.47723 0.20744 0.15968
0.42517 0.12206 0.21008
0.54281 0.24373 0.12788
0.39533 0.08423 0.21558
0.64345 0.37294 0.07209
0.32771 0.04353 0.23958
0.65245 0.39116 0.06991
0.39214 0.05186 0.19983
0.69015 0.37215 0.05654
0.36108 0.04857 0.20792
0.70156 0.31699 0.04102
0.36167 0.04085 0.14510
0.63607 0.18260 0.02828
0.36866 0.02964 0.08805
0.64620 0.13403 0.03976
0.30033 0.04498 0.15232
0.47917 0.02823 0.04384
0.50037 0.07691 0.03739
0.52446 0.02190 0.03335
0.55100 0.06812 0.02691
0.47629 0.02760 0.04521
0.51549 0.06249 0.02918
0.88338 0.00322 0.00087
0.34309 0.02650 0.06728
0.73371 0.03479 0.01247
0.50342 0.04961 0.01161
0.89946 0.00548 0.00129
0.00305 0.00004 0.00427
0.99863 0.00956 0.00001
0.00861 0.00005 0.00151
0.98302 0.00058 0.00003
0.01509 0.00006 0.00071
0.98474 0.00052 0.00003
0.01244 0.00005 0.00077
0.98558 0.00046 0.00003
0.01005 0.00004 0.00090
0.98713 0.00043 0.00003
0.00703 0.00004 0.00117
0.99096 0.00037 0.00003
0.00600 0.00004 0.00133
1.00000 0.00000 0.00000
0.58673 0.20929 0.09855
0.37013 0.08465 0.17513
0.61152 0.20091 0.08395
0.34879 0.08432 0.19513
0.65042 0.21384 0.06226
0.34350 0.05163 0.25077
0.69460 0.29539 0.04067
0.33573 0.04529 0.25297
0.71831 0.23453 0.02902
0.42262 0.03558 0.20702
0.63805 0.16596 0.03063
0.40992 0.04723 0.15724
0.60499 0.11273 0.04995
0.53530 0.05072 0.09703
0.48961 0.08717 0.05347
0.54473 0.05574 0.12806
0.60688 0.11771 0.04472
0.43049 0.03480 0.12181
0.54686 0.07059 0.04761
0.22264 0.01298 0.08625
0.74224 0.08754 0.02338
0.23086 0.01513 0.06449
0.75919 0.06325 0.01655
0.15975 0.00573 0.03416
0.74698 0.06341 0.01547
0.16705 0.00975 0.02096
0.69330 0.03526 0.01372
0.19821 0.01751 0.03357
0.67552 0.03003 0.01639
0.45040 0.08550 0.02970
0.08999 0.00384 0.03525
0.83555 0.15702 0.01034
0.10140 0.00223 0.05414
0.84684 0.13436 0.00705
0.09002 0.00176 0.05558
0.85465 0.11687 0.00584
0.05559 0.00076 0.04841
0.85155 0.10635 0.00347
0.20761 0.01159 0.04790
0.79937 0.09017 0.00520
0.05155 0.00012 0.04204
0.83557 0.07033 0.00032
0.01405 0.00002 0.06374
0.89438 0.08093 0.00013
0.00912 0.00002 0.06097
0.98409 0.00260 0.00003
0.03754 0.00007 0.00129
0.98299 0.00137 0.00003
0.01127 0.00005 0.00135
0.99193 0.00118 0.00002
0.00492 0.00004 0.00163
0.99387 0.00090 0.00003
0.00547 0.00004 0.00139
0.99536 0.00072 0.00003
0.41737 0.12028 0.19373
0.58199 0.20348 0.10904
0.40562 0.11831 0.17717
0.57872 0.21401 0.11463
0.41817 0.14089 0.16365
0.58614 0.20436 0.10753
0.36641 0.13320 0.20953
0.69258 0.34228 0.09188
0.38780 0.12499 0.23885
0.61381 0.15655 0.10092
0.47997 0.14595 0.13289
0.37004 0.07920 0.16988
0.34145 0.10703 0.25664
0.45503 0.14158 0.23965
0.50385 0.14533 0.17754
0.35375 0.07588 0.21058
0.57333 0.22019 0.10618
0.29319 0.03272 0.14078
0.32090 0.08467 0.20031
0.57635 0.08481 0.09281
0.40842 0.07437 0.16371
0.50718 0.05803 0.08602
0.33425 0.05961 0.17071
0.42426 0.04011 0.10211
0.56331 0.09980 0.10923
0.33628 0.03561 0.15247
0.65357 0.06718 0.08935
0.41824 0.04909 0.08385
0.74118 0.16510 0.03089
0.24956 0.02893 0.15773
0.80847 0.05562 0.01583
0.12966 0.00460 0.10080
0.90483 0.06696 0.00669
0.07385 0.00440 0.10121
0.88372 0.05218 0.00783
0.18968 0.01457 0.06949
0.97740 0.03049 0.00079
0.01092 0.00005 0.01035
0.99729 0.05673 0.00007
0.00091 0.00004 0.03953
0.99986 0.14339 0.00002
0.00067 0.00004 0.06232
0.99979 0.09307 0.00002
0.00076 0.00005 0.08043
0.99963 0.05796 0.00002
0.00174 0.00007 0.02554
0.99900 0.01489 0.00002
0.00249 0.00005 0.00420
0.99781 0.00279 0.00002
0.00328 0.00004 0.00212
0.99765 0.00157 0.00002
0.00324 0.00004 0.00203
1.00000 0.00000 0.00000
0.51497 0.16581 0.11984
0.61993 0.28255 0.09900
0.51590 0.19898 0.14787
0.59419 0.29530 0.11137
0.53131 0.23528 0.15949
0.50075 0.22472 0.17756
0.63236 0.36448 0.09746
0.44385 0.17764 0.19674
0.58059 0.19839 0.09337
0.51837 0.18336 0.12332
0.60301 0.19121 0.08225
0.48111 0.13631 0.11483
0.70897 0.29359 0.06238
0.29002 0.07269 0.24767
0.80741 0.42499 0.02676
0.19045 0.03687 0.38967
0.87341 0.56526 0.01065
0.15017 0.01896 0.38340
0.89784 0.61041 0.00630
0.10727 0.01013 0.40451
0.75314 0.43816 0.02888
0.26799 0.05069 0.27545
0.73348 0.31918 0.03410
0.39951 0.13367 0.21378
0.64698 0.40202 0.07347
0.15244 0.00792 0.51994
0.88317 0.64475 0.01758
0.17577 0.01852 0.53386
0.85263 0.74008 0.02259
0.40869 0.06821 0.43597
0.52890 0.42904 0.15166
0.62371 0.10359 0.31135
0.74500 0.63858 0.05143
0.25728 0.04269 0.66774
0.76471 0.55521 0.05330
0.56527 0.09900 0.29857
0.66454 0.59454 0.06446
0.82140 0.18353 0.14683
0.68981 0.55054 0.04850
0.68329 0.10095 0.26359
0.82552 0.72168 0.04354
0.70564 0.12624 0.20160
0.82447 0.66559 0.01814
0.59820 0.07708 0.28439
0.75752 0.48328 0.01817
0.50647 0.04683 0.34680
0.86500 0.50584 0.02457
0.44060 0.05292 0.29952
0.90458 0.45929 0.01421
0.45444 0.04607 0.31698
0.77067 0.25095 0.03930
0.39614 0.04488 0.33328
0.79348 0.27625 0.04646
0.36124 0.04371 0.27671
0.96997 0.60755 0.00196
0.04871 0.00109 0.63293
0.98521 0.73185 0.00003
0.00022 0.00006 0.69924
0.99997 0.93359 0.00001
0.00004 0.00003 0.93184
0.99998 0.98294 0.00001
0.00003 0.00002 0.95775
0.99998 0.98549 0.00001
0.00001 0.00001 0.99774
0.99997 0.98321 0.00001
0.51979 0.19806 0.11942
0.39740 0.10455 0.26355
0.67907 0.40243 0.07638
0.42173 0.13407 0.28946
0.64481 0.35858 0.08642
0.38372 0.08082 0.29757
0.56571 0.28725 0.08383
0.49262 0.11387 0.25350
0.47843 0.16401 0.08600
0.63790 0.09700 0.15690
0.48107 0.12389 0.07087
0.51959 0.08870 0.17761
0.43096 0.08493 0.08250
0.45918 0.07384 0.17785
0.37433 0.05801 0.06270
0.70770 0.16217 0.07780
0.39512 0.03084 0.07686
0.74773 0.23217 0.04936
0.42305 0.02698 0.07604
0.64197 0.09944 0.03638
0.46908 0.03026 0.04852
0.69336 0.10110 0.03271
0.17035 0.00757 0.11757
0.81569 0.18239 0.02568
0.13657 0.00401 0.10270
0.75090 0.04841 0.00600
0.24391 0.01484 0.05101
0.57478 0.00077 0.00106
0.23051 0.00017 0.00035
0.71730 0.00044 0.00012
0.34226 0.00019 0.00024
0.62603 0.00024 0.00013
0.42715 0.00018 0.00018
0.65041 0.00023 0.00013
0.30609 0.00013 0.00029
0.31731 0.00010 0.00033
0.67304 0.00017 0.00014
0.30757 0.00010 0.00035
0.28885 0.00010 0.00036
0.71701 0.00014 0.00014
0.41858 0.09866 0.18691
0.55757 0.18943 0.08856
0.44999 0.11777 0.16896
0.44894 0.09439 0.11733
0.54158 0.14542 0.12208
0.45982 0.10674 0.11578
0.54080 0.16692 0.12736
0.48379 0.14495 0.14816
0.68862 0.30074 0.07938
0.44134 0.07373 0.12407
0.50862 0.10490 0.13843
0.53136 0.13930 0.10187
0.63744 0.10557 0.06918
0.40076 0.07322 0.08260
0.83141 0.17149 0.01479
0.32526 0.04372 0.11507
0.83517 0.15656 0.01811
0.21960 0.01367 0.12256
0.88009 0.29096 0.01334
0.05749 0.00222 0.35673
0.91193 0.22709 0.01147
0.10337 0.00438 0.20496
0.83811 0.16007 0.01437
0.08857 0.00299 0.20273
0.91345 0.15936 0.00523
0.15710 0.00373 0.16331
0.95998 0.06295 0.00159
0.06256 0.00013 0.00121
0.98782 0.01387 0.00009
0.02382 0.00007 0.00464
0.98917 0.01193 0.00006
0.02503 0.00007 0.00352
0.99638 0.01963 0.00004
0.00653 0.00005 0.00587
0.99918 0.02961 0.00002
0.00091 0.00007 0.08176
0.99969 0.05163 0.00002
0.00185 0.00009 0.03423
0.99904 0.01379 0.00003
0.00233 0.00005 0.00296
0.99848 0.00268 0.00002
0.00288 0.00004 0.00225
1.00000 0.00000 0.00000
0.49791 0.18436 0.16094
0.53253 0.22467 0.12965
0.47987 0.14515 0.14725
0.60237 0.26928 0.11190
0.48731 0.19037 0.17078
0.43136 0.15245 0.22898
0.54679 0.27427 0.13832
0.59577 0.29033 0.16072
0.50180 0.23746 0.15874
0.46923 0.12776 0.19805
0.53996 0.27517 0.14449
0.59461 0.20936 0.14905
0.48685 0.17667 0.10122
0.64052 0.27547 0.11461
0.47352 0.18420 0.09322
0.40902 0.06040 0.21339
0.64386 0.33299 0.07772
0.55469 0.23904 0.19946
0.26349 0.04150 0.21673
0.62362 0.20714 0.12130
0.22710 0.03089 0.18352
0.68356 0.24562 0.09916
0.26139 0.03875 0.15749
0.81276 0.47849 0.05307
0.13711 0.00844 0.23459
0.87821 0.18921 0.00424
0.22758 0.00918 0.07453
0.82114 0.03397 0.00313
0.20500 0.01023 0.07842
0.93585 0.01397 0.00139
0.05652 0.00015 0.00537
0.97309 0.00933 0.00012
0.05530 0.00013 0.00338
0.92825 0.00165 0.00007
0.01267 0.00005 0.00164
0.99409 0.00277 0.00002
0.01109 0.00005 0.00123
0.99476 0.00243 0.00002
0.00430 0.00005 0.00203
0.99827 0.00522 0.00002
0.00310 0.00005 0.00415
0.99777 0.00311 0.00002
0.00259 0.00004 0.00284
0.99958 0.00102 0.00001
0.52744 0.21763 0.14415
0.49753 0.19049 0.17507
0.45766 0.18643 0.18543
0.49960 0.15471 0.19298
0.46711 0.17839 0.18478
0.53771 0.18077 0.18094
0.33856 0.11807 0.24518
0.51474 0.14140 0.22766
0.41964 0.15657 0.19834
0.52868 0.16237 0.20863
0.39643 0.11476 0.20884
0.45786 0.09193 0.19657
0.35442 0.07027 0.20578
0.63262 0.09490 0.09188
0.39930 0.14457 0.14621
0.67415 0.11687 0.08992
0.25823 0.03139 0.17408
0.64828 0.22143 0.07817
0.22361 0.01564 0.20762
0.69867 0.30135 0.05973
0.19715 0.02602 0.30037
0.82662 0.43708 0.04878
0.04896 0.00665 0.59850
0.94893 0.78004 0.02177
0.05410 0.00515 0.49639
0.88830 0.64836 0.03196
0.07124 0.01004 0.51888
0.93870 0.64156 0.01464
0.08102 0.00437 0.36172
0.84162 0.60469 0.03383
0.09210 0.00950 0.33281
0.84516 0.47762 0.03205
0.01669 0.00101 0.64814
0.93857 0.62745 0.01426
0.01180 0.00059 0.67394
0.94714 0.67855 0.01139
0.00352 0.00007 0.82152
0.99968 0.49389 0.00006
0.00223 0.00011 0.38231
0.99987 0.48158 0.00003
0.00129 0.00011 0.32032
0.99993 0.55959 0.00002
0.00033 0.00007 0.56206
0.99996 0.67503 0.00002
0.00036 0.00008 0.53868
0.99971 0.16076 0.00002
0.00095 0.00008 0.15250
0.99973 0.23825 0.00003
0.00049 0.00015 0.81015
0.99903 0.37853 0.00009
0.00175 0.00009 0.20481
0.54151 0.22234 0.12497
0.55120 0.21848 0.12464
0.42905 0.11934 0.17162
0.53760 0.22852 0.12632
0.50095 0.16810 0.16028
0.41926 0.12842 0.16452
0.54370 0.14757 0.14929
0.33065 0.08659 0.21719
0.57199 0.18239 0.13743
0.25608 0.05690 0.28356
0.69385 0.22044 0.08408
0.32973 0.06180 0.18408
0.55877 0.10925 0.10157
0.44084 0.07229 0.11889
0.46182 0.07816 0.07817
0.42168 0.03438 0.12237
0.52956 0.12432 0.06753
0.32459 0.05287 0.16017
0.74633 0.07413 0.03424
0.24670 0.01418 0.07978
0.47256 0.01559 0.01286
0.69868 0.01760 0.01147
0.19949 0.00563 0.03819
0.78418 0.03661 0.00809
0.16362 0.00258 0.01516
0.91081 0.00139 0.00007
0.01497 0.00005 0.00275
0.80269 0.00028 0.00008
0.24829 0.00010 0.00036
0.75192 0.00022 0.00010
0.26629 0.00011 0.00033
0.71924 0.00017 0.00011
0.20151 0.00009 0.00040
0.77725 0.00016 0.00011
0.04076 0.00005 0.00061
0.94652 0.00016 0.00005
0.04745 0.00005 0.00062
0.77146 0.00012 0.00011
0.45079 0.15018 0.17124
0.61398 0.28627 0.11344
0.48509 0.16850 0.15394
0.50948 0.16363 0.15125
0.42543 0.12699 0.18821
0.51706 0.18364 0.15718
0.48780 0.15039 0.18243
0.63952 0.30704 0.10147
0.47495 0.19763 0.20774
0.39901 0.13822 0.30527
0.51607 0.19590 0.15279
0.46841 0.12390 0.16946
0.38408 0.10448 0.17063
0.56955 0.21010 0.11509
0.31434 0.07117 0.24294
0.48767 0.12924 0.15620
0.42695 0.09380 0.16584
0.32938 0.04261 0.16050
0.75523 0.26481 0.03599
0.27106 0.02259 0.13050
0.89385 0.35490 0.00556
0.01362 0.00065 0.58154
0.98352 0.72055 0.00279
0.01101 0.00044 0.59226
0.98437 0.74034 0.00200
0.01555 0.00133 0.56795
0.96760 0.58784 0.00208
0.10462 0.01989 0.27973
0.76270 0.29630 0.02584
0.22779 0.02502 0.16313
0.81338 0.21650 0.01132
0.23114 0.02091 0.18544
0.89341 0.39761 0.01269
0.09537 0.00922 0.31211
0.90408 0.25908 0.00500
0.08088 0.00609 0.21327
0.76325 0.16745 0.02808
0.02158 0.00129 0.20497
0.91222 0.05569 0.00192
0.03388 0.00016 0.00780
0.99738 0.03373 0.00005
0.00700 0.00006 0.01028
0.99845 0.02192 0.00002
0.00191 0.00004 0.00860
0.99915 0.01631 0.00002
0.00300 0.00005 0.00457
0.99357 0.00133 0.00003
0.00676 0.00005 0.00121
0.99684 0.00247 0.00003
0.00425 0.00004 0.00167
0.00449 0.00004 0.00164
0.99512 0.00063 0.00003
0.00642 0.00004 0.00128
0.50467 0.15410 0.12237
0.41883 0.12158 0.18078
0.45878 0.16511 0.16150
0.50924 0.14955 0.16887
0.40746 0.12575 0.15223
0.52273 0.13295 0.14923
0.38111 0.08946 0.22903
0.58072 0.22091 0.10942
0.41412 0.13439 0.21802
0.46640 0.09612 0.17715
0.56934 0.25452 0.11888
0.43992 0.10089 0.21713
0.58337 0.32991 0.11185
0.36001 0.10696 0.37830
0.47657 0.22313 0.18528
0.34680 0.06594 0.16065
0.70843 0.27338 0.09465
0.40744 0.04517 0.09999
0.56695 0.14194 0.12828
0.54041 0.09734 0.12173
0.59452 0.25380 0.08771
0.53527 0.11978 0.11426
0.41122 0.03846 0.08086
0.57249 0.07706 0.07719
0.43073 0.07050 0.06263
0.49220 0.06389 0.16152
0.39134 0.03805 0.06410
0.68232 0.11440 0.04905
0.32178 0.01310 0.08184
0.71408 0.09166 0.03057
0.12637 0.00452 0.23740
0.86119 0.15322 0.01644
0.09219 0.00198 0.17036
0.99222 0.03780 0.00020
0.02479 0.00009 0.01299
0.99382 0.03022 0.00008
0.01667 0.00007 0.01200
0.99392 0.02372 0.00006
0.00074 0.00005 0.11034
0.99980 0.11748 0.00002
0.00080 0.00005 0.06629
0.99979 0.14368 0.00002
0.00101 0.00009 0.13603
0.99966 0.06220 0.00002
0.00224 0.00009 0.03107
0.99935 0.03783 0.00003
0.00224 0.00005 0.00356
0.99897 0.15062 0.00003
0.00210 0.00005 0.00391
1.00000 0.00000 0.00000
0.48395 0.16454 0.15349
0.45226 0.15310 0.16390
0.62690 0.27025 0.16415
0.53765 0.27502 0.11358
0.60144 0.25587 0.16397
0.53835 0.29179 0.11634
0.46443 0.13386 0.27549
0.53108 0.25771 0.11512
0.47120 0.16027 0.30371
0.62429 0.35823 0.07687
0.34644 0.07306 0.45508
0.71073 0.46475 0.04693
0.33784 0.05060 0.50929
0.75468 0.52754 0.02861
0.64317 0.06159 0.26719
0.64506 0.32947 0.04704
0.55995 0.07610 0.22493
0.62065 0.34597 0.04995
0.27014 0.02470 0.59114
0.67609 0.53747 0.02876
0.37988 0.02883 0.48012
0.73687 0.56014 0.02072
0.23634 0.01076 0.64680
0.91800 0.61429 0.00702
0.12395 0.00756 0.58636
0.74199 0.43519 0.02447
0.38373 0.02945 0.33136
0.64706 0.36772 0.03168
0.37235 0.02554 0.38987
0.74848 0.41395 0.03133
0.32137 0.02302 0.33892
0.90424 0.54791 0.00375
0.16503 0.00935 0.37426
0.85705 0.44533 0.00764
0.48607 0.07059 0.17464
0.28342 0.10974 0.10183
0.74737 0.18606 0.09439
0.12533 0.05442 0.21926
0.85492 0.29229 0.04603
0.20350 0.05910 0.14040
0.78265 0.22502 0.08482
0.11557 0.02404 0.25448
0.71549 0.10885 0.10572
0.27776 0.03165 0.12074
0.77291 0.12977 0.05166
0.20136 0.05073 0.12387
0.87672 0.35960 0.02477
0.09260 0.00869 0.21662
0.81907 0.11057 0.02457
0.22051 0.01217 0.12691
0.83901 0.17955 0.01742
0.43250 0.00897 0.07237
0.69497 0.06737 0.00960
0.54620 0.00868 0.04502
0.71267 0.06966 0.00615
0.49585 0.00919 0.05564
0.74456 0.08919 0.01656
0.18764 0.00385 0.12135
0.79846 0.08806 0.01149
0.15720 0.00256 0.15180
0.88501 0.14156 0.00980
0.33794 0.01681 0.08139
0.85150 0.10536 0.01134
0.07398 0.00121 0.20152
0.87462 0.11577 0.00271
0.30768 0.01304 0.12745
0.39653 0.02458 0.03068
0.53467 0.01531 0.02233
0.38293 0.00332 0.01073
0.48574 0.00034 0.00016
0.53844 0.00038 0.00016
0.44765 0.00022 0.00021
0.62874 0.00029 0.00012
0.43591 0.00021 0.00021
0.59825 0.00028 0.00013
0.11445 0.00009 0.00058
0.90798 0.00034 0.00006
0.09653 0.00007 0.00059
0.92118 0.00023 0.00006
0.07579 0.00006 0.00064
0.71720 0.00015 0.00013
0.27989 0.00009 0.00037
0.75327 0.00012 0.00012
0.47956 0.18032 0.17063
0.54484 0.22429 0.12144
0.38694 0.11298 0.21690
0.33621 0.07053 0.27638
0.61642 0.25944 0.08636
0.49655 0.21244 0.19742
0.42356 0.20046 0.26964
0.25104 0.07062 0.32879
0.65159 0.35413 0.10940
0.33340 0.10541 0.30716
0.63533 0.27946 0.10028
0.32596 0.07983 0.26661
0.57991 0.19095 0.13553
0.62525 0.26933 0.10790
0.51139 0.08332 0.11340
0.47184 0.08973 0.06638
0.72984 0.17587 0.04434
0.59651 0.15140 0.02882
0.56766 0.02889 0.14122
0.61202 0.31078 0.10131
0.22335 0.03665 0.37034
0.83580 0.63891 0.03716
0.02726 0.00113 0.64507
0.92550 0.67165 0.01279
0.07408 0.00081 0.64156
0.84210 0.68333 0.00132
0.00394 0.00004 0.81632
0.88240 0.75695 0.00050
0.07913 0.00046 0.68065
0.90502 0.80128 0.00023
0.00174 0.00001 0.87858
0.99071 0.88954 0.00002
0.00111 0.00001 0.75719
0.98207 0.88841 0.00002
0.04477 0.00008 0.66556
0.91530 0.70552 0.00006
0.14628 0.00059 0.45968
0.90230 0.65312 0.00006
0.26516 0.00099 0.22956
0.85159 0.52667 0.00009
0.29759 0.00130 0.13981
0.85584 0.21413 0.00007
0.31626 0.00162 0.09155
0.88982 0.41807 0.00006
0.22315 0.00093 0.09630
0.92509 0.16596 0.00003
0.15866 0.00052 0.07985
0.92998 0.11710 0.00002
0.15350 0.00024 0.08651
0.87649 0.10262 0.00005
0.17009 0.00026 0.04778
0.97052 0.04922 0.00001
0.12944 0.00024 0.03297
0.94082 0.05715 0.00004
0.05984 0.00030 0.00026
0.95300 0.00039 0.00005
0.05000 0.00019 0.00026
0.93748 0.00026 0.00005
0.03213 0.00006 0.00055
0.97562 0.00034 0.00003
0.03316 0.00005 0.00075
0.98212 0.00038 0.00003
0.00775 0.00004 0.00115
0.97893 0.00018 0.00003
0.58112 0.24073 0.09902
0.45723 0.13141 0.15829
0.48583 0.14683 0.13824
0.53904 0.15866 0.11571
0.51203 0.14031 0.12263
0.42238 0.10057 0.15184
0.53709 0.14703 0.10269
0.46704 0.14550 0.15402
0.45711 0.12040 0.12585
0.47420 0.12095 0.16637
0.41680 0.09973 0.13558
0.49986 0.11923 0.12823
0.32530 0.02661 0.07265
0.66259 0.22316 0.05851
0.38672 0.04514 0.08702
0.59192 0.08975 0.06591
0.29946 0.04741 0.12393
0.69817 0.18568 0.06770
0.16624 0.00972 0.19323
0.83853 0.28687 0.02168
0.12996 0.00593 0.18401
0.79476 0.25939 0.02411
0.20450 0.00888 0.09787
0.79067 0.20532 0.01865
0.07807 0.00442 0.20065
0.78882 0.04403 0.01199
0.20614 0.01319 0.06865
0.87987 0.05046 0.00310
0.14128 0.00661 0.12575
0.88834 0.03341 0.00355
0.05495 0.00184 0.09711
0.99417 0.01803 0.00006
0.01346 0.00007 0.00650
0.99886 0.02604 0.00002
0.00101 0.00005 0.04218
0.99972 0.07820 0.00002
0.00124 0.00007 0.04746
0.99970 0.10059 0.00002
0.00119 0.00020 0.36526
0.99968 0.78098 0.00005
0.48475 0.16054 0.15736
0.48590 0.14580 0.14660
0.63586 0.28830 0.09515
0.38904 0.10422 0.21909
0.57953 0.21540 0.12806
0.63573 0.36737 0.12247
0.57148 0.19891 0.16273
0.51836 0.25058 0.16937
0.57617 0.15118 0.10935
0.39772 0.12322 0.20112
0.61812 0.18576 0.10072
0.28864 0.05626 0.16536
0.76480 0.13153 0.03151
0.32076 0.06414 0.15525
0.82352 0.11099 0.01733
0.17362 0.00782 0.10171
0.87529 0.08658 0.01218
0.18098 0.00586 0.06303
0.86056 0.06845 0.00821
0.20241 0.00490 0.06732
0.84691 0.06194 0.00786
0.15299 0.00248 0.06333
0.82990 0.06118 0.00177
0.08073 0.00077 0.08414
0.90267 0.03771 0.00043
0.03093 0.00013 0.04810
0.99507 0.01723 0.00004
0.02264 0.00006 0.00366
0.99321 0.01085 0.00004
0.00829 0.00005 0.00358
0.99860 0.01387 0.00002
0.00471 0.00005 0.00431
0.98123 0.00053 0.00003
0.03442 0.00006 0.00075
0.98021 0.00044 0.00003
0.01662 0.00005 0.00083
0.98011 0.00034 0.00003
0.00879 0.00004 0.00106
0.98876 0.00029 0.00003
0.01095 0.00004 0.00090
1.00000 0.00000 0.00000
0.48384 0.15912 0.17759
0.63114 0.35513 0.10184
0.53961 0.20570 0.16059
0.50208 0.22304 0.14366
0.42328 0.12922 0.20172
0.58701 0.22819 0.11021
0.48387 0.16621 0.13039
0.52212 0.16729 0.12969
0.57227 0.21621 0.14535
0.38373 0.09072 0.18573
0.48376 0.09400 0.18884
0.55123 0.17456 0.06347
0.51569 0.12512 0.16190
0.57115 0.12378 0.07373
0.35515 0.02172 0.10998
0.63425 0.13382 0.05866
0.27538 0.00925 0.09758
0.76103 0.07979 0.01193
0.26796 0.00686 0.05349
0.85596 0.11629 0.00155
0.12626 0.00075 0.10150
0.90368 0.17028 0.00012
0.04583 0.00006 0.16750
0.94884 0.32632 0.00006
0.01707 0.00002 0.24461
0.97195 0.46245 0.00004
0.01530 0.00001 0.38068
0.94057 0.39106 0.00004
0.02738 0.00002 0.18827
0.94447 0.34269 0.00005
0.13955 0.00016 0.15531
0.90264 0.35866 0.00025
0.03077 0.00004 0.29586
0.98306 0.43939 0.00002
0.00066 0.00013 0.43927
0.99967 0.58699 0.00005
0.00129 0.00020 0.33015
0.99858 0.17583 0.00004
0.00251 0.00005 0.00315
1.00000 0.00000 0.00000
0.63175 0.27424 0.10100
0.30915 0.10546 0.24843
0.68342 0.28345 0.10533
0.24738 0.05933 0.30562
0.77371 0.44522 0.05628
0.20094 0.05164 0.45410
0.72649 0.31268 0.06692
0.20397 0.04462 0.35279
0.53524 0.12984 0.09280
0.37053 0.05239 0.20760
0.63467 0.25961 0.09858
0.60797 0.14758 0.09131
0.39034 0.06521 0.12290
0.64167 0.08830 0.04037
0.43416 0.04421 0.06780
0.62926 0.08372 0.04256
0.34155 0.01951 0.06865
0.72070 0.09276 0.02105
0.25587 0.01184 0.06977
0.74595 0.09992 0.01359
0.27445 0.01063 0.06472
0.75367 0.09791 0.01473
0.23288 0.00920 0.05079
0.79311 0.07029 0.00771
0.24972 0.01035 0.06098
0.74572 0.04029 0.00631
0.04432 0.00008 0.00149
0.99232 0.00804 0.00004
0.00787 0.00005 0.00259
0.99809 0.00874 0.00002
0.00442 0.00005 0.00284
0.99412 0.00183 0.00002
0.00858 0.00006 0.00102
0.98210 0.00042 0.00003
0.01033 0.00005 0.00091
0.97720 0.00026 0.00003
0.01665 0.00005 0.00079
0.96484 0.00019 0.00004
0.02364 0.00005 0.00068
0.96527 0.00014 0.00003
0.02522 0.00005 0.00066
1.00000 0.00000 0.00000
0.38725 0.08319 0.15269
0.60184 0.20015 0.09388
0.45001 0.16901 0.14173
0.59532 0.16016 0.11017
0.46885 0.18714 0.11711
0.51487 0.15808 0.20388
0.50683 0.27318 0.12536
0.35838 0.07636 0.42168
0.72493 0.51730 0.04703
0.19288 0.02867 0.67691
0.77535 0.63362 0.02996
0.24310 0.05887 0.66260
0.85197 0.75041 0.01699
0.09590 0.00981 0.84082
0.87098 0.77060 0.01363
0.08850 0.01153 0.78848
0.88508 0.75096 0.01682
0.06223 0.00748 0.75565
0.91147 0.83274 0.01244
0.24153 0.02775 0.66442
0.83738 0.75476 0.03243
0.12507 0.00891 0.80704
0.93396 0.87093 0.01635
0.18132 0.02528 0.69578
0.90433 0.83578 0.03030
0.23000 0.03397 0.67103
0.91126 0.72312 0.00931
0.14719 0.01411 0.75764
0.93216 0.82556 0.01037
0.06468 0.00575 0.86821
0.96464 0.89215 0.00551
0.05786 0.00599 0.87304
0.96675 0.91210 0.00768
0.23459 0.02120 0.68980
0.99046 0.92211 0.00158
0.00005 0.00003 0.93857
0.99999 0.98364 0.00001
0.00003 0.00002 0.95655
1.00000 0.99576 0.00000
0.00002 0.00002 0.97783
1.00000 0.99606 0.00000
0.00002 0.00002 0.98551
0.99999 0.99332 0.00001
0.00001 0.00001 0.99304
0.99999 0.99268 0.00001
0.00001 0.00001 0.99538
0.99999 0.99335 0.00001
0.00000 0.00000 0.99943
0.99999 0.99449 0.00000
0.00000 0.00000 0.99966
1.00000 1.00000 0.00000
0.57747 0.22272 0.11598
0.47002 0.18991 0.19145
0.72550 0.37787 0.09521
0.42101 0.15497 0.20490
0.65488 0.30020 0.11062
0.38847 0.15269 0.26587
0.71245 0.30637 0.09182
0.37840 0.12087 0.24891
0.53992 0.18884 0.18290
0.45582 0.12507 0.17947
0.59891 0.21081 0.09341
0.45934 0.17920 0.15319
0.65352 0.23890 0.09259
0.57362 0.23295 0.09068
0.37573 0.07608 0.36184
0.56938 0.25551 0.07210
0.40608 0.05441 0.34280
0.50671 0.22986 0.06922
0.50844 0.13150 0.32401
0.35472 0.10827 0.14788
0.87906 0.29320 0.02876
0.20673 0.01839 0.20050
0.86392 0.29296 0.03203
0.12819 0.00595 0.25293
0.79769 0.19359 0.01730
0.24225 0.00687 0.22353
0.74340 0.14253 0.01107
0.24178 0.00590 0.23083
0.80275 0.28550 0.00323
0.03694 0.00014 0.38893
0.95246 0.47220 0.00021
0.05458 0.00056 0.32033
0.96012 0.36575 0.00015
0.01527 0.00005 0.19518
0.96312 0.33532 0.00009
0.01509 0.00006 0.31497
0.92235 0.38283 0.00013
0.01384 0.00003 0.15964
0.97397 0.20815 0.00004
0.01646 0.00009 0.01700
0.98692 0.08084 0.00003
0.00234 0.00005 0.00818
0.99915 0.01547 0.00002
0.00313 0.00006 0.00829
0.99928 0.02133 0.00002
0.00280 0.00007 0.01460
0.99653 0.00180 0.00003
0.00389 0.00004 0.00187
0.99699 0.00138 0.00002
0.00411 0.00004 0.00175
0.99837 0.00021 0.00001
0.45367 0.13813 0.16004
0.52732 0.19207 0.14046
0.48074 0.14158 0.15780
0.50237 0.16801 0.15882
0.50305 0.15496 0.12905
0.47394 0.13234 0.15444
0.48564 0.15489 0.13941
0.51867 0.15264 0.13916
0.46189 0.12966 0.12334
0.44051 0.09330 0.14684
0.51443 0.11581 0.11644
0.40250 0.10847 0.15305
0.53462 0.09825 0.13340
0.41025 0.08963 0.12413
0.72201 0.12677 0.07021
0.16694 0.01645 0.11186
0.83606 0.10036 0.02241
0.17340 0.00963 0.11556
0.75165 0.18684 0.02692
0.27388 0.03502 0.13643
0.51948 0.07920 0.05858
0.42451 0.04169 0.09358
0.32165 0.01714 0.02234
0.79743 0.02535 0.00574
0.33092 0.02167 0.01630
0.76910 0.04578 0.01123
0.08861 0.00588 0.06405
0.91018 0.04526 0.00378
0.04502 0.00007 0.00189
0.98343 0.00665 0.00006
0.03513 0.00008 0.00228
0.99090 0.00823 0.00004
0.02029 0.00007 0.00282
0.99583 0.00748 0.00003
0.00467 0.00004 0.00413
0.99875 0.01078 0.00002
0.00569 0.00005 0.00292
0.99821 0.00711 0.00002
0.00432 0.00005 0.00332
0.99544 0.00211 0.00002
0.00560 0.00004 0.00160
0.98069 0.00037 0.00003
0.01744 0.00004 0.00080
0.97739 0.00026 0.00003
0.01825 0.00004 0.00072
0.97812 0.00017 0.00003
0.58742 0.25755 0.10715
0.36151 0.11862 0.29141
0.55869 0.28718 0.12648
0.48755 0.16271 0.17732
0.65830 0.34049 0.07946
0.44984 0.13092 0.20681
0.74423 0.45572 0.06246
0.28308 0.07281 0.36787
0.78606 0.48609 0.04503
0.56150 0.35086 0.20214
0.59927 0.24848 0.08759
0.41972 0.15594 0.26168
0.46400 0.17619 0.15568
0.46478 0.16572 0.20907
0.58846 0.32279 0.10945
0.46640 0.22960 0.26281
0.56700 0.24076 0.10350
0.39197 0.13596 0.28903
0.33500 0.15128 0.19223
0.46945 0.15774 0.31520
0.51380 0.23538 0.13314
0.52497 0.17165 0.21905
0.69268 0.21123 0.07129
0.51685 0.17536 0.22473
0.61496 0.31454 0.06124
0.33135 0.04221 0.20122
0.39401 0.06441 0.08484
0.67608 0.12236 0.08391
0.49640 0.17151 0.08284
0.25628 0.04126 0.37398
0.76596 0.34249 0.02557
0.20655 0.02424 0.16019
0.84416 0.13140 0.00752
0.15564 0.01287 0.13383
0.84602 0.11684 0.00885
0.11243 0.01094 0.12018
0.92986 0.19538 0.00302
0.10851 0.00781 0.15781
0.92283 0.16378 0.00440
0.31219 0.02620 0.17284
0.97470 0.06665 0.00217
0.01530 0.00011 0.00451
0.99100 0.01846 0.00009
0.01058 0.00005 0.00562
0.99858 0.01374 0.00002
0.00297 0.00003 0.00494
0.99934 0.01960 0.00001
0.00239 0.00004 0.00678
0.99877 0.01013 0.00001
0.00383 0.00006 0.00551
0.99937 0.01974 0.00002
0.00388 0.00007 0.00895
0.99945 0.04020 0.00002
0.00275 0.00010 0.02337
0.99885 0.01078 0.00003
0.00283 0.00005 0.00276
0.99881 0.00336 0.00002
0.45058 0.14883 0.18356
0.55953 0.22753 0.12794
0.50943 0.16491 0.14876
0.47610 0.17358 0.15292
0.52801 0.17912 0.15257
0.46491 0.19334 0.13900
0.46233 0.17520 0.25324
0.41977 0.18590 0.20865
0.42226 0.16491 0.27622
0.63512 0.47291 0.10937
0.17415 0.05578 0.62752
0.67868 0.59343 0.09973
0.18997 0.04388 0.52362
0.54290 0.39398 0.09879
0.33009 0.06914 0.29134
0.48917 0.28627 0.14518
0.44297 0.10479 0.24428
0.54152 0.20272 0.14340
0.52452 0.10523 0.17760
0.69219 0.18024 0.06644
0.20889 0.01894 0.17502
0.83169 0.26158 0.02712
0.30332 0.03272 0.20060
0.83091 0.18096 0.01988
0.54605 0.09777 0.11569
0.38257 0.07813 0.22416
0.66024 0.17258 0.10075
0.54065 0.06341 0.10414
0.62964 0.13649 0.05943
0.11589 0.01060 0.28893
0.65064 0.14490 0.06117
0.37789 0.02339 0.10585
0.58033 0.11209 0.05566
0.50653 0.06591 0.07378
0.15737 0.01903 0.37167
0.60813 0.22451 0.08388
0.26491 0.05163 0.35848
0.69912 0.30291 0.06969
0.11175 0.01143 0.47017
0.79685 0.42472 0.03587
0.00629 0.00048 0.50710
0.94404 0.71740 0.00059
0.00267 0.00016 0.65400
0.95124 0.75819 0.00030
0.00170 0.00011 0.69649
0.99992 0.70178 0.00002
0.00016 0.00005 0.62749
0.99983 0.48980 0.00003
0.00028 0.00006 0.46873
0.99987 0.83132 0.00003
0.00013 0.00005 0.78980
0.99992 0.89274 0.00002
0.00015 0.00006 0.87025
0.99995 0.97107 0.00002
0.00002 0.00001 0.99894
1.00000 1.00000 0.00000
0.54550 0.22247 0.13127
0.50367 0.21060 0.15461
0.61835 0.29055 0.10496
0.49685 0.23000 0.17429
0.54715 0.23635 0.15894
0.45324 0.17617 0.21758
0.48551 0.16391 0.19292
0.50271 0.21853 0.12446
0.51351 0.13113 0.17594
0.40136 0.12999 0.14839
0.54170 0.14638 0.15750
0.29618 0.07464 0.22776
0.68443 0.20988 0.08544
0.23300 0.05061 0.25469
0.62962 0.19545 0.09525
0.21950 0.03535 0.26788
0.64919 0.12749 0.05436
0.28766 0.03910 0.15278
0.67246 0.20253 0.05352
0.30503 0.01835 0.09089
0.57374 0.04296 0.04559
0.26302 0.00718 0.02392
0.53926 0.01164 0.00931
0.49403 0.01176 0.01194
0.66202 0.01188 0.00395
0.35232 0.00022 0.00018
0.65628 0.00054 0.00013
0.43507 0.00023 0.00018
0.43890 0.00023 0.00019
0.57972 0.00025 0.00013
0.31412 0.00012 0.00032
0.66410 0.00022 0.00011
0.30423 0.00011 0.00032
0.83553 0.00023 0.00008
0.24281 0.00010 0.00035
0.74945 0.00019 0.00010
0.20519 0.00009 0.00042
0.91405 0.00023 0.00006
0.01790 0.00004 0.00074
0.97347 0.00021 0.00004
0.01640 0.00004 0.00076
0.97468 0.00015 0.00003
0.01867 0.00004 0.00068
1.00000 0.00000 0.00000
0.49578 0.18605 0.15244
0.51448 0.17964 0.14624
0.46826 0.14767 0.13363
0.54191 0.16540 0.13337
0.38692 0.09545 0.17031
0.60421 0.18559 0.10611
0.35654 0.09489 0.18466
0.65167 0.25013 0.09248
0.43813 0.11300 0.17342
0.55915 0.14628 0.08656
0.34555 0.04860 0.20818
0.63464 0.23947 0.08496
0.39331 0.10149 0.20351
0.60601 0.23202 0.11641
0.49637 0.15828 0.12340
0.55260 0.15615 0.09502
0.51679 0.07544 0.07660
0.56983 0.13876 0.05754
0.31806 0.06966 0.16159
0.25960 0.05649 0.28514
0.75424 0.31453 0.05067
0.06342 0.00927 0.48292
0.89801 0.46461 0.01059
0.05684 0.00571 0.43318
0.89949 0.44246 0.00754
0.03304 0.00309 0.41989
0.94044 0.54094 0.00369
0.24826 0.05156 0.28667
0.17092 0.04310 0.31705
0.83561 0.33059 0.04255
0.37735 0.07646 0.15261
0.60924 0.15057 0.06489
0.36862 0.04636 0.09447
0.53972 0.07727 0.07451
0.43993 0.06601 0.06157
0.56463 0.08641 0.05263
0.70051 0.10670 0.02869
0.63927 0.03791 0.02322
0.57753 0.18823 0.08736
0.27061 0.04824 0.14324
0.80421 0.25100 0.04375
0.41546 0.08828 0.09905
0.64409 0.15486 0.07754
0.12955 0.01370 0.35886
0.78275 0.25243 0.04507
0.04256 0.00122 0.43426
0.83160 0.19592 0.01192
0.15989 0.00749 0.10658
0.65384 0.16215 0.03371
0.25313 0.00888 0.08942
0.56875 0.09351 0.03777
0.50030 0.01790 0.04032
0.73078 0.07090 0.01032
0.48438 0.01228 0.02196
0.65040 0.00061 0.00015
0.25739 0.00017 0.00036
0.81412 0.00050 0.00009
0.27622 0.00015 0.00035
0.68604 0.00025 0.00012
0.25944 0.00012 0.00036
0.64683 0.00019 0.00013
0.07276 0.00007 0.00055
0.93688 0.00020 0.00005
0.06933 0.00006 0.00056
0.93901 0.00017 0.00005
0.15059 0.00008 0.00047
0.87458 0.00016 0.00008
0.46222 0.13362 0.13353
0.66431 0.29005 0.09101
0.31320 0.07345 0.22443
0.76269 0.39944 0.07008
0.31464 0.07028 0.19271
0.65508 0.23941 0.09942
0.23656 0.03991 0.17695
0.77156 0.18513 0.05100
0.40249 0.18946 0.16310
0.77943 0.16673 0.07197
0.33701 0.10839 0.15610
0.94146 0.36690 0.00867
0.14390 0.00856 0.18109
0.92934 0.26599 0.00928
0.06776 0.00354 0.11425
0.94821 0.41659 0.00692
0.07272 0.00150 0.06915
0.90994 0.22942 0.00484
0.09857 0.00129 0.04424
0.91268 0.20619 0.00316
0.09417 0.00123 0.05164
0.91949 0.16003 0.00170
0.16493 0.00394 0.05748
0.90252 0.11494 0.00342
0.19217 0.00609 0.09952
0.79810 0.16568 0.03217
0.30103 0.08674 0.10156
0.68025 0.29186 0.11096
0.11672 0.04294 0.46341
0.70138 0.37685 0.09352
0.22597 0.01912 0.21794
0.67580 0.16022 0.01611
0.20492 0.00959 0.20103
0.94282 0.17320 0.00699
0.13784 0.00337 0.04280
0.98838 0.01425 0.00008
0.02213 0.00006 0.00524
0.99056 0.01146 0.00005
0.01639 0.00005 0.00479
0.99537 0.00869 0.00003
0.01223 0.00005 0.00317
0.99565 0.00490 0.00002
0.00648 0.00005 0.00293
0.99391 0.00149 0.00002
0.00484 0.00004 0.00175
0.99535 0.00158 0.00002
0.00459 0.00004 0.00163
0.99705 0.00184 0.00003
0.00286 0.00004 0.00225
1.00000 0.00000 0.00000
0.50172 0.20603 0.14633
0.43296 0.11205 0.23099
0.58864 0.28040 0.10552
0.30407 0.06650 0.47242
0.66095 0.42953 0.09304
0.23964 0.04117 0.58252
0.80079 0.61499 0.03815
0.19940 0.03037 0.64960
0.81508 0.64143 0.02697
0.14896 0.02628 0.73615
0.83952 0.71842 0.01840
0.12116 0.01854 0.79250
0.83158 0.69812 0.01721
0.21248 0.04396 0.71653
0.41877 0.24010 0.05900
0.78742 0.13150 0.10576
0.35110 0.06103 0.13824
0.57869 0.10112 0.13693
0.53423 0.05769 0.11972
0.50569 0.08509 0.11764
0.38944 0.04109 0.15365
0.62904 0.10240 0.08516
0.41011 0.04278 0.10266
0.70324 0.11899 0.06750
0.59634 0.01308 0.04877
0.64802 0.06039 0.03582
0.63701 0.01265 0.02602
0.60268 0.04579 0.04298
0.75374 0.04721 0.03076
0.36654 0.05497 0.12492
0.81957 0.10799 0.02266
0.47924 0.04279 0.05398
0.48035 0.01672 0.02112
0.62902 0.04612 0.03748
0.41532 0.01087 0.03654
0.56102 0.03328 0.02401
0.53433 0.00198 0.00467
0.48960 0.00043 0.00020
0.64994 0.00049 0.00015
0.46706 0.00030 0.00018
0.56814 0.00029 0.00015
0.38741 0.00018 0.00021
0.60749 0.00022 0.00014
0.38233 0.00014 0.00022
0.55249 0.00017 0.00017
0.42110 0.00013 0.00022
0.65456 0.00016 0.00015
0.36776 0.00012 0.00027
0.67418 0.00014 0.00015
0.32985 0.00010 0.00033
0.72166 0.00015 0.00013
0.29342 0.00010 0.00036
0.75646 0.00012 0.00012
0.51259 0.18529 0.12831
0.49344 0.18169 0.16887
0.54878 0.20224 0.13557
0.44865 0.14848 0.19845
0.48825 0.18302 0.15154
0.47154 0.12975 0.17322
0.30479 0.09355 0.22323
0.82468 0.44356 0.05999
0.21552 0.05247 0.25276
0.68822 0.15414 0.15253
0.24919 0.04619 0.11741
0.75475 0.12714 0.09385
0.25953 0.05373 0.10065
0.75773 0.13690 0.10082
0.16485 0.06050 0.25554
0.41341 0.12624 0.14640
0.43146 0.28303 0.15769
0.30920 0.10237 0.20159
0.21797 0.04995 0.28497
0.49094 0.16365 0.09693
0.26166 0.03647 0.26828
0.81481 0.27452 0.03027
0.17342 0.01141 0.14326
0.71683 0.18826 0.02804
0.23847 0.01742 0.13121
0.50683 0.18796 0.03554
0.26250 0.02049 0.27305
0.61616 0.23660 0.02979
0.19863 0.01820 0.25793
0.66178 0.18986 0.05209
0.16118 0.00823 0.20991
0.81586 0.16228 0.02944
0.13196 0.00774 0.25860
0.85191 0.20050 0.02344
0.12549 0.00439 0.21732
0.85337 0.15316 0.01074
0.09211 0.00401 0.28640
0.85622 0.24467 0.00877
0.02559 0.00058 0.45761
0.81761 0.39186 0.00178
0.01211 0.00025 0.45381
0.83285 0.46780 0.00072
0.00432 0.00004 0.54178
0.93189 0.50625 0.00009
0.00678 0.00005 0.32488
0.88966 0.29009 0.00014
0.11725 0.00157 0.18749
0.94136 0.36475 0.00007
0.00171 0.00001 0.56970
0.99991 0.93346 0.00003
0.00014 0.00006 0.89300
0.99993 0.95668 0.00002
0.00011 0.00007 0.96638
0.99954 0.75372 0.00003
0.52929 0.20904 0.12762
0.55928 0.23025 0.13574
0.36817 0.14100 0.28691
0.64979 0.38705 0.10896
0.36497 0.14451 0.29494
0.60229 0.35346 0.16658
0.36496 0.14995 0.29495
0.61267 0.27027 0.12111
0.39119 0.16477 0.28295
0.59838 0.33490 0.13528
0.45214 0.18823 0.27197
0.48877 0.31258 0.16304
0.65372 0.32528 0.24781
0.56440 0.46751 0.15883
0.54113 0.40711 0.37804
0.27362 0.21458 0.55310
0.76764 0.62046 0.15742
0.22360 0.12222 0.60892
0.89058 0.78351 0.05687
0.18015 0.11947 0.67234
0.95734 0.90110 0.02838
0.45981 0.34265 0.46842
0.91702 0.82601 0.03058
0.67850 0.44545 0.27676
0.72895 0.65104 0.09552
0.74189 0.42633 0.23956
0.55496 0.42375 0.13000
0.72240 0.52159 0.25626
0.44195 0.31123 0.19278
0.59362 0.28136 0.38139
0.26399 0.13554 0.28411
0.72162 0.42310 0.22110
0.30604 0.14338 0.24088
0.57753 0.34680 0.31080
0.33312 0.19558 0.21942
0.42992 0.19793 0.51855
0.50160 0.33381 0.18144
0.38806 0.15620 0.52489
0.70318 0.51705 0.06869
0.60786 0.14514 0.23757
0.64197 0.47381 0.09013
0.40663 0.06555 0.40384
0.85791 0.76750 0.02393
0.20736 0.03152 0.75033
0.97097 0.94473 0.00683
0.10600 0.01202 0.86789
0.97947 0.95686 0.00486
0.12058 0.00689 0.85856
0.97816 0.95560 0.00377
0.07196 0.00601 0.91761
0.96791 0.94604 0.00523
0.08684 0.00890 0.89398
0.83954 0.80405 0.01992
0.43007 0.05244 0.51178
0.74597 0.67591 0.01853
0.21187 0.01472 0.71741
0.95593 0.91577 0.00197
0.08006 0.00548 0.81524
0.95218 0.91740 0.00307
0.02475 0.00175 0.92916
0.97630 0.95063 0.00280
0.04419 0.00219 0.88444
0.97560 0.92006 0.00399
0.03126 0.00145 0.94447
0.97983 0.95318 0.00298
0.02104 0.00123 0.94473
0.98970 0.97191 0.00201
0.00208 0.00012 0.99060
0.99480 0.98098 0.00106
0.00153 0.00009 0.99333
0.99752 0.98875 0.00031
0.00011 0.00001 0.99802
0.99763 0.98918 0.00001
0.00013 0.00000 0.99711
0.99910 0.98984 0.00000
0.00005 0.00000 0.99703
0.99964 0.99486 0.00000
0.00051 0.00001 0.99708
0.99792 0.98620 0.00000
0.00630 0.00005 0.98678
0.99731 0.97633 0.00001
0.00028 0.00000 0.99581
0.99812 0.98083 0.00000
0.00205 0.00001 0.99535
0.99595 0.97312 0.00001
0.00178 0.00002 0.98497
0.99741 0.97496 0.00000
0.00036 0.00000 0.99868
0.99908 0.99307 0.00000
0.00000 0.00000 0.99999
1.00000 0.99812 0.00000
0.00000 0.00000 0.99998
1.00000 0.99843 0.00000
0.00000 0.00000 0.99996
1.00000 1.00000 0.00000
0.48824 0.16958 0.14861
0.56566 0.22955 0.13629
0.46076 0.17592 0.18109
0.52353 0.21034 0.17164
0.64028 0.22302 0.13823
0.32104 0.08314 0.22909
0.61372 0.20986 0.16284
0.32013 0.11741 0.23204
0.55534 0.15785 0.19486
0.34188 0.11411 0.21046
0.57388 0.13901 0.16979
0.33574 0.09072 0.21686
0.59891 0.17268 0.13496
0.34023 0.06515 0.13906
0.42160 0.04498 0.13977
0.49904 0.12158 0.09296
0.32309 0.02675 0.16171
0.55471 0.11965 0.07770
0.10017 0.00492 0.29007
0.79956 0.21986 0.01467
0.17189 0.00620 0.12401
0.73715 0.12744 0.01966
0.10750 0.00530 0.31157
0.85417 0.08457 0.00199
0.06907 0.00120 0.13023
0.87416 0.08294 0.00032
0.02342 0.00030 0.08795
0.89802 0.10350 0.00012
0.01232 0.00008 0.12376
0.99979 0.11909 0.00002
0.00067 0.00005 0.10000
0.99975 0.08094 0.00002
0.00074 0.00009 0.28977
0.99973 0.20863 0.00003
0.00161 0.00015 0.15706
0.99944 0.14362 0.00004
0.00203 0.00028 0.27174
0.99869 0.17902 0.00005
0.00216 0.00005 0.00314
1.00000 0.00000 0.00000
0.43288 0.12129 0.16740
0.53690 0.18103 0.13104
0.48648 0.16897 0.16005
0.48116 0.12598 0.14317
0.58682 0.22663 0.08994
0.48489 0.14307 0.13418
0.44195 0.13026 0.14012
0.37063 0.06529 0.20652
0.52777 0.17225 0.09508
0.36224 0.04449 0.13731
0.44384 0.09611 0.09845
0.29111 0.03680 0.13442
0.57243 0.12629 0.06580
0.30074 0.02538 0.06831
0.55789 0.07548 0.06180
0.29178 0.00972 0.05823
0.61655 0.03097 0.02043
0.35015 0.01152 0.04606
0.67427 0.02800 0.01074
0.68647 0.09044 0.01324
0.62920 0.03272 0.01899
0.43983 0.01818 0.02509
0.60944 0.01129 0.00414
0.46325 0.00030 0.00013
0.55810 0.00040 0.00015
0.37280 0.00023 0.00022
0.66255 0.00039 0.00012
0.52919 0.00031 0.00017
0.50495 0.00022 0.00015
0.35614 0.00015 0.00026
0.63293 0.00024 0.00012
0.41106 0.00014 0.00022
0.56446 0.00018 0.00014
0.34915 0.00011 0.00029
0.51317 0.00014 0.00017
0.50160 0.00012 0.00020
0.50702 0.00012 0.00019
0.62772 0.00014 0.00015
0.25092 0.00009 0.00038
0.87938 0.00015 0.00007
0.23901 0.00009 0.00039
0.88875 0.00015 0.00007
0.11604 0.00007 0.00051
0.95173 0.00012 0.00004
0.05273 0.00005 0.00056
1.00000 0.00000 0.00000
0.53295 0.19199 0.11566
0.38641 0.10205 0.25190
0.70151 0.33405 0.07263
0.27041 0.05758 0.31760
0.89461 0.59200 0.01560
0.19443 0.04213 0.39177
0.90266 0.57139 0.02152
0.09742 0.01144 0.34457
0.88838 0.44173 0.02158
0.16400 0.01888 0.27397
0.78436 0.31208 0.04174
0.19016 0.04305 0.20959
0.79923 0.34400 0.08709
0.30779 0.08534 0.20637
0.61204 0.11199 0.09666
0.40633 0.14192 0.13064
0.61861 0.06038 0.08342
0.46167 0.08789 0.09758
0.61718 0.16100 0.07838
0.34020 0.02350 0.10664
0.45867 0.05339 0.04796
0.46692 0.07860 0.07733
0.53669 0.07653 0.08723
0.40997 0.05110 0.07963
0.57340 0.07534 0.06154
0.35169 0.02643 0.08418
0.84712 0.05615 0.01335
0.07924 0.00319 0.07448
0.97900 0.00901 0.00032
0.01414 0.00006 0.00521
0.99802 0.01904 0.00003
0.00242 0.00004 0.00978
0.99933 0.02219 0.00001
0.00127 0.00006 0.03175
0.99969 0.06676 0.00002
0.00141 0.00008 0.05763
0.99961 0.05788 0.00002
0.00201 0.00011 0.04965
0.99930 0.08037 0.00004
0.00219 0.00011 0.09339
0.99872 0.00275 0.00002
0.00257 0.00004 0.00253
1.00000 0.00000 0.00000
0.36010 0.11973 0.29769
0.59536 0.31434 0.11785
0.51123 0.21703 0.20212
0.49826 0.23667 0.17560
0.61490 0.29028 0.16875
0.42475 0.17308 0.16346
0.63881 0.29746 0.17505
0.42522 0.16226 0.13017
0.60773 0.23787 0.17935
0.43879 0.18527 0.14868
0.71210 0.43952 0.12701
0.34487 0.09196 0.19618
0.67752 0.39851 0.11952
0.42209 0.08326 0.42595
0.68831 0.49378 0.05154
0.58027 0.24730 0.33519
0.47746 0.25830 0.12923
0.53442 0.09169 0.32346
0.44464 0.15103 0.07352
0.75272 0.29001 0.11081
0.55487 0.25737 0.05562
0.40571 0.12457 0.32527
0.74794 0.45006 0.03062
0.27716 0.04527 0.30774
0.44913 0.16150 0.10732
0.68210 0.28549 0.09342
0.18507 0.06496 0.42120
0.67104 0.33805 0.10547
0.45969 0.11812 0.16514
0.64288 0.25365 0.07550
0.54840 0.03979 0.05844
0.55009 0.13577 0.03641
0.33928 0.01823 0.07426
0.58541 0.11972 0.03988
0.49279 0.04150 0.03962
0.48303 0.07086 0.03979
0.66932 0.04010 0.02329
0.31742 0.03104 0.08582
0.66602 0.05633 0.01030
0.49223 0.03410 0.06636
0.88827 0.00386 0.00033
0.13078 0.00016 0.00066
0.81268 0.00085 0.00011
0.06465 0.00010 0.00114
0.96040 0.00090 0.00004
0.01041 0.00005 0.00114
0.99229 0.00117 0.00003
0.00795 0.00005 0.00120
0.98823 0.00053 0.00003
0.00492 0.00004 0.00153
0.99299 0.00046 0.00003
0.00557 0.00004 0.00141
1.00000 0.00000 0.00000
0.43317 0.13610 0.20040
0.52480 0.19523 0.14180
0.47294 0.15501 0.14856
0.56053 0.24661 0.13686
0.50454 0.17804 0.13722
0.33271 0.07540 0.28139
0.70781 0.31059 0.05270
0.37601 0.08222 0.21352
0.47724 0.11268 0.16035
0.45040 0.09827 0.18142
0.79362 0.34756 0.04713
0.30579 0.04240 0.18519
0.63483 0.16686 0.12255
0.35521 0.06397 0.16262
0.68699 0.18140 0.10562
0.34847 0.06782 0.13401
0.34620 0.05411 0.14834
0.54646 0.09610 0.07198
0.71571 0.17035 0.08272
0.72668 0.26745 0.04449
0.43232 0.13013 0.19715
0.19342 0.04629 0.33286
0.54881 0.08941 0.08572
0.26140 0.00595 0.09018
0.84777 0.10292 0.01430
0.18876 0.00269 0.08618
0.86638 0.08945 0.01017
0.10526 0.00246 0.07877
0.89741 0.08400 0.00561
0.07688 0.00137 0.08850
0.90954 0.07577 0.00362
0.01162 0.00010 0.13501
0.92780 0.07327 0.00028
0.08203 0.00096 0.10452
0.99960 0.05134 0.00002
0.00124 0.00004 0.03551
0.99970 0.06212 0.00002
0.00157 0.00006 0.04408
0.99971 0.14084 0.00002
0.00104 0.00008 0.09353
0.99967 0.19653 0.00003
0.00144 0.00011 0.09907
0.99764 0.00470 0.00003
0.00350 0.00004 0.00197
0.99867 0.17680 0.00003
0.00249 0.00004 0.00265
1.00000 0.00000 0.00000
0.44547 0.16148 0.22357
0.59654 0.28109 0.12084
0.49092 0.21595 0.20332
0.60595 0.32105 0.13283
0.39970 0.15254 0.22648
0.67002 0.31871 0.13851
0.46484 0.25984 0.16187
0.63011 0.25553 0.15140
0.53530 0.40413 0.11068
0.41292 0.13303 0.51137
0.71441 0.63132 0.05780
0.46785 0.15044 0.44314
0.52075 0.43600 0.08504
0.66977 0.32250 0.25571
0.45724 0.35639 0.13483
0.55032 0.18434 0.31544
0.58401 0.48370 0.06579
0.49022 0.13294 0.38054
0.63983 0.55265 0.03253
0.35409 0.09285 0.55577
0.48678 0.40606 0.09660
0.51559 0.13454 0.41050
0.43789 0.36055 0.10104
0.64148 0.18468 0.28564
0.64338 0.59556 0.07870
0.62835 0.30581 0.32991
0.23052 0.18923 0.19683
0.68761 0.34606 0.28588
0.37149 0.26724 0.22958
0.69873 0.28087 0.25657
0.27127 0.20863 0.26903
0.63135 0.23045 0.31614
0.74535 0.67848 0.10380
0.10121 0.03929 0.88875
0.93063 0.91407 0.03923
0.04698 0.01600 0.94449
0.89864 0.86291 0.05835
0.12083 0.01839 0.86508
0.86734 0.83103 0.05019
0.04012 0.00518 0.94226
0.96335 0.93373 0.01192
0.01184 0.00074 0.97672
0.97509 0.93932 0.00593
0.00386 0.00032 0.98633
0.98980 0.97820 0.00117
0.00342 0.00023 0.99189
0.99300 0.98017 0.00153
0.00409 0.00026 0.99237
0.99628 0.97868 0.00068
0.00034 0.00005 0.99883
0.99767 0.98805 0.00051
0.00014 0.00001 0.99917
0.99858 0.99284 0.00005
0.00022 0.00001 0.99827
0.99720 0.98870 0.00005
0.01215 0.00057 0.98475
0.99696 0.98401 0.00011
0.00572 0.00039 0.99157
0.99803 0.98987 0.00004
0.01603 0.00061 0.97852
0.99820 0.98728 0.00003
0.04525 0.00127 0.94222
0.99914 0.98767 0.00001
0.00000 0.00000 0.99999
1.00000 0.99812 0.00000
0.00000 0.00000 0.99999
1.00000 0.99812 0.00000
0.00000 0.00000 0.99999
1.00000 0.99812 0.00000
0.00000 0.00000 0.99999
1.00000 0.99843 0.00000
0.52409 0.17895 0.13054
0.44706 0.11528 0.14321
0.51422 0.12671 0.11033
0.43203 0.12458 0.17116
0.57981 0.21504 0.10436
0.41598 0.12513 0.20902
0.55180 0.16505 0.07623
0.46226 0.11366 0.18657
0.61406 0.24708 0.09058
0.37460 0.04219 0.12794
0.72817 0.15210 0.03773
0.28626 0.02006 0.11139
0.75764 0.07134 0.02793
0.31958 0.02817 0.08722
0.71782 0.05263 0.01570
0.07543 0.00017 0.00164
0.92380 0.00241 0.00010
0.07532 0.00012 0.00129
0.93953 0.00248 0.00007
0.06693 0.00008 0.00137
0.94895 0.00178 0.00005
0.01653 0.00006 0.00189
0.99148 0.00172 0.00002
0.01675 0.00007 0.00175
0.98168 0.00060 0.00003
0.01611 0.00005 0.00104
0.98266 0.00046 0.00003
0.01822 0.00005 0.00074
0.93112 0.00022 0.00005
0.06558 0.00006 0.00057
0.97624 0.00028 0.00004
0.97593 0.00024 0.00004
0.01517 0.00004 0.00084
0.48660 0.14689 0.13364
0.41516 0.11576 0.21842
0.41125 0.11827 0.19106
0.60025 0.26336 0.11888
0.29019 0.06981 0.28004
0.60564 0.25401 0.06311
0.37348 0.07832 0.20522
0.72113 0.35692 0.03570
0.25554 0.07853 0.36382
0.57599 0.29174 0.18136
0.51231 0.29012 0.16288
0.80863 0.55308 0.06677
0.16850 0.04295 0.33640
0.70512 0.40920 0.09382
0.24299 0.10189 0.35528
0.48591 0.24310 0.27969
0.17941 0.10946 0.50314
0.61961 0.38977 0.25408
0.28788 0.20866 0.39642
0.69018 0.38772 0.15080
0.19704 0.09190 0.41276
0.58585 0.24946 0.19014
0.29875 0.18498 0.37183
0.68103 0.25465 0.17711
0.41992 0.19530 0.31399
0.58187 0.24347 0.15876
0.37611 0.14566 0.32249
0.71652 0.35037 0.13200
0.27946 0.06464 0.26803
0.65822 0.13644 0.14262
0.29320 0.08100 0.23767
0.68363 0.14008 0.11017
0.27019 0.04921 0.25891
0.82651 0.52216 0.04982
0.03368 0.00681 0.70994
0.95615 0.81539 0.02478
0.07967 0.01085 0.55370
0.97752 0.91417 0.01584
0.02886 0.00280 0.71647
0.98857 0.92927 0.00702
0.02920 0.00216 0.82505
0.97866 0.91418 0.00931
0.01741 0.00116 0.80111
0.80258 0.49938 0.03525
0.16063 0.00858 0.34479
0.94678 0.50983 0.01400
0.06120 0.00255 0.43057
0.94004 0.71267 0.01373
0.04861 0.00204 0.56190
0.96241 0.65941 0.00650
0.08236 0.00447 0.37221
0.92404 0.44193 0.01137
0.11399 0.00768 0.37597
0.93177 0.46692 0.00997
0.13185 0.00901 0.38710
0.91704 0.33089 0.00754
0.23954 0.02119 0.35168
0.31539 0.13212 0.18126
0.31199 0.02837 0.21064
0.82029 0.17957 0.01297
0.11102 0.01231 0.35858
0.88333 0.23719 0.01692
0.13035 0.01132 0.39212
0.73236 0.21582 0.03273
0.13019 0.00846 0.20872
0.95995 0.00980 0.00056
0.10318 0.00587 0.10700
0.92511 0.10031 0.00165
0.00864 0.00014 0.09541
0.99955 0.05022 0.00002
0.00169 0.00005 0.02257
0.99939 0.02329 0.00002
0.00461 0.00005 0.00343
0.99881 0.01062 0.00002
0.00579 0.00007 0.00272
0.99943 0.02200 0.00002
0.00387 0.00008 0.00769
0.99866 0.00678 0.00002
0.00309 0.00005 0.00226
0.99826 0.00782 0.00004
0.00231 0.00005 0.00307
0.99815 0.00177 0.00002
0.00361 0.00004 0.00190
1.00000 0.00000 0.00000
0.52522 0.17482 0.12056
0.43701 0.11890 0.16251
0.61196 0.21958 0.08583
0.45114 0.13326 0.16235
0.67329 0.29893 0.07210
0.37757 0.07627 0.19486
0.71039 0.31411 0.06010
0.26929 0.06866 0.35468
0.71593 0.41645 0.04873
0.10139 0.01673 0.72036
0.84418 0.64092 0.01312
0.11832 0.02211 0.65498
0.81816 0.58208 0.01121
0.08804 0.01174 0.77211
0.87584 0.69407 0.00549
0.09101 0.01702 0.73657
0.83297 0.66883 0.00887
0.21099 0.03607 0.66428
0.70699 0.54940 0.02034
0.15235 0.02510 0.60806
0.57215 0.32568 0.04619
0.26884 0.03762 0.45803
0.65657 0.50372 0.02150
0.21230 0.01887 0.67277
0.80087 0.70626 0.01671
0.10150 0.01474 0.83432
0.72619 0.54841 0.02089
0.10171 0.01152 0.70397
0.62208 0.40741 0.05013
0.22807 0.03032 0.44244
0.76067 0.46678 0.03692
0.40881 0.09786 0.31500
0.50317 0.31706 0.07761
0.29456 0.06757 0.35122
0.64163 0.34531 0.03920
0.13145 0.02067 0.65248
0.73951 0.33854 0.03357
0.50595 0.18535 0.27989
0.37430 0.20412 0.14681
0.46004 0.19629 0.39719
0.48853 0.14459 0.10174
0.38014 0.08075 0.29458
0.24959 0.09427 0.22500
0.78942 0.20928 0.06086
0.33164 0.21443 0.15937
0.55504 0.12231 0.29682
0.27591 0.16557 0.12949
0.80052 0.20183 0.08793
0.65794 0.46442 0.04142
0.29922 0.03041 0.63106
0.79397 0.71927 0.02636
0.14763 0.01436 0.76178
0.74467 0.54148 0.01949
0.40994 0.05688 0.35985
0.90530 0.77528 0.01237
0.15245 0.01390 0.70413
0.94515 0.83355 0.00707
0.49992 0.10137 0.33800
0.49719 0.30168 0.09964
0.76249 0.09355 0.17240
0.44925 0.34310 0.13208
0.41410 0.06863 0.52661
0.79767 0.55444 0.06125
0.58371 0.08423 0.30864
0.85513 0.38616 0.01649
0.46467 0.08194 0.36330
0.90502 0.60924 0.02020
0.17415 0.01475 0.74065
0.96595 0.79406 0.00128
0.22974 0.01553 0.66160
0.99945 0.96367 0.00001
0.00002 0.00002 0.97751
0.99999 0.98102 0.00000
0.00002 0.00001 0.98965
1.00000 0.99686 0.00000
0.00001 0.00001 0.99521
1.00000 0.99799 0.00000
0.00000 0.00000 0.99966
1.00000 0.99803 0.00000
0.00000 0.00000 0.99974
1.00000 0.99800 0.00000
0.00000 0.00000 0.99976
1.00000 0.99828 0.00000
0.52780 0.20923 0.13965
0.59488 0.29940 0.11906
0.55582 0.22669 0.13565
0.50479 0.18519 0.16111
0.43757 0.13713 0.20899
0.54173 0.17740 0.15621
0.43392 0.16954 0.19849
0.57645 0.17653 0.16067
0.32686 0.08554 0.23931
0.59103 0.18767 0.12459
0.47759 0.17670 0.20150
0.22300 0.04703 0.37403
0.65759 0.30508 0.09217
0.43574 0.12386 0.19944
0.64710 0.27344 0.09052
0.36189 0.08401 0.23171
0.70470 0.30104 0.06146
0.26577 0.04979 0.25384
0.73727 0.24482 0.01995
0.26822 0.03405 0.19548
0.75842 0.25152 0.01973
0.27800 0.04003 0.21378
0.77147 0.30871 0.02329
0.15539 0.01270 0.29082
0.84691 0.28892 0.01359
0.13727 0.00852 0.15736
0.89340 0.34691 0.00218
0.07098 0.00125 0.22915
0.86522 0.34241 0.00073
0.14630 0.00416 0.15738
0.87955 0.33111 0.00048
0.03294 0.00034 0.14066
0.88782 0.29786 0.00020
0.01144 0.00010 0.16891
0.93920 0.20804 0.00009
0.03732 0.00015 0.42526
0.98342 0.67053 0.00002
0.01697 0.00006 0.59473
0.99037 0.79471 0.00002
0.00938 0.00004 0.71282
0.99990 0.93667 0.00003
0.00010 0.00004 0.95828
0.99991 0.95832 0.00002
0.00004 0.00003 0.99565
1.00000 1.00000 0.00000
0.56071 0.23654 0.11008
0.43804 0.11880 0.18635
0.50041 0.17987 0.11505
0.38742 0.07783 0.22399
0.57855 0.17610 0.05990
0.42286 0.06892 0.14058
0.54642 0.16175 0.08105
0.47012 0.09638 0.11484
0.56765 0.15960 0.08804
0.44394 0.06995 0.10218
0.65093 0.23483 0.05471
0.48770 0.11263 0.13029
0.41461 0.08190 0.11204
0.57491 0.14926 0.08079
0.43017 0.06921 0.07024
0.57993 0.12578 0.07384
0.29926 0.03227 0.14277
0.71070 0.16269 0.03561
0.33496 0.04202 0.10684
0.73815 0.15539 0.02144
0.40471 0.02104 0.03864
0.60135 0.03726 0.01176
0.46792 0.00868 0.01010
0.63162 0.02402 0.01081
0.41803 0.00788 0.01508
0.51711 0.00035 0.00013
0.53272 0.00040 0.00014
0.50949 0.00032 0.00012
0.61986 0.00046 0.00011
0.38140 0.00025 0.00017
0.75561 0.00069 0.00009
0.35170 0.00025 0.00020
0.73085 0.00065 0.00010
0.22952 0.00015 0.00039
0.85608 0.00088 0.00008
0.14869 0.00013 0.00067
0.87385 0.00071 0.00007
0.10019 0.00011 0.00095
0.94020 0.00064 0.00005
0.07046 0.00008 0.00075
0.55776 0.00017 0.00016
0.47460 0.00015 0.00019
0.49953 0.00013 0.00020
0.61102 0.00016 0.00015
0.50661 0.00013 0.00020
0.34575 0.00010 0.00030
0.66518 0.00014 0.00014
0.48844 0.00012 0.00022
0.70777 0.00015 0.00014
0.27980 0.00009 0.00037
0.63035 0.29578 0.08908
0.48573 0.16940 0.18424
0.53694 0.22636 0.12891
0.54855 0.20936 0.18220
0.58822 0.30198 0.10688
0.62838 0.20986 0.13942
0.35509 0.11237 0.20744
0.82564 0.39096 0.06795
0.15211 0.04246 0.42039
0.91194 0.53719 0.02655
0.10768 0.01082 0.47954
0.77346 0.48398 0.03635
0.20216 0.03062 0.48769
0.89091 0.63147 0.02339
0.08110 0.00773 0.59463
0.94564 0.78605 0.00672
0.14821 0.01402 0.57091
0.92196 0.72803 0.00923
0.40422 0.06369 0.35804
0.87211 0.56234 0.01177
0.33643 0.03076 0.34704
0.86202 0.46369 0.00568
0.15775 0.01432 0.33769
0.90633 0.51630 0.00532
0.21387 0.04157 0.30229
0.65483 0.40070 0.10490
0.07656 0.01898 0.57196
0.78935 0.52854 0.05450
0.10815 0.00841 0.49261
0.85937 0.19735 0.01012
0.09225 0.00565 0.45173
0.90339 0.44166 0.00800
0.09944 0.00396 0.47516
0.90515 0.42208 0.00515
0.04778 0.00224 0.52844
0.91496 0.40777 0.00420
0.05166 0.00226 0.50815
0.92838 0.36030 0.00330
0.06641 0.00467 0.51112
0.92598 0.35700 0.00596
0.10676 0.01058 0.43492
0.95132 0.24803 0.00443
0.13786 0.01222 0.32642
0.96792 0.24369 0.00057
0.01088 0.00013 0.42069
0.96568 0.22691 0.00007
0.02074 0.00024 0.21600
0.91684 0.16943 0.00021
0.01939 0.00023 0.30434
0.91466 0.23565 0.00052
0.02103 0.00026 0.44822
0.91318 0.11829 0.00019
0.06821 0.00044 0.04980
0.86639 0.16314 0.00024
0.14089 0.00077 0.04012
0.93612 0.06325 0.00014
0.02322 0.00008 0.00128
0.99714 0.00661 0.00002
0.00225 0.00006 0.00824
0.99803 0.00407 0.00003
0.00433 0.00004 0.00171
0.99582 0.00138 0.00003
0.00467 0.00004 0.00159
0.99690 0.00113 0.00002
0.00433 0.00004 0.00171
1.00000 0.00000 0.00000
0.48041 0.14839 0.16337
0.52260 0.16777 0.11503
0.56232 0.24962 0.14460
0.46703 0.15182 0.17265
0.48807 0.12955 0.16578
0.50852 0.18698 0.13196
0.43028 0.07348 0.18908
0.61650 0.20154 0.04148
0.35035 0.05004 0.15509
0.62586 0.11829 0.05194
0.27112 0.01894 0.07606
0.74738 0.08272 0.01471
0.23513 0.01363 0.06577
0.75432 0.06804 0.01843
0.27201 0.01172 0.02847
0.73245 0.04332 0.01851
0.25103 0.00555 0.02803
0.72230 0.05629 0.02070
0.13355 0.00365 0.06781
0.79936 0.09222 0.01235
0.37438 0.03404 0.04591
0.96262 0.00252 0.00005
0.04563 0.00006 0.00176
0.88826 0.00107 0.00007
0.08955 0.00011 0.00077
0.90113 0.00045 0.00005
0.16436 0.00010 0.00045
0.95166 0.00044 0.00004
0.12182 0.00010 0.00044
0.95175 0.00043 0.00004
0.05852 0.00009 0.00041
0.94073 0.00029 0.00005
0.05892 0.00007 0.00048
0.95005 0.00021 0.00004
0.04609 0.00006 0.00056
0.94000 0.00017 0.00005
0.05719 0.00006 0.00057
0.96278 0.00017 0.00004
0.01352 0.00004 0.00079
1.00000 0.00000 0.00000
0.56525 0.22558 0.12022
0.42149 0.12356 0.15190
0.58287 0.20119 0.13135
0.36154 0.09010 0.17651
0.62971 0.24190 0.10254
0.40147 0.13572 0.20240
0.58630 0.18834 0.12121
0.36347 0.10249 0.20672
0.39249 0.09618 0.19085
0.52191 0.16909 0.13761
0.61818 0.23512 0.10885
0.17252 0.04142 0.47318
0.73231 0.33159 0.07404
0.27062 0.05079 0.26696
0.58542 0.19993 0.09721
0.48707 0.23050 0.15679
0.43199 0.08253 0.21499
0.62359 0.33968 0.09928
0.38553 0.05803 0.23822
0.50570 0.13898 0.08357
0.38511 0.03838 0.16471
0.71760 0.14265 0.02581
0.42750 0.04682 0.13586
0.52331 0.17897 0.08194
0.11850 0.01225 0.41663
0.88910 0.52845 0.01191
0.08021 0.00289 0.45694
0.93326 0.52852 0.00826
0.08847 0.00346 0.33744
0.94164 0.47985 0.01000
0.03309 0.00107 0.49128
0.95799 0.50095 0.00630
0.03235 0.00088 0.51825
0.95228 0.40251 0.00305
0.02080 0.00044 0.44548
0.98283 0.49681 0.00015
0.00380 0.00003 0.53324
0.98783 0.53681 0.00002
0.00124 0.00003 0.79042
0.98201 0.53835 0.00002
0.00285 0.00001 0.77099
0.99378 0.84462 0.00002
0.01109 0.00004 0.54527
0.99934 0.85229 0.00001
0.00020 0.00006 0.72263
0.99998 0.90623 0.00001
0.00013 0.00005 0.85343
0.99989 0.89351 0.00003
0.00012 0.00005 0.84412
0.99992 0.94521 0.00002
0.00014 0.00005 0.91943
0.99990 0.95156 0.00002
0.54791 0.22666 0.14189
0.43316 0.13868 0.21085
0.55927 0.22933 0.14688
0.44600 0.16517 0.21050
0.57403 0.24846 0.12328
0.37673 0.11645 0.24080
0.34728 0.10500 0.27802
0.51836 0.25015 0.14127
0.31156 0.08775 0.31176
0.48458 0.21421 0.15239
0.48841 0.14278 0.20833
0.56380 0.33925 0.12324
0.61153 0.24047 0.15197
0.38416 0.14927 0.22727
0.50026 0.15120 0.19628
0.44710 0.15018 0.16729
0.45962 0.09978 0.11627
0.36637 0.09829 0.22782
0.51626 0.18104 0.14530
0.61995 0.38937 0.12644
0.39817 0.07815 0.13581
0.52399 0.33176 0.16755
0.41600 0.11997 0.21386
0.43139 0.13264 0.19566
0.59721 0.27625 0.18662
0.50548 0.26147 0.21225
0.28522 0.11967 0.42252
0.71018 0.55208 0.14534
0.23573 0.08004 0.51302
0.71834 0.58559 0.12933
0.28890 0.08970 0.44549
0.61265 0.49235 0.15955
0.45283 0.15141 0.35513
0.62088 0.42903 0.10076
0.56839 0.26692 0.29673
0.71265 0.55353 0.06858
0.30148 0.05431 0.37452
0.87387 0.71077 0.01654
0.26340 0.09021 0.50931
0.88090 0.76996 0.02656
0.54916 0.31301 0.34134
0.50777 0.38992 0.18160
0.52989 0.23213 0.30786
0.18574 0.11913 0.55243
0.61756 0.41454 0.29327
0.73495 0.47460 0.11081
0.31448 0.08785 0.38574
0.85948 0.45083 0.05255
0.16419 0.02155 0.30728
0.85976 0.26336 0.03011
0.12923 0.01554 0.21520
0.85137 0.19703 0.01669
0.21299 0.03655 0.19522
0.88126 0.24258 0.00610
0.08452 0.00627 0.27212
0.92718 0.27730 0.00322
0.14419 0.00811 0.29400
0.95230 0.20697 0.00316
0.26495 0.02584 0.15500
0.89797 0.14829 0.00833
0.11640 0.00544 0.14733
0.94420 0.13708 0.00053
0.02723 0.00063 0.10303
0.95971 0.14297 0.00013
0.00886 0.00011 0.25854
0.99263 0.42540 0.00003
0.00033 0.00009 0.66495
0.99997 0.74251 0.00001
0.00020 0.00007 0.76664
0.99980 0.46849 0.00003
0.00058 0.00011 0.44986
0.99975 0.49222 0.00004
0.00083 0.00018 0.52905
0.99976 0.84247 0.00004
0.00030 0.00008 0.89754
1.00000 0.00000 0.00000
0.65896 0.27056 0.07513
0.40487 0.12722 0.20170
0.72113 0.40061 0.07277
0.32613 0.07126 0.25021
0.72237 0.35809 0.06764
0.24978 0.05136 0.27030
0.69314 0.27980 0.08014
0.28034 0.06138 0.20521
0.71540 0.31903 0.08403
0.20919 0.02669 0.23606
0.82887 0.38720 0.02677
0.21424 0.01912 0.26210
0.78681 0.30495 0.02387
0.27102 0.03013 0.17137
0.80233 0.12159 0.01642
0.23382 0.01967 0.15557
0.89350 0.18182 0.00637
0.16331 0.00581 0.05232
0.80511 0.07613 0.00809
0.15974 0.00395 0.04564
0.83349 0.07945 0.00239
0.13099 0.00316 0.05380
0.89889 0.09579 0.00119
0.06515 0.00024 0.08152
0.86558 0.20746 0.00082
0.04483 0.00026 0.05522
0.91784 0.12254 0.00048
0.05509 0.00016 0.04200
0.89031 0.09313 0.00017
0.12234 0.00052 0.04802
0.94378 0.09714 0.00022
0.01150 0.00004 0.02023
0.99551 0.00414 0.00002
0.00585 0.00005 0.00231
0.98854 0.00090 0.00003
0.00607 0.00004 0.00145
0.99360 0.00110 0.00003
0.00600 0.00004 0.00135
0.99283 0.00089 0.00003
0.00514 0.00004 0.00147
0.99366 0.00052 0.00003
0.42026 0.11374 0.19576
0.61442 0.28985 0.08602
0.45765 0.13242 0.18224
0.56488 0.20813 0.09855
0.33995 0.05103 0.16703
0.67898 0.18076 0.04027
0.42014 0.08044 0.11805
0.49449 0.15787 0.15112
0.51320 0.14334 0.10645
0.57142 0.20166 0.11928
0.52099 0.24443 0.19206
0.57754 0.31522 0.17257
0.25576 0.07251 0.44327
0.57681 0.28452 0.16043
0.39649 0.10094 0.24743
0.70009 0.34501 0.07192
0.42242 0.08496 0.29552
0.69603 0.36190 0.05008
0.46942 0.10703 0.19113
0.65274 0.22478 0.04412
0.33812 0.05700 0.21714
0.62203 0.22997 0.06155
0.38285 0.05798 0.23398
0.63141 0.18656 0.03929
0.28372 0.02454 0.15257
0.42124 0.11781 0.08866
0.25216 0.01413 0.08084
0.82601 0.24765 0.01439
0.04604 0.00579 0.58541
0.93717 0.55128 0.00579
0.04693 0.00574 0.60472
0.91368 0.50378 0.00723
0.00464 0.00033 0.49920
0.93381 0.61371 0.00044
0.00289 0.00019 0.51500
0.99986 0.47490 0.00003
0.00036 0.00007 0.39618
0.99984 0.52863 0.00003
0.00035 0.00008 0.47344
0.99985 0.67928 0.00003
0.00027 0.00008 0.66027
0.99993 0.93538 0.00002
0.00004 0.00003 0.98281
0.99970 0.85172 0.00006
0.00032 0.00006 0.88300
1.00000 0.00000 0.00000
0.40807 0.08251 0.13241
0.67409 0.30436 0.08317
0.35140 0.07865 0.17057
0.64958 0.18076 0.07327
0.39714 0.11644 0.15533
0.71487 0.15418 0.05885
0.26340 0.06321 0.17355
0.70860 0.15439 0.08363
0.33753 0.10091 0.13193
0.54272 0.08044 0.16810
0.47616 0.14055 0.14286
0.71888 0.17949 0.05722
0.20890 0.04766 0.29717
0.89097 0.36976 0.01605
0.25738 0.08239 0.32206
0.80758 0.29016 0.03111
0.33024 0.05511 0.13799
0.79358 0.17277 0.01192
0.20888 0.01476 0.13178
0.85210 0.22156 0.00380
0.18980 0.00808 0.17070
0.83758 0.29882 0.00309
0.12561 0.00291 0.28222
0.86144 0.30759 0.00066
0.06905 0.00077 0.35934
0.89595 0.46074 0.00042
0.08621 0.00085 0.38077
0.92907 0.44005 0.00024
0.02376 0.00021 0.50169
0.93723 0.50767 0.00018
0.05996 0.00089 0.28482
0.80003 0.25860 0.00044
0.08668 0.00153 0.27689
0.96621 0.22736 0.00005
0.07511 0.00108 0.21634
0.97083 0.18563 0.00010
0.00219 0.00006 0.07249
0.99963 0.06977 0.00002
0.00135 0.00005 0.04389
0.99963 0.04043 0.00002
0.00162 0.00005 0.02438
0.99973 0.07011 0.00002
0.00140 0.00016 0.21408
0.99834 0.00700 0.00003
0.00318 0.00004 0.00220
0.99788 0.00157 0.00002
1.00000 0.00000 0.00000
0.65713 0.34366 0.09883
0.44366 0.12380 0.22550
0.46224 0.16813 0.16456
0.56568 0.17717 0.15779
0.38891 0.11887 0.21044
0.63132 0.19099 0.14138
0.34014 0.09115 0.22153
0.71642 0.24635 0.10416
0.27312 0.06431 0.24287
0.70546 0.23932 0.12905
0.31574 0.05379 0.24632
0.66141 0.24215 0.11059
0.18006 0.03468 0.20720
0.67469 0.13089 0.12366
0.29729 0.05529 0.14467
0.58121 0.13072 0.10038
0.47740 0.03825 0.07844
0.43648 0.04097 0.07872
0.56649 0.04802 0.03273
0.44995 0.03677 0.06978
0.51997 0.09408 0.05021
0.37957 0.02680 0.07597
0.51726 0.03484 0.06728
0.23487 0.00918 0.05044
0.76149 0.04876 0.01469
0.27516 0.01333 0.04683
0.79946 0.03055 0.00729
0.07475 0.00066 0.01819
0.91033 0.00165 0.00009
0.08901 0.00011 0.00073
0.95327 0.00156 0.00006
0.04535 0.00008 0.00073
0.98104 0.00071 0.00003
0.02331 0.00006 0.00081
0.98466 0.00066 0.00003
0.01251 0.00005 0.00094
0.95279 0.00024 0.00004
0.08248 0.00006 0.00059
0.93305 0.00020 0.00006
0.14487 0.00008 0.00052
0.52483 0.00012 0.00021
0.49453 0.16159 0.14662
0.50876 0.20593 0.14629
0.38863 0.07754 0.31920
0.58837 0.30186 0.10063
0.55001 0.12054 0.19835
0.43486 0.17390 0.14005
0.61738 0.14175 0.17155
0.40746 0.15665 0.13090
0.52716 0.08872 0.20294
0.43907 0.19400 0.12873
0.56812 0.09968 0.19464
0.27185 0.09222 0.17169
0.85741 0.19000 0.05065
0.22901 0.07233 0.16814
0.92554 0.21617 0.02261
0.22437 0.01710 0.08997
0.85723 0.11006 0.02118
0.33779 0.03199 0.04544
0.77470 0.13141 0.02902
0.48100 0.13089 0.04577
0.76490 0.11085 0.02002
0.42850 0.02279 0.02717
0.71890 0.06983 0.01858
0.46715 0.00963 0.01349
0.75395 0.07539 0.01582
0.35106 0.00376 0.02342
0.77596 0.08493 0.01181
0.44139 0.00322 0.01726
0.73934 0.06222 0.00916
0.31616 0.00157 0.02057
0.79255 0.05118 0.00278
0.16537 0.00026 0.02302
0.85126 0.04511 0.00015
0.07936 0.00012 0.02998
0.89894 0.00141 0.00008
0.13310 0.00011 0.00075
0.85593 0.00055 0.00007
0.01399 0.00005 0.00116
0.99322 0.00160 0.00002
0.00985 0.00005 0.00121
0.98809 0.00069 0.00003
0.00487 0.00004 0.00155
0.99421 0.00063 0.00003
0.53742 0.21773 0.12280
0.45114 0.16109 0.19559
0.45350 0.14804 0.16903
0.46199 0.14637 0.15111
0.55272 0.20167 0.11658
0.44845 0.14904 0.19127
0.49395 0.18936 0.14624
0.51528 0.14567 0.14483
0.52878 0.20079 0.12368
0.56787 0.20772 0.12797
0.40798 0.12972 0.21530
0.63251 0.26750 0.09071
0.43189 0.17284 0.28832
0.42873 0.17485 0.23228
0.49895 0.22254 0.26857
0.35949 0.14944 0.30696
0.49330 0.26224 0.21534
0.67424 0.43581 0.11452
0.67684 0.40509 0.17174
0.51893 0.27128 0.18515
0.44134 0.19834 0.34826
0.46125 0.23882 0.18554
0.68086 0.40662 0.18686
0.49569 0.29590 0.19246
0.42254 0.19783 0.38842
0.71471 0.55272 0.08589
0.71259 0.46359 0.18614
0.29117 0.12623 0.30315
0.89470 0.64824 0.04696
0.35885 0.19310 0.34438
0.85344 0.52202 0.04821
0.20350 0.07159 0.45045
0.86241 0.58041 0.05313
0.50232 0.23276 0.19163
0.42597 0.20619 0.31208
0.58316 0.28928 0.12398
0.19033 0.05509 0.56211
0.79784 0.57051 0.04733
0.21757 0.04311 0.55974
0.78953 0.59585 0.03601
0.14413 0.02468 0.52278
0.85957 0.68805 0.02862
0.12543 0.02683 0.59266
0.86104 0.67218 0.02510
0.14013 0.02623 0.63541
0.82874 0.62853 0.03419
0.05045 0.00254 0.80631
0.96358 0.85912 0.00532
0.05733 0.00315 0.80365
0.97026 0.87227 0.00483
0.04568 0.00132 0.80230
0.84105 0.42334 0.00736
0.11392 0.00935 0.63999
0.73177 0.45674 0.05121
0.28072 0.02928 0.38630
0.44704 0.12659 0.10502
0.54468 0.07000 0.11118
0.58994 0.24036 0.06225
0.44082 0.05631 0.16296
0.31056 0.06550 0.12498
0.42918 0.05704 0.12340
0.63813 0.10762 0.04241
0.17575 0.02262 0.09953
0.77507 0.25603 0.01888
0.13108 0.00289 0.07473
0.85447 0.07326 0.00482
0.21208 0.01369 0.09143
0.84872 0.06098 0.00160
0.22281 0.01838 0.08863
0.99472 0.01853 0.00006
0.00951 0.00005 0.00493
0.99815 0.01231 0.00002
0.00668 0.00005 0.00302
0.99569 0.00356 0.00002
0.00921 0.00006 0.00179
0.98910 0.00088 0.00003
0.00967 0.00005 0.00102
0.98577 0.00046 0.00003
0.01044 0.00004 0.00090
0.99362 0.00087 0.00003
0.00550 0.00004 0.00139
1.00000 0.00000 0.00000
0.45007 0.12076 0.18060
0.45575 0.15366 0.15487
0.51856 0.19735 0.16120
0.44607 0.15816 0.17514
0.43438 0.13066 0.20730
0.49839 0.18456 0.16437
0.41874 0.11963 0.19957
0.48441 0.13359 0.16303
0.42520 0.06885 0.14215
0.38893 0.07012 0.13573
0.47336 0.07597 0.11010
0.36889 0.04493 0.13648
0.57676 0.14082 0.07106
0.33253 0.02543 0.11569
0.50159 0.06179 0.04926
0.35815 0.02034 0.09875
0.50870 0.08464 0.03417
0.51439 0.01366 0.03810
0.56021 0.04419 0.01141
0.40225 0.00632 0.02727
0.37440 0.00023 0.00015
0.63339 0.00050 0.00013
0.29735 0.00017 0.00023
0.80344 0.00083 0.00010
0.21162 0.00014 0.00035
0.91227 0.00151 0.00007
0.11284 0.00011 0.00062
0.90636 0.00070 0.00006
0.10093 0.00009 0.00047
0.96713 0.00083 0.00004
0.07571 0.00010 0.00048
0.96273 0.00055 0.00004
0.02902 0.00006 0.00071
0.97062 0.00033 0.00004
0.03804 0.00006 0.00068
0.95804 0.00025 0.00004
0.01110 0.00004 0.00091
0.97416 0.00016 0.00003
0.02347 0.00005 0.00070
0.01776 0.00004 0.00070
1.00000 0.00000 0.00000
0.50344 0.19412 0.14331
0.47473 0.14153 0.16532
0.42068 0.12894 0.20243
0.52418 0.14465 0.12046
0.40413 0.11114 0.17911
0.50100 0.17366 0.16255
0.49237 0.16821 0.14911
0.46535 0.12596 0.13936
0.34698 0.09555 0.21103
0.62684 0.23441 0.09198
0.29858 0.05104 0.27424
0.66292 0.26314 0.07462
0.36810 0.06759 0.21418
0.60346 0.17524 0.08730
0.43451 0.08140 0.15630
0.53666 0.13750 0.06898
0.22784 0.03904 0.30443
0.75552 0.31078 0.06723
0.42359 0.13413 0.13157
0.64645 0.09820 0.11674
0.41194 0.07601 0.09951
0.73655 0.14172 0.06915
0.35229 0.05387 0.12993
0.58003 0.07240 0.06487
0.63063 0.08237 0.04438
0.34626 0.02771 0.07433
0.67473 0.13536 0.03037
0.14983 0.01379 0.31160
0.91475 0.14521 0.00667
0.05683 0.00190 0.28403
0.98660 0.02547 0.00012
0.01462 0.00005 0.00573
0.99649 0.02782 0.00005
0.00150 0.00003 0.01049
0.99885 0.01391 0.00002
0.00160 0.00003 0.00928
0.99580 0.00283 0.00002
0.00403 0.00005 0.00311
0.99509 0.00173 0.00002
0.00426 0.00004 0.00186
0.99731 0.00295 0.00003
0.00242 0.00005 0.00275
0.99862 0.00257 0.00002
0.45913 0.16405 0.15517
0.51842 0.19896 0.14869
0.50954 0.18238 0.14051
0.50122 0.22052 0.18181
0.41808 0.15330 0.25309
0.54629 0.27182 0.18346
0.46535 0.20965 0.22416
0.59016 0.26251 0.15826
0.56230 0.26425 0.12442
0.52470 0.20982 0.15771
0.37133 0.10506 0.26154
0.63438 0.27603 0.09029
0.49259 0.15802 0.16634
0.38862 0.12882 0.21513
0.59144 0.22517 0.12099
0.52698 0.21944 0.13946
0.62314 0.25444 0.13412
0.28313 0.08512 0.31841
0.69303 0.31664 0.11844
0.24735 0.08765 0.37101
0.74199 0.38687 0.08585
0.40985 0.20270 0.23614
0.47893 0.18187 0.27637
0.53766 0.28150 0.15249
0.53736 0.18472 0.23512
0.71261 0.39399 0.06955
0.35023 0.09986 0.30355
0.64739 0.27806 0.08960
0.57955 0.23179 0.16192
0.42657 0.21991 0.26547
0.73575 0.40576 0.08294
0.17720 0.04893 0.45067
0.79634 0.33622 0.03471
0.28167 0.06056 0.29264
0.68633 0.17159 0.05571
0.21430 0.02123 0.25527
0.85981 0.50792 0.01955
0.03344 0.00177 0.56487
0.97141 0.73537 0.00411
0.08182 0.01014 0.52005
0.92767 0.36392 0.00604
0.12228 0.00548 0.21100
0.83424 0.41388 0.03362
0.26379 0.02230 0.21972
0.79772 0.29205 0.03619
0.20524 0.00875 0.15805
0.81316 0.15916 0.01506
0.06816 0.00217 0.31406
0.92233 0.38526 0.01342
0.02238 0.00059 0.48940
0.92129 0.44164 0.00963
0.15447 0.01779 0.36271
0.89819 0.44705 0.01139
0.03332 0.00080 0.56822
0.90507 0.50150 0.00745
0.00661 0.00015 0.72693
0.90195 0.40400 0.00038
0.01413 0.00018 0.48623
0.94981 0.40151 0.00010
0.00354 0.00004 0.44983
0.99511 0.63135 0.00001
0.01706 0.00051 0.27076
0.99921 0.45113 0.00002
0.00119 0.00014 0.25947
0.99991 0.38144 0.00002
0.00096 0.00015 0.37923
0.99983 0.76713 0.00004
0.00047 0.00009 0.50472
0.99982 0.78508 0.00004
0.00016 0.00008 0.91678
0.99989 0.94568 0.00003
0.00010 0.00004 0.96952
1.00000 1.00000 0.00000
0.48109 0.16524 0.15085
0.46617 0.13515 0.17418
0.51879 0.16999 0.11303
0.42906 0.11509 0.20479
0.52524 0.18455 0.10899
0.44975 0.11993 0.19958
0.41688 0.14220 0.14312
0.50650 0.14449 0.18496
0.44805 0.14827 0.13366
0.65079 0.17892 0.12603
0.43478 0.10951 0.10367
0.49942 0.08881 0.13460
0.30483 0.06330 0.11832
0.63591 0.11190 0.08730
0.30235 0.08824 0.10115
0.68685 0.09345 0.06148
0.54731 0.23623 0.06373
0.24867 0.03079 0.30425
0.57316 0.22785 0.04879
0.32170 0.01526 0.13222
0.59148 0.08881 0.04075
0.34589 0.01691 0.08011
0.47406 0.05602 0.06894
0.22801 0.01057 0.16184
0.77132 0.11255 0.01477
0.19440 0.00997 0.16732
0.83644 0.04730 0.00675
0.22026 0.00925 0.10425
0.80294 0.04215 0.00704
0.17533 0.00518 0.14739
0.85595 0.08731 0.00381
0.10633 0.00414 0.18534
0.89688 0.29038 0.00090
0.07118 0.00163 0.26428
0.94973 0.29886 0.00009
0.00796 0.00004 0.28403
0.92873 0.26808 0.00005
0.00645 0.00002 0.33567
0.92849 0.37328 0.00005
0.00909 0.00005 0.39090
0.99991 0.76229 0.00003
0.00009 0.00005 0.94045
0.99994 0.96914 0.00002
0.00005 0.00003 0.98571
0.99998 0.98951 0.00001
0.00003 0.00003 0.99752
1.00000 1.00000 0.00000
0.46423 0.13867 0.17967
0.61496 0.27653 0.09109
0.37757 0.09395 0.24172
0.56254 0.22709 0.08016
0.31257 0.05901 0.43045
0.76802 0.46627 0.02798
0.35198 0.04551 0.40193
0.68743 0.33568 0.06028
0.30769 0.04182 0.46418
0.69012 0.36163 0.04288
0.16266 0.04256 0.54740
0.91793 0.75871 0.01545
0.05470 0.01313 0.75522
0.92711 0.76500 0.01611
0.08283 0.01181 0.59576
0.98786 0.90703 0.00163
0.02764 0.00255 0.67171
0.98108 0.72154 0.00074
0.03354 0.00154 0.71431
0.96937 0.76937 0.00120
0.02982 0.00100 0.70633
0.97202 0.74515 0.00133
0.09223 0.00424 0.62598
0.96648 0.78090 0.00069
0.02269 0.00035 0.73188
0.94867 0.79085 0.00029
0.01649 0.00022 0.67231
0.94704 0.77039 0.00036
0.00740 0.00009 0.74399
0.94996 0.85402 0.00021
0.00516 0.00003 0.88936
0.95476 0.82026 0.00009
0.00932 0.00007 0.81499
0.95614 0.76796 0.00007
0.02472 0.00005 0.84271
0.99474 0.96945 0.00001
0.00032 0.00000 0.98186
0.99788 0.96132 0.00000
0.00014 0.00000 0.98188
0.99739 0.95587 0.00000
0.00253 0.00000 0.91580
0.99979 0.94738 0.00003
0.00002 0.00002 0.99856
1.00000 1.00000 0.00000
0.52560 0.19241 0.13384
0.41230 0.12729 0.19724
0.58720 0.28015 0.10741
0.53698 0.18406 0.14930
0.53057 0.20494 0.12845
0.57037 0.21279 0.12669
0.64483 0.27111 0.10495
0.29997 0.06489 0.24484
0.65902 0.28408 0.07975
0.41499 0.11278 0.19940
0.60514 0.21931 0.05716
0.45380 0.08935 0.15358
0.63903 0.32909 0.07509
0.43050 0.05937 0.18279
0.59031 0.21346 0.08497
0.46017 0.10306 0.12071
0.60085 0.24570 0.08126
0.32737 0.07895 0.27316
0.68433 0.35486 0.05446
0.20486 0.03826 0.42121
0.78016 0.49584 0.02371
0.61726 0.18711 0.16418
0.31985 0.10338 0.21457
0.61702 0.20442 0.24103
0.40759 0.17830 0.14541
0.55793 0.13946 0.18629
0.50424 0.27194 0.12197
0.73093 0.29550 0.12748
0.52190 0.28669 0.11641
0.44281 0.09914 0.27737
0.64682 0.37791 0.06215
0.21722 0.02668 0.48371
0.54519 0.20411 0.06714
0.49839 0.07185 0.14888
0.59440 0.15047 0.06762
0.50854 0.06091 0.14452
0.46126 0.08999 0.07328
0.36471 0.04192 0.09890
0.49841 0.06239 0.07493
0.56931 0.07352 0.06715
0.48346 0.05507 0.06616
0.28152 0.02163 0.06701
0.79880 0.11987 0.01894
0.18071 0.02311 0.24513
0.86346 0.37320 0.01487
0.03333 0.00303 0.35843
0.89633 0.55827 0.00790
0.03072 0.00327 0.35313
0.87739 0.34246 0.00202
0.10572 0.00765 0.31803
0.89673 0.44448 0.00041
0.01164 0.00175 0.50923
0.92587 0.52831 0.00021
0.00283 0.00029 0.64302
0.95394 0.68558 0.00008
0.00130 0.00008 0.71591
0.96795 0.86917 0.00011
0.00105 0.00011 0.90326
0.99999 0.95521 0.00001
0.00009 0.00005 0.92432
0.99999 0.96809 0.00001
0.00004 0.00003 0.97052
0.99986 0.86505 0.00003
0.00004 0.00003 0.99710
1.00000 1.00000 0.00000
0.56690 0.23311 0.11970
0.48909 0.20244 0.18285
0.54169 0.22085 0.15270
0.49889 0.21774 0.17258
0.47497 0.17866 0.18754
0.56922 0.17039 0.18576
0.34877 0.12914 0.23855
0.76017 0.29777 0.09712
0.22497 0.04548 0.25499
0.71054 0.22135 0.09966
0.18941 0.06556 0.36500
0.83150 0.33731 0.04334
0.37847 0.21650 0.19871
0.81741 0.30798 0.07345
0.18701 0.05402 0.34104
0.64059 0.30997 0.09679
0.47742 0.14477 0.24756
0.25588 0.10226 0.29698
0.40193 0.06284 0.19128
0.62697 0.26151 0.02247
0.31623 0.01507 0.20881
0.73369 0.28070 0.00705
0.29703 0.01226 0.21030
0.76733 0.22410 0.00688
0.27686 0.00922 0.21967
0.81832 0.27037 0.00348
0.21350 0.00632 0.24259
0.85889 0.22078 0.00080
0.00850 0.00005 0.28508
0.98043 0.35352 0.00005
0.00324 0.00002 0.52470
0.98737 0.64808 0.00003
0.00340 0.00001 0.31030
0.98388 0.56284 0.00003
0.00208 0.00001 0.38462
0.98441 0.47196 0.00003
0.04659 0.00017 0.43783
0.83282 0.21911 0.00011
0.03877 0.00011 0.40750
0.98551 0.61073 0.00002
0.02015 0.00005 0.52835
0.98702 0.63914 0.00003
0.02372 0.00003 0.40660
0.98594 0.64352 0.00005
0.00845 0.00001 0.52876
0.99492 0.68973 0.00001
0.02416 0.00003 0.34298
0.99678 0.75614 0.00004
0.00035 0.00009 0.67941
0.99988 0.92129 0.00003
0.00020 0.00007 0.92321
0.99909 0.47716 0.00009
0.00160 0.00010 0.26331
1.00000 0.00000 0.00000
0.46903 0.14292 0.15294
0.45891 0.12785 0.16680
0.47578 0.16153 0.13640
0.50045 0.14268 0.14512
0.38550 0.11270 0.17329
0.65977 0.27555 0.09714
0.45072 0.17670 0.15539
0.48040 0.16628 0.17531
0.53426 0.18821 0.13663
0.57704 0.17626 0.12595
0.32819 0.08566 0.22326
0.74768 0.35292 0.07188
0.13223 0.02592 0.53436
0.87159 0.47601 0.02038
0.14678 0.02648 0.58127
0.85685 0.49881 0.01916
0.18850 0.02465 0.57394
0.81404 0.51854 0.02220
0.24472 0.06937 0.60770
0.68284 0.38109 0.04551
0.17308 0.02800 0.64596
0.57934 0.28174 0.06793
0.31284 0.04176 0.32800
0.65142 0.23948 0.05894
0.21363 0.03557 0.41390
0.79297 0.39498 0.04376
0.43362 0.09318 0.17241
0.25506 0.06078 0.17107
0.67596 0.27000 0.10199
0.24422 0.03578 0.22621
0.40360 0.05180 0.06323
0.56476 0.06167 0.08755
0.45192 0.09652 0.05758
0.71405 0.03773 0.03081
0.36345 0.05209 0.03279
0.41857 0.02366 0.06922
0.64365 0.10638 0.02633
0.33173 0.00863 0.05490
0.44643 0.00076 0.00047
0.53534 0.00042 0.00015
0.55675 0.00050 0.00016
0.55916 0.00031 0.00014
0.48949 0.00037 0.00020
0.57486 0.00035 0.00013
0.50312 0.00029 0.00015
0.56571 0.00030 0.00014
0.42447 0.00018 0.00021
0.38536 0.00016 0.00021
0.55684 0.00019 0.00015
0.54754 0.00017 0.00016
0.40842 0.00014 0.00021
0.68169 0.00017 0.00012
0.28890 0.00010 0.00032
0.67980 0.00015 0.00014
0.28002 0.00010 0.00034
0.92508 0.00020 0.00006
0.06922 0.00006 0.00059
0.35601 0.11297 0.28769
0.68435 0.34848 0.08036
0.40420 0.14397 0.24591
0.61189 0.28594 0.11134
0.59620 0.34368 0.15098
0.49130 0.25388 0.21761
0.73729 0.46218 0.07908
0.34301 0.14978 0.32473
0.73799 0.41594 0.07447
0.43646 0.17981 0.27380
0.57107 0.28181 0.14057
0.50835 0.25231 0.26057
0.45803 0.23665 0.21626
0.50069 0.30143 0.26978
0.64445 0.42741 0.13677
0.33666 0.22382 0.51168
0.66775 0.44240 0.10606
0.21839 0.09058 0.58949
0.86888 0.68593 0.03105
0.24261 0.06458 0.61417
0.77730 0.57433 0.04366
0.12203 0.03082 0.78940
0.78137 0.57207 0.04532
0.37802 0.11268 0.49885
0.78868 0.55426 0.04948
0.35264 0.09655 0.51443
0.80149 0.41864 0.05250
0.35262 0.09236 0.27855
0.80017 0.24587 0.03167
0.24965 0.04872 0.28200
0.83077 0.23842 0.03258
0.38325 0.15144 0.14253
0.71249 0.12637 0.05878
0.38400 0.13620 0.14126
0.65993 0.14707 0.06466
0.46476 0.09308 0.07748
0.64227 0.08860 0.06031
0.20963 0.05811 0.07512
0.36247 0.02899 0.12428
0.45080 0.07798 0.02546
0.29280 0.01227 0.07935
0.64428 0.04937 0.01996
0.19324 0.00387 0.09471
0.78149 0.04674 0.01007
0.04804 0.00012 0.00589
0.97389 0.00351 0.00005
0.07165 0.00008 0.00126
0.87409 0.00048 0.00007
0.09289 0.00009 0.00063
0.86492 0.00033 0.00008
0.11669 0.00008 0.00056
0.90602 0.00024 0.00007
0.08744 0.00007 0.00062
0.93114 0.00021 0.00006
0.06473 0.00006 0.00062
0.93937 0.00017 0.00005
0.88453 0.00013 0.00007
0.12983 0.00007 0.00048
0.46225 0.15145 0.15780
0.47142 0.14689 0.16226
0.40769 0.09686 0.20869
0.60923 0.26028 0.08631
0.38582 0.09791 0.29090
0.55029 0.23339 0.12720
0.49735 0.11663 0.21055
0.44181 0.16493 0.16628
0.46066 0.09917 0.22373
0.34825 0.11001 0.22100
0.63703 0.17320 0.12236
0.33817 0.08883 0.15612
0.53690 0.08934 0.15304
0.38100 0.10263 0.13261
0.65681 0.14020 0.12311
0.23531 0.05058 0.15709
0.54566 0.11199 0.16290
0.71107 0.17864 0.04001
0.75730 0.32915 0.06162
0.03177 0.00921 0.62547
0.93263 0.67204 0.01759
0.07649 0.01729 0.52916
0.93305 0.66886 0.01700
0.36686 0.18245 0.29051
0.88393 0.41487 0.01331
0.12620 0.02014 0.35529
0.93983 0.47885 0.00321
0.08433 0.00819 0.44175
0.94335 0.42426 0.00210
0.06999 0.00368 0.32621
0.96196 0.69399 0.00226
0.06009 0.00277 0.33503
0.95957 0.67016 0.00152
0.01647 0.00081 0.63060
0.96670 0.71148 0.00077
0.01264 0.00063 0.62484
0.96616 0.76079 0.00032
0.00277 0.00013 0.81509
0.95802 0.86936 0.00016
0.00126 0.00006 0.83080
0.97261 0.88299 0.00006
0.00027 0.00003 0.88910
0.98118 0.92144 0.00004
0.01661 0.00017 0.83439
0.99205 0.95911 0.00001
0.00003 0.00001 0.99106
1.00000 0.99770 0.00000
0.00000 0.00000 0.99972
1.00000 1.00000 0.00000
0.55465 0.24850 0.12546
0.49966 0.16010 0.16062
0.47738 0.18590 0.16847
0.45524 0.13883 0.18533
0.50787 0.18898 0.12926
0.42003 0.13826 0.22811
0.59166 0.27450 0.10027
0.32150 0.08522 0.36717
0.68977 0.38378 0.06338
0.59289 0.24085 0.19595
0.55312 0.27644 0.12716
0.56264 0.21122 0.23426
0.55557 0.28308 0.11297
0.43454 0.09583 0.34518
0.47487 0.20798 0.18364
0.45492 0.13701 0.23526
0.52530 0.29227 0.15770
0.39116 0.10873 0.39141
0.55528 0.33354 0.15284
0.43104 0.11980 0.41485
0.41175 0.21380 0.21350
0.53329 0.15955 0.25036
0.43084 0.19149 0.16523
0.49331 0.09515 0.29741
0.32507 0.11074 0.14741
0.75307 0.16052 0.12855
0.31033 0.09376 0.12508
0.83229 0.16277 0.08829
0.32164 0.07882 0.12304
0.81943 0.14877 0.07899
0.29158 0.04866 0.10315
0.77038 0.09807 0.09394
0.27694 0.03092 0.13283
0.60833 0.09057 0.06048
0.36804 0.02835 0.11887
0.48260 0.06152 0.08088
0.46960 0.08382 0.16040
0.43973 0.02695 0.05705
0.62575 0.04889 0.08628
0.32406 0.02830 0.03491
0.68198 0.02675 0.04192
0.21869 0.01529 0.04371
0.77306 0.03836 0.01930
0.19757 0.01925 0.07237
0.17987 0.00805 0.07111
0.81106 0.09644 0.01275
0.48620 0.03016 0.02772
0.44182 0.02385 0.03484
0.12425 0.00166 0.07710
0.76645 0.07102 0.00548
0.23817 0.00313 0.03882
0.86437 0.12476 0.00046
0.00345 0.00004 0.05292
0.92651 0.25351 0.00017
0.05815 0.00028 0.09835
0.94905 0.44932 0.00010
0.00098 0.00006 0.17941
0.99947 0.03635 0.00002
0.00278 0.00009 0.02464
0.99909 0.02263 0.00003
0.00276 0.00006 0.00780
0.99804 0.00209 0.00002
0.00354 0.00004 0.00191
0.99646 0.00087 0.00003
0.53272 0.21523 0.14978
0.54411 0.23838 0.15153
0.44872 0.13425 0.19589
0.35470 0.08780 0.23647
0.64817 0.29276 0.07588
0.39329 0.10122 0.21330
0.62232 0.25659 0.09053
0.45827 0.18988 0.21259
0.62570 0.25236 0.10339
0.49938 0.22602 0.19271
0.69973 0.32273 0.11146
0.49749 0.19322 0.15733
0.46487 0.16215 0.21877
0.54475 0.18124 0.10611
0.51953 0.08758 0.14951
0.39468 0.04159 0.04932
0.48690 0.03313 0.08589
0.58192 0.20790 0.03493
0.39673 0.02502 0.12373
0.60950 0.16599 0.02540
0.37261 0.01892 0.11097
0.50367 0.11700 0.01884
0.57532 0.04554 0.04372
0.41970 0.05773 0.03470
0.58391 0.03271 0.03100
0.56312 0.13844 0.02354
0.70994 0.04846 0.02319
0.13869 0.00718 0.06306
0.72548 0.04579 0.01494
0.26255 0.00744 0.02837
0.88908 0.00736 0.00095
0.14369 0.00013 0.00054
0.86475 0.00116 0.00009
0.21172 0.00015 0.00039
0.82335 0.00062 0.00009
0.15828 0.00012 0.00042
0.95547 0.00058 0.00005
0.04033 0.00007 0.00070
0.99259 0.00123 0.00002
0.01068 0.00005 0.00140
0.99490 0.00199 0.00002
0.00468 0.00004 0.00172
0.99310 0.00097 0.00003
0.00656 0.00004 0.00132
0.99115 0.00058 0.00003
0.00664 0.00004 0.00130
0.99072 0.00034 0.00003
0.32248 0.09114 0.30275
0.61738 0.33033 0.09158
0.42215 0.13668 0.23025
0.65350 0.34550 0.07747
0.42479 0.13687 0.24718
0.58967 0.29472 0.11211
0.45694 0.13585 0.22743
0.53034 0.20856 0.08604
0.45340 0.12780 0.25342
0.71215 0.39943 0.04209
0.28184 0.06077 0.41850
0.58874 0.23345 0.07220
0.34043 0.05895 0.34245
0.80166 0.47434 0.03083
0.34121 0.07633 0.38934
0.63378 0.19147 0.06118
0.39278 0.06031 0.22118
0.65673 0.19635 0.06461
0.34315 0.07083 0.23784
0.75483 0.21914 0.01995
0.08320 0.00811 0.56002
0.93762 0.48035 0.00806
0.02761 0.00130 0.53556
0.94091 0.51314 0.00418
0.03794 0.00220 0.54812
0.92881 0.58169 0.00141
0.01141 0.00020 0.58732
0.92838 0.59565 0.00037
0.00608 0.00008 0.62376
0.96037 0.56182 0.00011
0.01059 0.00010 0.38413
0.94789 0.35731 0.00012
0.00739 0.00004 0.35560
0.93810 0.47357 0.00011
0.04832 0.00015 0.27391
0.93658 0.38697 0.00009
0.11164 0.00048 0.21166
0.47418 0.11374 0.00024
0.35157 0.00178 0.06060
0.68581 0.10538 0.00015
0.37088 0.00084 0.06646
0.71140 0.07785 0.00017
0.36370 0.00061 0.03670
0.84911 0.05742 0.00005
0.07812 0.00012 0.08169
0.93862 0.02664 0.00005
0.04765 0.00023 0.00038
0.96388 0.00069 0.00004
0.04087 0.00010 0.00045
0.93873 0.00029 0.00005
0.07308 0.00008 0.00059
0.92153 0.00028 0.00006
0.00860 0.00004 0.00106
0.98955 0.00035 0.00003
0.00955 0.00004 0.00099
0.47445 0.15754 0.16368
0.44569 0.09842 0.17258
0.35740 0.11391 0.19388
0.64230 0.16434 0.15474
0.30842 0.09202 0.17932
0.69537 0.14744 0.10094
0.32428 0.05634 0.13359
0.67915 0.11803 0.05763
0.29532 0.04471 0.15059
0.42608 0.02760 0.03047
0.66808 0.04764 0.04353
0.33732 0.01042 0.01589
0.81194 0.15056 0.00809
0.25475 0.00462 0.03130
0.77209 0.05116 0.00928
0.35931 0.02645 0.02942
0.79840 0.05237 0.00945
0.27962 0.01516 0.03587
0.84817 0.04735 0.00399
0.16269 0.00700 0.06842
0.90950 0.08615 0.00085
0.02775 0.00039 0.11534
0.89211 0.08720 0.00081
0.01912 0.00018 0.08102
0.97861 0.05488 0.00009
0.03775 0.00050 0.05452
0.99657 0.05118 0.00004
0.00202 0.00005 0.01797
0.99962 0.03874 0.00002
0.00141 0.00005 0.01690
0.99930 0.01744 0.00002
0.00296 0.00006 0.00625
0.99911 0.01345 0.00002
0.00326 0.00005 0.00308
0.99886 0.00812 0.00002
0.00256 0.00005 0.00284
0.99752 0.00244 0.00003
0.00389 0.00004 0.00184
0.99665 0.00095 0.00003
0.00458 0.00004 0.00162
1.00000 0.00000 0.00000
0.46032 0.15530 0.16621
0.54292 0.20725 0.11491
0.49916 0.15671 0.14578
0.59631 0.26700 0.08923
0.46234 0.14103 0.19000
0.56284 0.24442 0.11981
0.47585 0.14734 0.18509
0.63519 0.34746 0.10300
0.55989 0.20670 0.17489
0.62092 0.37887 0.12304
0.61915 0.20867 0.13832
0.47166 0.24236 0.13919
0.64906 0.27015 0.21515
0.43116 0.25149 0.17960
0.44409 0.12889 0.42213
0.50839 0.33294 0.10414
0.32238 0.08503 0.49205
0.65522 0.44848 0.06008
0.34516 0.09032 0.38493
0.71407 0.42905 0.04551
0.27291 0.03615 0.37788
0.70777 0.43824 0.05029
0.05290 0.00626 0.70532
0.85342 0.60537 0.02065
0.06875 0.00736 0.67484
0.83853 0.66385 0.02894
0.11374 0.01982 0.72067
0.77284 0.48775 0.04192
0.07972 0.00805 0.68056
0.88191 0.68194 0.03727
0.09035 0.00936 0.79001
0.86178 0.41521 0.02111
0.51487 0.07610 0.20128
0.95507 0.38557 0.00187
0.00079 0.00011 0.32561
0.99987 0.13995 0.00002
0.00062 0.00005 0.09450
0.99988 0.17595 0.00002
0.00062 0.00006 0.11545
0.99985 0.13007 0.00002
0.00108 0.00007 0.07418
0.99958 0.04125 0.00002
0.00275 0.00009 0.02532
0.99934 0.04635 0.00003
0.00229 0.00008 0.02050
0.99811 0.00190 0.00002
0.00276 0.00004 0.00232
1.00000 0.00000 0.00000
0.53753 0.15122 0.11863
0.43976 0.11695 0.13651
0.50906 0.13078 0.12630
0.34341 0.08456 0.18400
0.70081 0.15166 0.10508
0.34081 0.08225 0.14630
0.71449 0.11092 0.09472
0.59916 0.30647 0.07033
0.57194 0.08451 0.17996
0.51901 0.26462 0.08870
0.53648 0.07301 0.17901
0.40143 0.18591 0.11305
0.60881 0.14527 0.16931
0.33961 0.11468 0.09304
0.62198 0.12281 0.14905
0.32203 0.06709 0.07258
0.54183 0.10347 0.15274
0.42238 0.06824 0.06848
0.52481 0.04985 0.04573
0.49059 0.02816 0.03575
0.45714 0.06300 0.04260
0.50484 0.01083 0.06538
0.53262 0.08844 0.03417
0.31386 0.00661 0.11855
0.64239 0.06555 0.01872
0.42174 0.00979 0.08440
0.67230 0.07309 0.02614
0.62249 0.11836 0.04445
0.27531 0.02461 0.16432
0.73407 0.18351 0.02838
0.08232 0.00805 0.27357
0.88234 0.34197 0.01538
0.09021 0.00614 0.29671
0.94975 0.13477 0.00384
0.02102 0.00111 0.07620
0.98377 0.11212 0.00075
0.06837 0.00383 0.09899
0.98438 0.10064 0.00105
0.00347 0.00006 0.02351
0.99259 0.00263 0.00002
0.01711 0.00007 0.00109
0.99732 0.00486 0.00002
0.00868 0.00006 0.00139
0.99766 0.00484 0.00002
0.00449 0.00005 0.00300
0.99713 0.00210 0.00003
0.00322 0.00004 0.00228
1.00000 0.00000 0.00000
0.54345 0.17156 0.12083
0.37754 0.08318 0.22373
0.56746 0.19882 0.10442
0.34297 0.08000 0.27187
0.56544 0.19537 0.12372
0.40843 0.11979 0.23913
0.54659 0.18866 0.13672
0.30409 0.07812 0.32653
0.58394 0.19825 0.13627
0.38528 0.10495 0.24137
0.52948 0.16752 0.14953
0.58051 0.33429 0.14487
0.51154 0.15605 0.17323
0.38948 0.07482 0.18677
0.64502 0.26493 0.08258
0.46081 0.08213 0.13066
0.50463 0.07744 0.09258
0.53493 0.05805 0.07191
0.41249 0.04857 0.10163
0.61475 0.07664 0.05194
0.26605 0.01062 0.06712
0.57547 0.08682 0.04391
0.57640 0.02313 0.03702
0.54516 0.03103 0.02914
0.52343 0.01643 0.02358
0.67045 0.01458 0.00421
0.28057 0.00020 0.00024
0.80284 0.00115 0.00014
0.19940 0.00014 0.00043
0.84638 0.00094 0.00009
0.17615 0.00012 0.00060
0.35268 0.00015 0.00025
0.65150 0.00022 0.00012
0.27424 0.00011 0.00033
0.79065 0.00021 0.00010
0.17156 0.00009 0.00043
0.78755 0.00017 0.00010
0.02370 0.00005 0.00072
0.88456 0.00015 0.00007
0.12809 0.00007 0.00049
0.90667 0.00012 0.00006
0.19736 0.00005 0.00044
0.53382 0.17352 0.12411
0.45736 0.14939 0.16998
0.47089 0.15275 0.17342
0.62806 0.32333 0.11166
0.39487 0.10394 0.20548
0.68973 0.36820 0.08266
0.36969 0.10930 0.26856
0.72199 0.41843 0.07438
0.18045 0.04511 0.49736
0.78966 0.52869 0.05522
0.14236 0.02653 0.51605
0.89245 0.73297 0.01381
0.04839 0.00496 0.69539
0.85084 0.60159 0.01929
0.19969 0.04192 0.43083
0.86284 0.60536 0.01558
0.07550 0.00618 0.56534
0.69899 0.38599 0.04279
0.31076 0.05298 0.33849
0.76004 0.43284 0.02920
0.27679 0.02484 0.28932
0.78702 0.38805 0.02298
0.02703 0.00123 0.66784
0.88861 0.66738 0.00842
0.16860 0.01779 0.55921
0.45816 0.20983 0.11544
0.23637 0.01555 0.34411
0.54210 0.26770 0.07925
0.34376 0.02630 0.29615
0.69334 0.23061 0.03939
0.22530 0.01706 0.41830
0.76943 0.50082 0.03021
0.40434 0.02640 0.17756
0.77651 0.52818 0.03573
0.10939 0.00488 0.65407
0.46280 0.24082 0.10579
0.30093 0.01958 0.28385
0.68159 0.21411 0.04421
0.30308 0.02407 0.20245
0.75381 0.14792 0.03904
0.11167 0.00863 0.51804
0.91017 0.34727 0.00468
0.20906 0.02025 0.24683
0.86311 0.16008 0.00757
0.00063 0.00007 0.35961
0.99986 0.19038 0.00002
0.00097 0.00008 0.20837
0.99981 0.17909 0.00002
0.00113 0.00009 0.19738
0.99977 0.20727 0.00003
0.00145 0.00013 0.18060
0.99974 0.28481 0.00003
0.00031 0.00009 0.89926
1.00000 1.00000 0.00000
0.53982 0.18178 0.11243
0.46298 0.12458 0.10135
0.50719 0.17360 0.13615
0.51157 0.14955 0.11102
0.47944 0.13228 0.11924
0.43130 0.09951 0.13875
0.55052 0.17524 0.10127
0.45912 0.10923 0.12275
0.51636 0.16598 0.12075
0.42196 0.09835 0.13389
0.50700 0.13595 0.14264
0.45656 0.12344 0.10399
0.47015 0.09698 0.08173
0.52054 0.11270 0.04117
0.50176 0.06114 0.09366
0.38585 0.05994 0.04099
0.57395 0.12873 0.06097
0.58051 0.19919 0.03527
0.44300 0.05153 0.06829
0.45215 0.08064 0.02619
0.45191 0.04700 0.04065
0.57908 0.11135 0.01480
0.39313 0.02620 0.05236
0.55685 0.03911 0.03589
0.40548 0.05255 0.01775
0.54741 0.03053 0.06202
0.52679 0.02803 0.02690
0.49013 0.04889 0.01615
0.54737 0.01459 0.03733
0.50520 0.05222 0.02365
0.15420 0.00716 0.10162
0.55439 0.04792 0.01382
0.47031 0.01304 0.05288
0.63101 0.04757 0.00764
0.36297 0.00658 0.03575
0.47961 0.00034 0.00016
0.47372 0.00025 0.00020
0.55462 0.00024 0.00015
0.55982 0.00024 0.00014
0.45350 0.00019 0.00018
0.15140 0.00009 0.00054
0.85182 0.00026 0.00008
0.23764 0.00010 0.00041
0.94878 0.00035 0.00005
0.10779 0.00007 0.00063
0.64518 0.00015 0.00015
0.30997 0.00010 0.00036
0.72488 0.00015 0.00013
0.49092 0.00012 0.00023
0.43533 0.10451 0.13214
0.56383 0.19108 0.11199
0.50474 0.19994 0.13397
0.63730 0.23904 0.08457
0.50272 0.20182 0.13830
0.64449 0.29138 0.12187
0.41722 0.09547 0.14116
0.56819 0.21654 0.08502
0.56622 0.23136 0.12038
0.68204 0.29461 0.03060
0.46433 0.06619 0.07682
0.57839 0.17129 0.04316
0.43606 0.06762 0.09164
0.57451 0.14318 0.03225
0.45614 0.05680 0.07379
0.49227 0.06072 0.04879
0.47885 0.07864 0.04446
0.24004 0.01321 0.07248
0.79473 0.02567 0.00907
0.27014 0.01358 0.04463
0.75743 0.01872 0.00484
0.34622 0.01405 0.02946
0.76868 0.02750 0.00558
0.41621 0.02176 0.01543
0.77689 0.03470 0.00753
0.31236 0.01055 0.01902
0.77888 0.01180 0.00479
0.32865 0.00627 0.02182
0.76418 0.01586 0.00639
0.15267 0.00015 0.00063
0.87993 0.00159 0.00011
0.10767 0.00010 0.00093
0.91816 0.00176 0.00008
0.06955 0.00009 0.00127
0.98855 0.00373 0.00003
0.01521 0.00006 0.00181
0.99469 0.00309 0.00002
0.00770 0.00006 0.00185
0.99093 0.00104 0.00003
0.00842 0.00005 0.00114
0.98675 0.00050 0.00003
0.00504 0.00004 0.00157
0.99525 0.00077 0.00003
0.00585 0.00004 0.00137
0.99254 0.00042 0.00003
0.00837 0.00004 0.00107
0.64836 0.27053 0.10693
0.39201 0.11156 0.20739
0.71392 0.36047 0.07685
0.36203 0.11334 0.23776
0.62612 0.20259 0.10150
0.32065 0.08419 0.20892
0.73201 0.27761 0.06998
0.27426 0.08047 0.21912
0.74367 0.29596 0.06438
0.40143 0.10359 0.17985
0.81136 0.24408 0.05517
0.34605 0.06206 0.14392
0.64818 0.12398 0.10663
0.44738 0.15693 0.10187
0.59992 0.10643 0.11487
0.48071 0.18721 0.07592
0.51989 0.05430 0.13707
0.49715 0.18356 0.08440
0.56926 0.11389 0.14142
0.17374 0.04956 0.18977
0.58670 0.08503 0.11297
0.35033 0.06332 0.11776
0.61079 0.13520 0.08615
0.20067 0.04218 0.20339
0.74622 0.24763 0.06826
0.15008 0.02555 0.20760
0.85570 0.31337 0.03309
0.17404 0.02667 0.16524
0.91955 0.30611 0.01107
0.17956 0.02336 0.16018
0.88354 0.21678 0.01419
0.17840 0.02092 0.17022
0.76831 0.24747 0.03917
0.21606 0.04430 0.17981
0.71168 0.09310 0.04277
0.34971 0.09452 0.13415
0.54101 0.05081 0.05028
0.48855 0.10329 0.10652
0.57232 0.06151 0.05252
0.55314 0.13305 0.07796
0.32543 0.02554 0.12292
0.29757 0.07894 0.15072
0.65447 0.07510 0.06384
0.30252 0.03271 0.10787
0.50941 0.05040 0.04398
0.55269 0.02554 0.03552
0.47894 0.03665 0.01742
0.69318 0.02785 0.01697
0.51381 0.03190 0.02466
0.78034 0.02238 0.02900
0.36275 0.01295 0.00810
0.26695 0.00526 0.05676
0.69112 0.02663 0.00879
0.42244 0.00378 0.02853
0.03762 0.00006 0.00082
0.97243 0.00057 0.00003
0.07904 0.00007 0.00050
0.95115 0.00035 0.00004
0.06699 0.00006 0.00046
0.96671 0.00027 0.00004
0.04983 0.00006 0.00047
0.97960 0.00035 0.00003
0.02158 0.00005 0.00062
0.97235 0.00022 0.00004
0.00955 0.00004 0.00098
0.99131 0.00036 0.00003
0.00752 0.00004 0.00114
1.00000 0.00000 0.00000
0.48548 0.16120 0.14641
0.63324 0.33014 0.07504
0.41697 0.12272 0.24519
0.58525 0.28618 0.08335
0.52717 0.22490 0.18777
0.44390 0.15857 0.14649
0.50577 0.17080 0.21357
0.43789 0.18185 0.13333
0.39591 0.06774 0.17929
0.49778 0.16633 0.11493
0.48805 0.12426 0.13617
0.46553 0.10048 0.14171
0.57641 0.18243 0.15437
0.72493 0.22343 0.04571
0.45469 0.13961 0.20929
0.47684 0.08024 0.09414
0.58130 0.08244 0.02982
0.67060 0.05965 0.02973
0.19919 0.01859 0.03344
0.80821 0.07182 0.00861
0.36974 0.04043 0.06215
0.80204 0.04678 0.00426
0.17132 0.00101 0.00986
0.77519 0.02945 0.00568
0.27791 0.00063 0.00156
0.78689 0.00092 0.00012
0.23858 0.00019 0.00044
0.73577 0.00050 0.00012
0.24873 0.00014 0.00039
0.70225 0.00027 0.00011
0.24446 0.00012 0.00034
0.73459 0.00020 0.00011
0.33530 0.00011 0.00028
0.52135 0.00015 0.00019
0.13359 0.00008 0.00047
0.85621 0.00016 0.00009
0.14698 0.00008 0.00047
0.88715 0.00015 0.00007
0.49931 0.14583 0.13230
0.50531 0.14849 0.11313
0.55987 0.19684 0.11508
0.44965 0.14456 0.14872
0.50568 0.13928 0.13474
0.47185 0.14662 0.12470
0.54088 0.14584 0.08413
0.42221 0.07689 0.11803
0.50500 0.10427 0.09521
0.41441 0.13303 0.09949
0.36110 0.08557 0.27283
0.51418 0.21504 0.06414
0.27459 0.03977 0.36569
0.47601 0.18475 0.07373
0.15914 0.01241 0.32015
0.81777 0.37684 0.02164
0.13797 0.00913 0.37497
0.73970 0.29724 0.02972
0.34791 0.05695 0.21905
0.37458 0.12987 0.10751
0.43656 0.08800 0.15957
0.16988 0.03620 0.24929
0.85676 0.38423 0.02110
0.21049 0.01559 0.18684
0.81564 0.26966 0.01845
0.20528 0.01344 0.21812
0.78665 0.23398 0.01738
0.29613 0.00873 0.11616
0.78526 0.16468 0.01402
0.44052 0.01582 0.05414
0.49954 0.04337 0.02855
0.66964 0.00388 0.01261
0.60965 0.06477 0.01319
0.69137 0.00276 0.01295
0.11989 0.00014 0.00046
0.95478 0.00294 0.00008
0.01944 0.00007 0.00387
0.99741 0.00971 0.00002
0.00500 0.00004 0.00289
0.99850 0.00870 0.00002
0.00566 0.00005 0.00256
0.99847 0.00826 0.00002
0.00631 0.00005 0.00213
0.99442 0.00143 0.00003
0.00702 0.00005 0.00114
0.99474 0.00108 0.00003
0.00517 0.00004 0.00145
0.99285 0.00070 0.00003
0.00550 0.00004 0.00140
0.99133 0.00036 0.00003
0.00830 0.00004 0.00108
0.38799 0.10214 0.22959
0.64881 0.31410 0.07205
0.32588 0.12067 0.33758
0.65114 0.38251 0.10089
0.34343 0.12262 0.35299
0.66179 0.38136 0.11038
0.28431 0.08602 0.32853
0.77278 0.42906 0.06435
0.21120 0.02983 0.26498
0.80562 0.41464 0.05877
0.21359 0.03414 0.23553
0.77933 0.52671 0.07128
0.22171 0.03091 0.26589
0.81301 0.54274 0.04359
0.26529 0.06663 0.36981
0.78161 0.44852 0.04013
0.26635 0.03565 0.26325
0.72589 0.51339 0.04917
0.46352 0.15664 0.31213
0.34057 0.23374 0.32222
0.57579 0.22034 0.21245
0.54353 0.37562 0.15871
0.55438 0.20703 0.24129
0.69599 0.49528 0.07945
0.19642 0.06151 0.62609
0.86104 0.77452 0.04683
0.02981 0.00395 0.88077
0.93554 0.85862 0.01188
0.01471 0.00201 0.89467
0.96585 0.90025 0.00544
0.00402 0.00039 0.91663
0.98146 0.93762 0.00267
0.00630 0.00058 0.90986
0.98162 0.93514 0.00251
0.00260 0.00023 0.92555
0.99089 0.94318 0.00109
0.00761 0.00081 0.93910
0.98806 0.91997 0.00158
0.02242 0.00184 0.91344
0.99314 0.94897 0.00028
0.02669 0.00159 0.94183
0.98938 0.96510 0.00134
0.00207 0.00022 0.98613
0.99423 0.97373 0.00097
0.00778 0.00039 0.97983
0.99349 0.93438 0.00044
0.00002 0.00001 0.99010
0.99999 0.97292 0.00000
0.00001 0.00001 0.99916
1.00000 0.99808 0.00000
0.00000 0.00000 0.99950
1.00000 0.99784 0.00000
0.00000 0.00000 0.99975
1.00000 0.99741 0.00000
0.00000 0.00000 0.99972
1.00000 0.99834 0.00000
0.50978 0.15171 0.12374
0.40181 0.09892 0.19830
0.57431 0.19643 0.10408
0.47171 0.13529 0.16670
0.58623 0.19394 0.09104
0.45321 0.11060 0.13242
0.52702 0.20696 0.12555
0.53847 0.12926 0.09918
0.34373 0.05593 0.14918
0.56502 0.12723 0.09822
0.25681 0.03210 0.14386
0.57467 0.11530 0.09836
0.30799 0.01427 0.04360
0.71525 0.11548 0.03997
0.31634 0.01555 0.05094
0.68575 0.04367 0.04207
0.31765 0.02901 0.03362
0.42873 0.01003 0.02365
0.64422 0.06491 0.01359
0.16846 0.00678 0.17429
0.84256 0.21359 0.01393
0.09465 0.00158 0.16488
0.86705 0.19614 0.00825
0.03952 0.00114 0.34024
0.91143 0.35569 0.00263
0.01472 0.00034 0.43327
0.90533 0.38992 0.00067
0.00491 0.00015 0.42660
0.92626 0.51441 0.00014
0.00294 0.00008 0.59525
0.91116 0.54410 0.00017
0.00284 0.00009 0.62340
0.92961 0.64849 0.00012
0.00062 0.00003 0.81253
0.96888 0.77561 0.00006
0.00006 0.00002 0.98764
0.99992 0.96202 0.00002
0.00032 0.00013 0.84760
0.99990 0.95202 0.00003
0.44941 0.14806 0.16033
0.50649 0.16411 0.14050
0.42422 0.12644 0.16722
0.39937 0.12016 0.19286
0.53082 0.15694 0.14105
0.45510 0.14270 0.18384
0.58413 0.16357 0.13671
0.36139 0.11341 0.22842
0.45397 0.11310 0.20557
0.45759 0.16930 0.20426
0.70262 0.29662 0.11969
0.24979 0.05491 0.23945
0.69937 0.18006 0.07482
0.30376 0.05532 0.20549
0.86308 0.34212 0.02891
0.04160 0.00635 0.63133
0.97410 0.70186 0.00376
0.03569 0.00366 0.64572
0.96814 0.71734 0.00423
0.01929 0.00186 0.69375
0.97679 0.72950 0.00305
0.02065 0.00146 0.66636
0.97574 0.74902 0.00281
0.05933 0.00157 0.69114
0.96231 0.69569 0.00014
0.00412 0.00013 0.62254
0.96327 0.72715 0.00010
0.00255 0.00007 0.65266
0.96688 0.77797 0.00007
0.00121 0.00002 0.68539
0.97405 0.84395 0.00006
0.02211 0.00016 0.61294
0.96552 0.74391 0.00004
0.01237 0.00008 0.79636
0.99235 0.95426 0.00002
0.01073 0.00003 0.89424
0.98861 0.93240 0.00001
0.02291 0.00004 0.83350
0.98967 0.90504 0.00001
0.02559 0.00004 0.76407
0.97894 0.79819 0.00002
0.01984 0.00003 0.68748
0.98797 0.86177 0.00001
0.01513 0.00004 0.64881
0.99433 0.93219 0.00001
0.00118 0.00001 0.86244
0.99392 0.91715 0.00000
0.01105 0.00002 0.74540
0.98108 0.89654 0.00002
0.04989 0.00011 0.44567
0.96303 0.78812 0.00003
0.06337 0.00013 0.34919
0.94578 0.77291 0.00005
0.01072 0.00003 0.55414
0.98002 0.82179 0.00003
0.00003 0.00002 0.98797
0.99998 0.98758 0.00001
0.00001 0.00001 0.99905
1.00000 1.00000 0.00000
0.51455 0.17219 0.14892
0.51298 0.17953 0.14498
0.57813 0.26073 0.13520
0.49544 0.18742 0.17615
0.64591 0.31327 0.11645
0.43215 0.16630 0.19948
0.55110 0.17317 0.18933
0.79530 0.57350 0.04853
0.42819 0.12869 0.30482
0.37951 0.14935 0.22506
0.79270 0.39003 0.10206
0.52446 0.30604 0.11363
0.51100 0.11847 0.20847
0.49376 0.17042 0.07349
0.70531 0.21512 0.10387
0.22844 0.10804 0.30336
0.68669 0.24551 0.18937
0.21599 0.12579 0.20474
0.77574 0.21920 0.08313
0.13024 0.01823 0.19422
0.84710 0.28648 0.02229
0.11891 0.01548 0.17650
0.51668 0.14757 0.04892
0.40176 0.04408 0.14849
0.52524 0.13538 0.02917
0.35207 0.02870 0.12960
0.88537 0.20787 0.01375
0.11017 0.00950 0.24891
0.91230 0.32605 0.01770
0.12046 0.00939 0.25945
0.89739 0.32143 0.01733
0.06126 0.00334 0.37653
0.89051 0.35827 0.00821
0.05994 0.00188 0.43785
0.95303 0.34544 0.00029
0.01962 0.00023 0.30804
0.96232 0.43214 0.00008
0.00406 0.00002 0.38050
0.97625 0.54682 0.00003
0.02614 0.00009 0.34896
0.90552 0.12157 0.00002
0.10276 0.00029 0.13484
0.93138 0.29990 0.00007
0.05024 0.00025 0.22640
0.95419 0.27456 0.00009
0.05801 0.00010 0.02677
0.99685 0.00465 0.00002
0.00463 0.00005 0.00273
0.99704 0.00379 0.00002
0.00402 0.00004 0.00191
0.99555 0.00165 0.00002
0.00453 0.00004 0.00161
0.99246 0.00074 0.00003
0.00484 0.00004 0.00155
0.99299 0.00044 0.00003
0.00683 0.00004 0.00126
1.00000 0.00000 0.00000
0.43431 0.13153 0.18220
0.51709 0.17562 0.13614
0.56907 0.19934 0.14118
0.33692 0.09720 0.22008
0.73940 0.26720 0.06122
0.27387 0.04135 0.19117
0.80960 0.38625 0.03144
0.20457 0.03051 0.28899
0.86956 0.44399 0.02924
0.19966 0.02948 0.27149
0.81545 0.30047 0.04223
0.18238 0.02256 0.25358
0.83002 0.25729 0.02811
0.59466 0.27244 0.13448
0.72530 0.13474 0.04821
0.29241 0.02189 0.10372
0.72193 0.08903 0.03735
0.21288 0.01118 0.11728
0.74406 0.18060 0.03548
0.19273 0.00723 0.10836
0.88777 0.02393 0.00245
0.23153 0.01141 0.04185
0.85211 0.01395 0.00359
0.30944 0.01266 0.04161
0.86179 0.01896 0.00357
0.50063 0.02469 0.01657
0.56496 0.00031 0.00015
0.38750 0.00017 0.00019
0.63026 0.00022 0.00011
0.33226 0.00012 0.00025
0.67262 0.00021 0.00011
0.26980 0.00011 0.00033
0.69152 0.00018 0.00012
0.30412 0.00011 0.00030
0.68496 0.00015 0.00013
0.32479 0.00010 0.00029
0.87748 0.00017 0.00007
0.12080 0.00007 0.00048
0.93037 0.00017 0.00006
0.06645 0.00006 0.00056
0.94178 0.00015 0.00005
0.05262 0.00006 0.00061
0.95276 0.00012 0.00004
0.04940 0.00005 0.00057
0.46672 0.14838 0.14442
0.46913 0.14692 0.16006
0.51850 0.17758 0.13756
0.40133 0.13943 0.20291
0.51611 0.14116 0.13462
0.34547 0.11552 0.19102
0.62284 0.20109 0.09887
0.27531 0.08509 0.19531
0.73848 0.31554 0.06639
0.37635 0.13685 0.25265
0.48935 0.19835 0.21774
0.54249 0.28225 0.13137
0.29353 0.09054 0.32801
0.67321 0.48569 0.09128
0.29105 0.10219 0.45291
0.57828 0.28997 0.09629
0.49866 0.19581 0.29423
0.38480 0.18668 0.22303
0.53770 0.24412 0.24196
0.32071 0.14848 0.23920
0.69431 0.39385 0.14386
0.35682 0.13956 0.20176
0.59390 0.24787 0.14446
0.70909 0.38311 0.06576
0.42484 0.17212 0.20445
0.52082 0.12734 0.21164
0.27922 0.02997 0.08365
0.72222 0.10457 0.06656
0.18302 0.01517 0.09698
0.74398 0.10153 0.06643
0.22775 0.02457 0.17319
0.78320 0.15004 0.03358
0.20100 0.02284 0.15168
0.84106 0.16959 0.03466
0.19206 0.01147 0.15190
0.78936 0.13847 0.03949
0.30991 0.01879 0.10063
0.58086 0.10638 0.07259
0.37199 0.03487 0.07147
0.46424 0.06559 0.03431
0.21150 0.00886 0.07228
0.80808 0.14549 0.01471
0.26121 0.01018 0.09196
0.89601 0.06799 0.00599
0.10899 0.00447 0.07286
0.91997 0.12019 0.00648
0.03293 0.00162 0.24310
0.90359 0.19964 0.00324
0.01544 0.00045 0.28678
0.92939 0.15714 0.00074
0.00611 0.00015 0.17596
0.94416 0.22299 0.00039
0.00117 0.00006 0.52197
0.99987 0.52985 0.00003
0.00028 0.00007 0.56477
0.99982 0.45142 0.00003
0.00053 0.00013 0.49422
0.99977 0.62843 0.00005
0.00047 0.00015 0.76451
0.99989 0.94909 0.00003
0.00016 0.00004 0.94245
1.00000 1.00000 0.00000
0.55129 0.25283 0.12505
0.52616 0.21563 0.14331
0.57839 0.26576 0.13512
0.33131 0.12215 0.33696
0.64658 0.35154 0.08492
0.29237 0.08350 0.34541
0.64690 0.32500 0.07873
0.22677 0.04727 0.42426
0.79873 0.59057 0.03001
0.31684 0.12013 0.47226
0.46532 0.30011 0.25305
0.58823 0.25974 0.28197
0.49295 0.32216 0.19668
0.64753 0.27772 0.23722
0.48610 0.30963 0.15192
0.87542 0.36648 0.11166
0.40407 0.28873 0.14299
0.75924 0.14056 0.19834
0.50096 0.40052 0.06648
0.68232 0.08270 0.27797
0.67478 0.55341 0.04228
0.37858 0.06210 0.43494
0.70783 0.52256 0.04700
0.60423 0.06723 0.32660
0.67851 0.46405 0.03883
0.41293 0.03068 0.52888
0.69708 0.39304 0.03758
0.74180 0.05427 0.17388
0.63381 0.31242 0.04064
0.25698 0.02398 0.47318
0.62996 0.31892 0.04569
0.71802 0.06335 0.20550
0.59034 0.32705 0.04110
0.69787 0.04297 0.19509
0.44540 0.16962 0.05650
0.64320 0.06713 0.23473
0.41947 0.16655 0.07942
0.73109 0.17588 0.19009
0.27837 0.10215 0.14939
0.74515 0.08004 0.20342
0.23015 0.10389 0.14013
0.88605 0.17088 0.07557
0.20426 0.04247 0.14532
0.91641 0.15131 0.03505
0.20956 0.03653 0.10491
0.82290 0.18467 0.04435
0.20400 0.02933 0.14612
0.80065 0.17701 0.05266
0.07070 0.01134 0.23251
0.87632 0.23491 0.02564
0.06835 0.01854 0.27495
0.90784 0.28040 0.01550
0.04434 0.00447 0.25940
0.91753 0.26167 0.01157
0.07086 0.00280 0.19403
0.91403 0.29454 0.01073
0.13307 0.02386 0.30011
0.89845 0.31606 0.01876
0.06327 0.00115 0.46055
0.95438 0.37388 0.00293
0.05104 0.00097 0.50742
0.94678 0.40529 0.00173
0.06637 0.00055 0.44605
0.86062 0.29572 0.00378
0.05886 0.00036 0.38122
0.85541 0.25728 0.00367
0.17709 0.00160 0.22674
0.83390 0.19521 0.00509
0.14431 0.00176 0.25010
0.60506 0.11617 0.00674
0.41258 0.00352 0.07482
0.44119 0.02583 0.00351
0.92020 0.00151 0.00006
0.09038 0.00010 0.00068
0.97782 0.00341 0.00005
0.04300 0.00008 0.00082
0.99202 0.00274 0.00003
0.02339 0.00007 0.00075
0.97935 0.00047 0.00003
0.02138 0.00006 0.00067
0.97545 0.00034 0.00004
0.02252 0.00005 0.00060
0.92413 0.00019 0.00006
0.07620 0.00006 0.00056
0.93963 0.00017 0.00005
0.54702 0.20061 0.11877
0.50068 0.17679 0.13958
0.43995 0.12766 0.17700
0.50628 0.15346 0.14275
0.45337 0.14893 0.16819
0.50741 0.18650 0.15702
0.43820 0.13497 0.17687
0.37210 0.10084 0.21950
0.50979 0.12174 0.19977
0.37424 0.10776 0.21349
0.61891 0.17068 0.13920
0.47393 0.12682 0.14161
0.54616 0.07913 0.11067
0.36829 0.04766 0.10485
0.61156 0.08572 0.07643
0.32060 0.05530 0.11865
0.55762 0.09087 0.11647
0.33929 0.07491 0.16587
0.42637 0.04322 0.08551
0.48567 0.09802 0.13574
0.50237 0.07348 0.07149
0.56219 0.08067 0.08574
0.35842 0.05260 0.12212
0.65922 0.05882 0.03404
0.61559 0.10008 0.04861
0.13218 0.00852 0.11100
0.86061 0.15973 0.01615
0.12662 0.00568 0.09343
0.84851 0.13750 0.00993
0.12385 0.00394 0.08101
0.86848 0.12748 0.00638
0.10224 0.00199 0.08306
0.86780 0.12299 0.00310
0.06968 0.00147 0.10295
0.87759 0.10795 0.00235
0.06378 0.00068 0.11459
0.87869 0.09315 0.00147
0.03223 0.00017 0.10431
0.89305 0.08126 0.00029
0.01848 0.00009 0.13691
0.90704 0.07931 0.00010
0.00543 0.00004 0.08290
0.93877 0.12121 0.00005
0.00340 0.00004 0.06627
0.99873 0.01328 0.00002
0.00253 0.00005 0.00787
0.99873 0.01099 0.00002
0.00356 0.00005 0.00431
0.99887 0.01201 0.00002
0.00328 0.00006 0.00611
0.99661 0.00257 0.00003
0.00490 0.00004 0.00164
0.99552 0.00121 0.00003
0.00636 0.00004 0.00128
0.99213 0.00045 0.00003
1.00000 0.00000 0.00000
